date,market_amount_100mn,top10_amount_100mn,top100_amount_100mn,top1000_amount_100mn,top10_names,top10_share_pct,top100_share_pct,top1000_share_pct,上证指数
2026-01-05,25601.07957869,1681.4338653300001,7135.82811831,18430.15230249,中国卫星、三花智控、中际旭创、蓝色光标、航天发展、胜宏科技、航天电子、新易盛、金风科技、信维通信,6.567824064457045,27.873153147220275,71.98974654893466,4023.42
2026-01-06,28214.94586019,1726.79921245,7771.0606372600005,20382.57241188,东方财富、中际旭创、中国卫星、三花智控、航天发展、新易盛、蓝色光标、利欧股份、航天电子、胜宏科技,6.120157809292254,27.542355302636295,72.24033855276284,4083.67
2026-01-07,28720.75633316,1558.06769742,7711.51957509,20771.1387267,三花智控、航天发展、中际旭创、金风科技、中国卫星、蓝色光标、兆易创新、中国卫通、北方稀土、航天电子,5.424883938801808,26.8499878124259,72.32100187667535,4085.77
2026-01-08,28175.56212606,1604.63264226,7280.32868236,20329.72599204,寒武纪、岩山科技、中际旭创、金风科技、航天发展、蓝色光标、中国卫星、立讯精密、中国卫通、海光信息,5.695122017728446,25.83916036807768,72.15375473640235,4082.98
2026-01-09,31449.41170398,1797.49183866,7951.18682302,22496.781204,中际旭创、岩山科技、蓝色光标、航天电子、金风科技、新易盛、信维通信、中国卫星、航天发展、三花智控,5.715502266239604,25.282466005600217,71.5332338033941,4120.43
2026-01-12,36349.34151732,1867.91057272,8628.63358106,25310.11904471,蓝色光标、航天发展、中际旭创、新易盛、宁德时代、东方财富、信维通信、阳光电源、三花智控、寒武纪,5.138774169622755,23.738073981198713,69.630199580507,4165.29
2026-01-13,36870.67581412,2136.4365227499998,9130.6060304,25849.10469469,金风科技、蓝色光标、岩山科技、中国卫星、航天电子、中际旭创、昆仑万维、三花智控、信维通信、新易盛,5.794405650497542,24.7638694675169,70.1074881974114,4138.76
2026-01-14,39757.08981572,2255.40341107,9797.71533729,27858.21936535,特变电工、金风科技、岩山科技、蓝色光标、中际旭创、东方财富、航天电子、中国卫星、新易盛、三花智控,5.672959015672749,24.64394497359807,70.07107284380464,4126.09
2026-01-15,29305.58137619,1747.74155328,7457.57773184,20859.95692104,中际旭创、利欧股份、蓝色光标、新易盛、特变电工、紫金矿业、立讯精密、信维通信、东方财富、宁德时代,5.963852178343042,25.447636189531742,71.18083293849327,4112.6
2026-01-16,30471.38150687,1734.00791957,7817.25087899,21612.25982598,中际旭创、特变电工、新易盛、工业富联、三花智控、立讯精密、中国卫星、航天电子、兆易创新、紫金矿业,5.69061143216974,25.65440256533017,70.92641933910137,4101.91
2026-01-19,27226.08351913,1486.09778542,6700.91168054,18935.62491091,特变电工、金风科技、岩山科技、三花智控、新易盛、中际旭创、兆易创新、宁德时代、长电科技、信维通信,5.458360488668213,24.612102860228518,69.54957328917752,4114.0
2026-01-20,27949.87503129,1493.64699894,6957.07438108,19410.36673741,特变电工、新易盛、中际旭创、信维通信、海格通信、三花智控、金风科技、蓝色光标、宁德时代、航天电子,5.344020312319307,24.891253979817538,69.44706091057657,4113.65
2026-01-21,26143.46115047,1497.68969264,6503.77973556,18438.65221471,海光信息、特变电工、新易盛、航天电子、信维通信、中际旭创、紫金矿业、澜起科技、宁德时代、兆易创新,5.7287353193977335,24.877271215648033,70.5287341587459,4116.94
2026-01-22,27084.43182507,1700.45741955,7084.80445931,19280.23120323,中际旭创、澜起科技、航天电子、新易盛、通富微电、宁德时代、海光信息、信维通信、工业富联、中国长城,6.27835736238711,26.158217034304315,71.18565871255883,4122.58
2026-01-23,31098.36696335,1785.52366975,7656.90961139,21889.33261036,中际旭创、航天电子、新易盛、信维通信、蓝色光标、利欧股份、特变电工、中国卫星、三花智控、紫金矿业,5.7415351483062524,24.6215809994583,70.3874021300121,4136.16
2026-01-26,32703.15760591,1675.41136461,7814.94462621,22454.64292308,紫金矿业、航天电子、特变电工、金风科技、蓝色光标、信维通信、中际旭创、中国平安、中国卫星、新易盛,5.123087454733195,23.896605705125275,68.66200259213524,4132.61
2026-01-27,29124.90871603,1637.5597756500001,7231.34883345,20403.92915168,紫金矿业、中际旭创、蓝色光标、新易盛、工业富联、航天电子、天孚通信、特变电工、信维通信、湖南白银,5.622540457092341,24.828743341159218,70.0566286769164,4139.9
2026-01-28,29813.595256,1626.83959364,7738.68067347,21651.13640834,紫金矿业、中际旭创、蓝色光标、宁德时代、阳光电源、新易盛、北方稀土、中国平安、洛阳钼业、中芯国际,5.456703828138934,25.95688512915123,72.62168893898397,4151.24
2026-01-29,32486.46595338,2092.4190317000002,8735.47659069,23531.01479231,紫金矿业、蓝色光标、贵州茅台、北方稀土、工业富联、中国平安、洛阳钼业、中国铝业、中际旭创、铜陵有色,6.440894601163283,26.889587199869403,72.43328599078275,4157.98
2026-01-30,28540.06212568,1810.47595214,7376.76805588,20219.68827753,紫金矿业、中际旭创、蓝色光标、新易盛、天孚通信、宁德时代、澜起科技、湖南黄金、贵州茅台、利欧股份,6.343630031943609,25.847063763895857,70.84668627731041,4117.95
2026-02-02,25991.64581214,1971.26568188,7067.91766953,18317.18182254,新易盛、中际旭创、紫金矿业、蓝色光标、特变电工、天孚通信、澜起科技、宁德时代、利欧股份、贵州茅台,7.58422800975256,27.19303625716832,70.47334345401296,4015.75
2026-02-03,25586.23639324,1879.64488678,7346.84042411,18870.3693306,新易盛、寒武纪、中际旭创、紫金矿业、蓝色光标、天孚通信、信维通信、利欧股份、航天发展、特变电工,7.346312516977334,28.71403324504212,73.75203230587533,4067.74
2026-02-04,24967.53952573,1720.58173263,6845.95417534,18095.38450627,中际旭创、新易盛、宁德时代、航天发展、贵州茅台、信维通信、蓝色光标、利欧股份、紫金矿业、寒武纪,6.891274692313494,27.419418594631573,72.47564177327932,4102.2
2026-02-05,21880.57177475,1259.07486908,5563.63394524,15584.0321299,中际旭创、贵州茅台、新易盛、紫金矿业、航天发展、蓝色光标、网宿科技、天孚通信、宁德时代、利欧股份,5.754305152724401,25.427278603662394,71.22314850969227,4075.92
2026-02-06,21578.64214537,1265.31824404,5485.64699244,15261.56719953,中际旭创、新易盛、宁德时代、天孚通信、紫金矿业、贵州茅台、网宿科技、蓝色光标、航天发展、信维通信,5.863752851156541,25.421650516675452,70.72533617600486,4065.58
2026-02-09,22648.19874529,1302.11053671,5830.81189032,16115.9043397,中际旭创、新易盛、天孚通信、蓝色光标、阳光电源、寒武纪、紫金矿业、宁德时代、网宿科技、信维通信,5.749289607328227,25.745146251564915,71.15755438631305,4123.09
2026-02-10,21198.84961274,1093.96575258,5375.69999836,15173.45469609,蓝色光标、中际旭创、新易盛、网宿科技、协鑫集成、寒武纪、阳光电源、三花智控、天孚通信、中文在线,5.1604958408806905,25.35845150356335,71.57678352022988,4128.37
2026-02-11,19959.66781931,1284.6701289,5257.59036823,14362.94519181,中际旭创、新易盛、光线传媒、网宿科技、北方稀土、捷成股份、中文在线、协鑫集成、天孚通信、蓝色光标,6.436330206142732,26.34107148388281,71.9598408241772,4131.98
2026-02-12,21555.66335197,1255.92607365,5610.07466538,15550.57628065,新易盛、中际旭创、天孚通信、蓝色光标、网宿科技、利欧股份、昆仑万维、宁德时代、寒武纪、紫金矿业,5.8264320292199185,26.0259894292109,72.14148795485254,4134.02
2026-02-13,19938.77457834,1103.03271574,5104.08751225,14344.95923407,中际旭创、紫金矿业、网宿科技、利欧股份、光线传媒、新易盛、大位科技、蓝色光标、天孚通信、兆易创新,5.532098832885411,25.5988024349034,71.94503943915038,4082.07
2026-02-24,22139.12684563,1165.04127838,5389.41586382,15710.07745343,中际旭创、新易盛、天孚通信、润泽科技、网宿科技、兆易创新、紫金矿业、利欧股份、华胜天成、寒武纪,5.26236326528824,24.343398461009343,70.96069128187403,4117.41
2026-02-25,24745.37261984,1206.16308056,6077.51940824,17737.30245985,胜宏科技、北方稀土、新易盛、中际旭创、紫金矿业、天孚通信、华工科技、工业富联、沪电股份、利欧股份,4.874297506407074,24.56022587175451,71.67927002897032,4147.23
2026-02-26,25496.76082474,1473.10018835,6495.5729201,18388.277578100002,胜宏科技、寒武纪、天孚通信、宁德时代、润泽科技、中际旭创、新易盛、阳光电源、沪电股份、航天发展,5.777597391589533,25.47607111644245,72.12005361974256,4146.63
2026-02-27,24996.53663835,1508.03237066,6476.75359931,18171.11011745,中际旭创、新易盛、华胜天成、胜宏科技、天孚通信、寒武纪、北方稀土、包钢股份、润泽科技、网宿科技,6.032965256260173,25.910603908916258,72.69451116508539,4162.88
2026-03-02,30387.67681495,1640.72015952,7564.69680119,21353.80610832,中际旭创、新易盛、天孚通信、紫金矿业、华胜天成、比亚迪、北方稀土、特变电工、胜宏科技、中国卫星,5.399294488721183,24.893962270483122,70.27126896984257,4182.59
2026-03-03,31490.117316930002,1525.9591948,7683.07673473,22157.4912083,中际旭创、新易盛、紫金矿业、天孚通信、烽火通信、宁德时代、胜宏科技、华工科技、北方稀土、阳光电源,4.845835216941539,24.398374440476772,70.36331743479244,4122.68
2026-03-04,23810.66577628,1206.36344503,6022.82511266,16939.83377916,中际旭创、中国石油、特变电工、新易盛、紫金矿业、华工科技、华胜天成、中国海油、天孚通信、中国石化,5.066483467386998,25.294652275787648,71.14388962628391,4082.47
2026-03-05,24074.03700895,1586.88028313,6317.65818109,17424.63078551,新易盛、中际旭创、佰维存储、特变电工、华工科技、胜宏科技、ST洲际、天孚通信、宁德时代、寒武纪,6.59166670941,26.242620540714817,72.37934700786597,4108.57
2026-03-06,22148.00211425,1210.78492493,5501.75124906,15699.51028585,新易盛、华工科技、特变电工、航天发展、中际旭创、佰维存储、天孚通信、中国西电、华胜天成、岩山科技,5.466790723082793,24.84084668530973,70.88454391897024,4124.19
2026-03-09,26647.95456908,1370.85498237,6614.11932357,19033.80433536,新易盛、中际旭创、华工科技、紫金矿业、拓维信息、特变电工、阳光电源、网宿科技、华胜天成、天孚通信,5.144315969228732,24.820364003638975,71.42688676543,4096.6
2026-03-10,24123.97197731,1373.30914358,6153.99182614,17407.05128446,宁德时代、新易盛、中际旭创、华工科技、拓维信息、天孚通信、航天发展、华胜天成、网宿科技、特变电工,5.6927157139449385,25.50986144374644,72.15665521760822,4123.14
2026-03-11,25239.95424632,1495.57884249,6468.98783499,18300.26500527,阳光电源、宁德时代、华工科技、华胜天成、新易盛、中际旭创、金风科技、拓维信息、烽火通信、中国西电,5.925441971464968,25.62995071963406,72.5051433401001,4133.43
2026-03-12,24564.04007806,1492.56184274,6093.47961625,17760.76184496,华工科技、阳光电源、中国能建、金风科技、新易盛、中际旭创、天孚通信、宁德时代、光迅科技、华胜天成,6.076206674459548,24.80650412914994,72.30391168765222,4129.1
2026-03-13,24119.85679636,1412.39095955,5998.4240687,17275.63278404,华工科技、阳光电源、新易盛、中国能建、宁德时代、中国电建、金风科技、东山精密、中际旭创、沪电股份,5.855718678077508,24.86923583064241,71.62411008446418,4095.45
2026-03-16,23345.87058429,1434.20978294,5962.3365683600005,16752.51288576,新易盛、中际旭创、宁德时代、紫金矿业、金风科技、华工科技、兆易创新、中国电建、阳光电源、佰维存储,6.143312487584482,25.53914854806143,71.75792748989694,4084.79
2026-03-17,22189.06732605,1430.00570919,5658.07333091,15747.27749052,新易盛、中际旭创、沪电股份、天孚通信、宁德时代、胜宏科技、华工科技、阳光电源、兆易创新、东山精密,6.444640904357304,25.499374298925186,70.9686318001869,4049.91
2026-03-18,20562.5043994,1510.71900294,5538.81164477,14834.71806014,新易盛、中际旭创、东山精密、天孚通信、沪电股份、金风科技、兆易创新、胜宏科技、佰维存储、华工科技,7.346960144524428,26.93646424183437,72.14451008493337,4062.98
2026-03-19,21216.55104949,1369.86926948,5477.08992353,15139.25667041,新易盛、中际旭创、紫金矿业、华工科技、宁德时代、佰维存储、天孚通信、阳光电源、金风科技、沪电股份,6.456606760847346,25.815175665234513,71.35587982747985,4006.55
2026-03-20,22976.36252424,1824.90409891,6391.41257845,16653.79085406,中际旭创、新易盛、宁德时代、阳光电源、华工科技、天孚通信、紫金矿业、东山精密、寒武纪、东方财富,7.942528313542803,27.817338674505493,72.48227754280207,3957.05
2026-03-23,24402.78942893,1536.91580376,5776.11785344,16685.89708395,中际旭创、新易盛、比亚迪、宁德时代、阳光电源、紫金矿业、华工科技、协鑫集成、东山精密、胜宏科技,6.298115255373041,23.669908189234693,68.3770071964336,3813.28
2026-03-24,20904.7684002,1295.45839936,5201.62109681,14748.00839009,新易盛、中际旭创、阳光电源、紫金矿业、宁德时代、华工科技、佰维存储、比亚迪、天孚通信、寒武纪,6.196951693316087,24.882462207810136,70.5485375764742,3881.28
2026-03-25,21873.20011679,1384.48414581,5729.66441891,15995.00027023,新易盛、中际旭创、紫金矿业、佰维存储、立讯精密、天孚通信、华工科技、阳光电源、宁德时代、寒武纪,6.329591181983753,26.194906956078523,73.12601807154931,3931.84
2026-03-26,19526.58715531,1221.33063738,5101.86562566,14215.08811789,新易盛、中际旭创、华工科技、天孚通信、立讯精密、宁德时代、紫金矿业、佰维存储、阳光电源、兆易创新,6.25470609720898,26.12778969044068,72.79863093753376,3889.08
2026-03-27,18596.76343661,1025.09082784,4713.33473909,13421.45140078,新易盛、中际旭创、宁德时代、华工科技、赣锋锂业、阳光电源、天孚通信、立讯精密、佰维存储、紫金矿业,5.512200181145411,25.344919588594784,72.17089923485415,3913.72
2026-03-30,19227.88851073,929.1270687,4610.06335962,13760.69675173,中际旭创、新易盛、阳光电源、宁德时代、赣锋锂业、立讯精密、比亚迪、紫金矿业、中国铝业、天孚通信,4.832184606133463,23.9759210016606,71.56634356419806,3923.29
2026-03-31,19975.89855256,1055.32338482,5030.99508012,14346.67649043,中际旭创、新易盛、工业富联、兆易创新、宁德时代、阳光电源、亨通光电、佰维存储、贵州茅台、紫金矿业,5.282983301318156,25.185325540588792,71.81993066635498,3891.86
2026-04-01,20190.11502159,1296.0556545,5155.40034091,14520.364009,阳光电源、中际旭创、新易盛、天孚通信、德明利、工业富联、紫金矿业、寒武纪、佰维存储、兆易创新,6.419258400034283,25.53427920245699,71.91818369272718,3948.55
2026-04-02,18517.1957926,923.56110654,4440.29197626,13154.84747257,阳光电源、中际旭创、新易盛、天孚通信、宁德时代、紫金矿业、工业富联、亨通光电、赣锋锂业、寒武纪,4.987586224632789,23.97928944529748,71.04125062946655,3919.29
2026-04-03,16627.31578972,1047.93724914,4280.8287484,11821.45451321,中际旭创、新易盛、天孚通信、亨通光电、宁德时代、胜宏科技、阳光电源、中油资本、光迅科技、华工科技,6.302504038492475,25.74575958343598,71.09658986881531,3880.1
2026-04-07,16178.39446284,989.1090602600001,4120.44274866,11609.2933334,寒武纪、中际旭创、新易盛、天孚通信、亨通光电、中油资本、宁德时代、佰维存储、阳光电源、工业富联,6.113765259784431,25.468798885601444,71.7580063959083,3890.16
2026-04-08,24429.28962,1621.44996153,6356.49207052,17588.78197286,中际旭创、新易盛、兆易创新、天孚通信、宁德时代、紫金矿业、工业富联、胜宏科技、寒武纪、亨通光电,6.637319327544164,26.01996279628208,71.9987451393603,3995.0
2026-04-09,21415.3898723,1383.16381672,5798.37904519,15744.75936658,中际旭创、天孚通信、立讯精密、新易盛、蓝色光标、华工科技、东山精密、寒武纪、亨通光电、兆易创新,6.458737501244703,27.075757573248694,73.52076922468385,3966.17
2026-04-10,23312.2449542,1804.39105862,6826.80026067,17349.38170565,中际旭创、新易盛、立讯精密、宁德时代、东山精密、天孚通信、兆易创新、胜宏科技、阳光电源、亨通光电,7.740099943892001,29.28418208577576,74.42175448883265,3986.22
2026-04-13,21576.22795433,1457.08774769,6182.18840974,15992.00975841,新易盛、宁德时代、中际旭创、东山精密、立讯精密、华工科技、胜宏科技、天孚通信、阳光电源、亨通光电,6.7532089055333975,28.652776670814394,74.11865406807895,3988.56
2026-04-14,23913.11853803,1706.39768446,6782.72142557,17822.28921315,中际旭创、新易盛、宁德时代、胜宏科技、华工科技、天孚通信、工业富联、阳光电源、佰维存储、立讯精密,7.135822463917646,28.364018748885318,74.52933913578228,4026.63
2026-04-15,24230.07899099,1612.69078867,6754.99959596,18029.0925308,中际旭创、新易盛、宁德时代、寒武纪、华工科技、天孚通信、胜宏科技、沪电股份、阳光电源、东山精密,6.655738882525649,27.87857026166468,74.40789828833884,4027.21
2026-04-16,23485.99681003,1609.19669517,6416.43259164,17306.3237997,宁德时代、中际旭创、新易盛、天孚通信、佰维存储、胜宏科技、立讯精密、东山精密、兆易创新、芯原股份,6.8517283221411835,27.32024807607817,73.68784020403643,4055.55
2026-04-17,24462.38429716,1834.27036518,6973.55682794,18039.67972432,中际旭创、新易盛、胜宏科技、东山精密、天孚通信、宁德时代、贵州茅台、佰维存储、蓝色光标、兆易创新,7.498330264531707,28.5072654538814,73.74456841647422,4051.43
2026-04-20,25982.27621071,1841.65648129,7276.57819047,19181.06106853,立讯精密、中际旭创、宁德时代、新易盛、胜宏科技、东山精密、蓝色光标、天孚通信、亨通光电、工业富联,7.088126022349273,28.005930394468535,73.82363620868402,4082.13
2026-04-21,24189.0099967,1694.24968651,6795.20396295,17770.72412637,宁德时代、中际旭创、天孚通信、立讯精密、新易盛、胜宏科技、东山精密、兆易创新、中天科技、中国卫星,7.004212602091359,28.092112756483377,73.46610766126594,4085.08
2026-04-22,25712.93083449,1871.86543148,7346.66482873,19213.68220553,新易盛、中际旭创、工业富联、宁德时代、天孚通信、英维克、立讯精密、胜宏科技、东山精密、紫金矿业,7.279860252138882,28.57186866802272,74.72381242420548,4106.26
2026-04-23,28161.62389959,1940.4834655,8120.25689184,20946.65583158,中际旭创、新易盛、东山精密、天孚通信、工业富联、亨通光电、胜宏科技、立讯精密、宁德时代、光迅科技,6.8905240422880984,28.834476736116848,74.38014194872108,4093.25
2026-04-24,26484.69941669,2248.78563045,8123.46748298,19897.955692,新易盛、中际旭创、东山精密、天孚通信、宁德时代、工业富联、立讯精密、寒武纪、胜宏科技、亨通光电,8.490885983145692,30.67230386560775,75.13000385218947,4079.9
2026-04-27,25937.51943561,1820.4958453899999,7414.48836488,19063.82928713,中际旭创、新易盛、立讯精密、亨通光电、东山精密、工业富联、澜起科技、宁德时代、海光信息、中天科技,7.0187739036085866,28.585957817926644,73.49904579139125,4086.34
2026-04-28,25397.12253013,1561.85297214,6759.97736622,18344.13124176,中际旭创、新易盛、工业富联、阳光电源、立讯精密、宁德时代、东山精密、亨通光电、澜起科技、兆易创新,6.149724128342052,26.617099469438976,72.22917171028863,4078.64
2026-04-29,25997.82686193,1635.05787536,7078.61453669,19007.25356303,中际旭创、胜宏科技、工业富联、东山精密、宁德时代、阳光电源、新易盛、立讯精密、兆易创新、寒武纪,6.2892098022019765,27.22771627906943,73.11093217127056,4107.51
2026-04-30,27472.01646611,1689.14956629,7724.58335049,20300.28821026,寒武纪、工业富联、兆易创新、中际旭创、新易盛、东山精密、海光信息、北方稀土、宁德时代、中芯国际,6.1486187895008255,28.11800640851826,73.89442356844398,4112.16
2026-05-06,32335.75246849,2233.31764804,9217.0741631,23934.09452807,寒武纪、中际旭创、新易盛、澜起科技、宁德时代、海光信息、东山精密、佰维存储、天孚通信、胜宏科技,6.906651237562156,28.504282286554794,74.01743488540399,4160.17
2026-05-07,31590.68524014,1983.22953069,8865.3963627,23452.93667931,新易盛、中际旭创、寒武纪、胜宏科技、天孚通信、澜起科技、兆易创新、宁德时代、东山精密、海光信息,6.277893358799491,28.063324031462862,74.24003784985977,4180.09
2026-05-08,30683.32813788,1731.97438168,8299.35685056,22430.42485088,寒武纪、胜宏科技、东山精密、中际旭创、新易盛、海光信息、宁德时代、中国长城、立讯精密、兆易创新,5.644675746702318,27.04842451661577,73.10297223979623,4179.95
2026-05-11,35549.37097788,2365.01379228,9817.16703115,26057.54593038,新易盛、中际旭创、寒武纪、澜起科技、胜宏科技、兆易创新、立讯精密、东山精密、海光信息、中天科技,6.652758479894315,27.615585764537347,73.29959775264062,4225.02
2026-05-12,32586.86246669,2234.05974775,9139.02401236,24062.6416289,中际旭创、新易盛、寒武纪、澜起科技、东山精密、中天科技、胜宏科技、天孚通信、光迅科技、中国长城,6.85570680526128,28.045117941936965,73.84154167495143,4214.49
2026-05-13,32535.70085104,2180.95189554,9095.35397234,24228.37288064,工业富联、中际旭创、天孚通信、新易盛、澜起科技、寒武纪、立讯精密、胜宏科技、东山精密、兆易创新,6.7032577706722,27.954996309997327,74.4670385050751,4242.57
2026-05-14,33767.33815047,2414.31338056,9581.64676812,25125.1495665,中际旭创、澜起科技、工业富联、胜宏科技、天孚通信、新易盛、寒武纪、光迅科技、立讯精密、中天科技,7.149848086341966,28.37548735829695,74.40666319192911,4177.92
2026-05-15,33565.27064686,2381.88335474,9759.65142346,25029.77147799,中际旭创、澜起科技、天孚通信、阳光电源、工业富联、兆易创新、新易盛、东山精密、寒武纪、胜宏科技,7.096273346935825,29.07663556817769,74.57044437784539,4135.39
2026-05-18,29072.91902063,1924.28529596,8024.20263284,21436.62029149,兆易创新、中际旭创、天孚通信、澜起科技、新易盛、工业富联、佰维存储、东山精密、寒武纪、立讯精密,6.618823842884633,27.600264793315265,73.73397998418623,4131.53
2026-05-19,28987.91126561,2073.26512345,8187.25728211,21509.91920687,中际旭创、东山精密、寒武纪、华工科技、兆易创新、天孚通信、新易盛、光迅科技、澜起科技、阳光电源,7.152171484358143,28.243695128951934,74.20306696049686,4169.54
2026-05-20,29665.61605786,2200.41631926,8504.00223224,22188.13580647,中芯国际、兆易创新、寒武纪、中际旭创、华工科技、阳光电源、澜起科技、新易盛、长电科技、光迅科技,7.417396338469069,28.66619124192042,74.79411775300443,4162.18
2026-05-21,34923.34554086,2236.3220121,9700.95803412,25824.42164665,澜起科技、兆易创新、中际旭创、长电科技、中芯国际、寒武纪、光迅科技、东山精密、华工科技、新易盛,6.4035159789703515,27.7778600070545,73.94601303714062,4077.28
2026-05-22,29139.87809119,2280.70896053,8619.37775783,21819.69989361,京东方Ａ、胜宏科技、兆易创新、新易盛、中际旭创、澜起科技、天孚通信、长电科技、东山精密、中芯国际,7.826762189576687,29.57931989576833,74.87917356870088,4112.9
2026-05-25,32141.6199675,2630.57212903,9762.09554328,24387.31634776,中芯国际、新易盛、兆易创新、胜宏科技、中际旭创、澜起科技、寒武纪、京东方Ａ、长电科技、天孚通信,8.184317192754762,30.372132932786037,75.87457126435828,4152.57
2026-05-26,32527.08678382,2699.02392871,10259.10352642,24841.83643673,兆易创新、新易盛、长电科技、京东方Ａ、胜宏科技、中芯国际、中际旭创、通富微电、寒武纪、澜起科技,8.29777331935112,31.540185552439954,76.37276772381323,4145.37
2026-05-27,32482.17199216,2614.30721024,10437.3114207,24905.10511098,兆易创新、长电科技、京东方Ａ、中际旭创、新易盛、华天科技、胜宏科技、宁德时代、天孚通信、澜起科技,8.04843718847064,32.13243074760882,76.6731520201025,4093.73
2026-05-28,29763.51008506,2375.29841711,9245.54176286,22744.71223098,中际旭创、兆易创新、工业富联、中芯国际、新易盛、长电科技、天孚通信、华天科技、京东方Ａ、寒武纪,7.980572218537818,31.063344801864833,76.41811119044345,4098.64
2026-05-29,33291.76320577,2546.89051749,10398.19273297,25298.65495789,中际旭创、天孚通信、工业富联、兆易创新、长电科技、亨通光电、新易盛、中芯国际、宁德时代、立讯精密,7.650212161332995,31.23352965326818,75.99073320786246,4068.57
2026-06-01,28861.53616467,2219.35342395,8872.2917162,21758.59167147,中际旭创、东山精密、兆易创新、长电科技、工业富联、新易盛、天孚通信、京东方Ａ、亨通光电、胜宏科技,7.689657997715161,30.74088525842486,75.38958268654162,4057.74
2026-06-02,28027.18474907,2274.39153466,8816.39361078,21350.15595113,中际旭创、工业富联、新易盛、兆易创新、东山精密、天孚通信、长电科技、中天科技、立讯精密、宁德时代,8.114948236945093,31.456579352203924,76.17659833579413,4075.1
2026-06-03,31380.67414051,2880.7523248400003,10512.87639707,24593.7610361,中际旭创、新易盛、工业富联、天孚通信、兆易创新、东山精密、长电科技、澜起科技、寒武纪、京东方Ａ,9.180020518173553,33.50111712067619,78.37231579531739,4083.97
2026-06-04,27672.80253278,2204.21458186,8765.93324155,21318.3316757,兆易创新、中际旭创、亨通光电、工业富联、京东方Ａ、东山精密、新易盛、佰维存储、胜宏科技、长电科技,7.9652741324229215,31.6770707671052,77.03712571376619,4057.78
2026-06-05,30876.06041672,2806.85572018,10001.99471762,23850.70242617,中际旭创、京东方Ａ、新易盛、兆易创新、亨通光电、天孚通信、工业富联、东山精密、胜宏科技、中天科技,9.090718447551787,32.394012003564164,77.24658555614941,4027.74
2026-06-08,28104.42222257,2264.56027146,8402.617072860001,21076.92974369,中际旭创、京东方Ａ、中天科技、亨通光电、新易盛、兆易创新、天孚通信、胜宏科技、沪电股份、东山精密,8.057665279599254,29.897846702972092,74.99506510674186,3959.34
2026-06-09,26567.71171915,2271.64169132,8389.32843066,20464.16297615,中际旭创、新易盛、京东方Ａ、中天科技、兆易创新、亨通光电、沪电股份、胜宏科技、东山精密、天孚通信,8.550385201908831,31.577158467181704,77.02644169162464,4010.03
2026-06-10,26328.87664391,1982.30238646,7964.36154643,20081.29595706,中际旭创、新易盛、亨通光电、京东方Ａ、中天科技、海光信息、天孚通信、寒武纪、兆易创新、东山精密,7.529004800584671,30.24953040779351,76.2709941204609,3993.23
2026-06-11,25616.72779968,1969.4072488,7850.87269529,19681.74293655,新易盛、中际旭创、亨通光电、京东方Ａ、中天科技、烽火通信、兆易创新、东山精密、天孚通信、寒武纪,7.6879735155893,30.647445515613715,76.83160429567378,3987.01
2026-06-12,32195.51112197,2194.70100071,9891.12657865,25056.44622699,中际旭创、新易盛、亨通光电、兆易创新、佰维存储、寒武纪、东山精密、京东方Ａ、中天科技、宁德时代,6.816791919828695,30.722067250860825,77.82589980344076,4031.51
2026-06-15,30362.87800719,2246.16464407,9180.58814012,23458.90820842,中际旭创、新易盛、兆易创新、亨通光电、寒武纪、东山精密、紫金矿业、京东方Ａ、天孚通信、中天科技,7.397732993354921,30.236225096797533,77.26180700941748,4096.47
2026-06-16,30724.86802558,2071.53791631,9498.22670485,23967.28828355,中际旭创、东山精密、亨通光电、兆易创新、新易盛、天孚通信、中天科技、生益科技、胜宏科技、京东方Ａ,6.742219086459023,30.913807984275955,78.0061553514112,4091.89
2026-06-17,31016.38507683,2216.54411759,10113.12280697,24488.65595034,兆易创新、中际旭创、东山精密、亨通光电、新易盛、生益科技、澜起科技、长电科技、佰维存储、寒武纪,7.146365097349185,32.60574300299344,78.95393318621655,4108.08
2026-06-18,33195.37432541,2769.65313303,11011.89961964,26374.31978783,中际旭创、兆易创新、工业富联、寒武纪、京东方Ａ、新易盛、亨通光电、澜起科技、东山精密、长电科技,8.343491192114435,33.172994260259756,79.45179207586554,4090.48
2026-06-22,37471.72788726,2626.63560079,12051.333238879999,29457.0915697,中际旭创、兆易创新、新易盛、京东方Ａ、东山精密、宁德时代、工业富联、澜起科技、东方财富、寒武纪,7.009646335745913,32.16113565709717,78.61151121273781,4163.1
2026-06-23,34574.59796826,2482.72307616,11363.806103930001,27269.8806412,兆易创新、中际旭创、新易盛、东方财富、亨通光电、澜起科技、寒武纪、中天科技、京东方Ａ、长电科技,7.180772075612207,32.86750033756617,78.8725892524742,4106.25
2026-06-24,32976.764084,2547.59027999,10807.58126064,26071.84283712,兆易创新、中际旭创、立讯精密、京东方Ａ、长电科技、新易盛、中芯国际、寒武纪、亨通光电、中天科技,7.72541015091916,32.773322552541565,79.06125285885706,4110.81
2026-06-25,36086.29837939,2966.58096225,12368.48769497,28979.2709789,中际旭创、新易盛、兆易创新、京东方Ａ、天孚通信、澜起科技、寒武纪、佰维存储、海光信息、东山精密,8.220795968212428,34.27474762009402,80.30546850283474,4120.28
2026-06-26,35589.96350902,3015.43624089,12369.45840207,28795.0765905,中际旭创、兆易创新、京东方Ａ、新易盛、长电科技、中天科技、立讯精密、亨通光电、佰维存储、澜起科技,8.47271518029447,34.75546806597612,80.90785646128047,4027.26
2026-06-29,35226.63186715,2904.31003354,12019.9026186,28227.92710365,兆易创新、中际旭创、京东方Ａ、长电科技、澜起科技、新易盛、寒武纪、华工科技、佰维存储、中天科技,8.24464298628665,34.121634631237505,80.13234762297408,4073.9
2026-06-30,32775.43773372,2830.36447576,11003.49192915,26352.20014864,京东方Ａ、兆易创新、中际旭创、新易盛、澜起科技、寒武纪、长电科技、胜宏科技、华工科技、立讯精密,8.63562677256959,33.57237214815104,80.40228283977532,4094.4
2026-07-01,36732.11656512,2825.81247042,12128.71482195,29094.30937634,兆易创新、京东方Ａ、中际旭创、新易盛、澜起科技、长电科技、阳光电源、中天科技、东方财富、佰维存储,7.693029247063124,33.01937366023486,79.20673268244855,4112.45
2026-07-02,34546.03474093,2767.19177967,11064.76134713,27027.91660835,京东方Ａ、中际旭创、新易盛、兆易创新、澜起科技、多氟多、寒武纪、东山精密、长电科技、中微公司,8.010157462128186,32.029034388773184,78.23739196419967,4028.9
2026-07-03,31912.82309329,2576.78080151,10097.80697894,24847.36187102,兆易创新、中际旭创、京东方Ａ、新易盛、东山精密、澜起科技、德明利、中国巨石、长电科技、亨通光电,8.074437018553194,31.641848010191136,77.86011848085109,4043.64
2026-07-06,30999.17554069,2400.94258873,9539.05063864,24050.39476659,兆易创新、中际旭创、京东方Ａ、新易盛、江波龙、长电科技、佰维存储、德明利、东山精密、亨通光电,7.745182079370096,30.77194948658842,77.58398198371785,4041.24
