date,code,name,value,unit,source
2026-01-05,M1001654,10年国债,1.8592,%,Wind MCP
2026-01-06,M1001654,10年国债,1.8813,%,Wind MCP
2026-01-07,M1001654,10年国债,1.8988,%,Wind MCP
2026-01-08,M1001654,10年国债,1.8828,%,Wind MCP
2026-01-09,M1001654,10年国债,1.8811,%,Wind MCP
2026-01-12,M1001654,10年国债,1.8673,%,Wind MCP
2026-01-13,M1001654,10年国债,1.8571,%,Wind MCP
2026-01-14,M1001654,10年国债,1.8497,%,Wind MCP
2026-01-15,M1001654,10年国债,1.8483,%,Wind MCP
2026-01-16,M1001654,10年国债,1.8449,%,Wind MCP
2026-01-19,M1001654,10年国债,1.8426,%,Wind MCP
2026-01-20,M1001654,10年国债,1.826,%,Wind MCP
2026-01-21,M1001654,10年国债,1.8317,%,Wind MCP
2026-01-22,M1001654,10年国债,1.8381,%,Wind MCP
2026-01-23,M1001654,10年国债,1.8337,%,Wind MCP
2026-01-26,M1001654,10年国债,1.825,%,Wind MCP
2026-01-27,M1001654,10年国债,1.8285,%,Wind MCP
2026-01-28,M1001654,10年国债,1.8223,%,Wind MCP
2026-01-29,M1001654,10年国债,1.82,%,Wind MCP
2026-01-30,M1001654,10年国债,1.8103,%,Wind MCP
2026-02-02,M1001654,10年国债,1.8182,%,Wind MCP
2026-02-03,M1001654,10年国债,1.8177,%,Wind MCP
2026-02-04,M1001654,10年国债,1.8201,%,Wind MCP
2026-02-05,M1001654,10年国债,1.8162,%,Wind MCP
2026-02-06,M1001654,10年国债,1.8121,%,Wind MCP
2026-02-09,M1001654,10年国债,1.8075,%,Wind MCP
2026-02-10,M1001654,10年国债,1.8072,%,Wind MCP
2026-02-11,M1001654,10年国债,1.8048,%,Wind MCP
2026-02-12,M1001654,10年国债,1.788,%,Wind MCP
2026-02-13,M1001654,10年国债,1.7961,%,Wind MCP
2026-02-24,M1001654,10年国债,1.8053,%,Wind MCP
2026-02-25,M1001654,10年国债,1.8195,%,Wind MCP
2026-02-26,M1001654,10年国债,1.8305,%,Wind MCP
2026-02-27,M1001654,10年国债,1.8193,%,Wind MCP
2026-03-02,M1001654,10年国债,1.7763,%,Wind MCP
2026-03-03,M1001654,10年国债,1.7787,%,Wind MCP
2026-03-04,M1001654,10年国债,1.7769,%,Wind MCP
2026-03-05,M1001654,10年国债,1.7801,%,Wind MCP
2026-03-06,M1001654,10年国债,1.7773,%,Wind MCP
2026-03-09,M1001654,10年国债,1.8066,%,Wind MCP
2026-03-10,M1001654,10年国债,1.8028,%,Wind MCP
2026-03-11,M1001654,10年国债,1.8074,%,Wind MCP
2026-03-12,M1001654,10年国债,1.8071,%,Wind MCP
2026-03-13,M1001654,10年国债,1.8147,%,Wind MCP
2026-03-16,M1001654,10年国债,1.8326,%,Wind MCP
2026-03-17,M1001654,10年国债,1.8338,%,Wind MCP
2026-03-18,M1001654,10年国债,1.8205,%,Wind MCP
2026-03-19,M1001654,10年国债,1.8151,%,Wind MCP
2026-03-20,M1001654,10年国债,1.8318,%,Wind MCP
2026-03-23,M1001654,10年国债,1.8348,%,Wind MCP
2026-03-24,M1001654,10年国债,1.8304,%,Wind MCP
2026-03-25,M1001654,10年国债,1.8274,%,Wind MCP
2026-03-26,M1001654,10年国债,1.819,%,Wind MCP
2026-03-27,M1001654,10年国债,1.8192,%,Wind MCP
2026-03-30,M1001654,10年国债,1.8068,%,Wind MCP
2026-03-31,M1001654,10年国债,1.812,%,Wind MCP
2026-04-01,M1001654,10年国债,1.8243,%,Wind MCP
2026-04-02,M1001654,10年国债,1.8222,%,Wind MCP
2026-04-03,M1001654,10年国债,1.8237,%,Wind MCP
2026-04-07,M1001654,10年国债,1.8187,%,Wind MCP
2026-04-08,M1001654,10年国债,1.815,%,Wind MCP
2026-04-09,M1001654,10年国债,1.816,%,Wind MCP
2026-04-10,M1001654,10年国债,1.8162,%,Wind MCP
2026-04-13,M1001654,10年国债,1.8045,%,Wind MCP
2026-04-14,M1001654,10年国债,1.7866,%,Wind MCP
2026-04-15,M1001654,10年国债,1.7775,%,Wind MCP
2026-04-16,M1001654,10年国债,1.7834,%,Wind MCP
2026-04-17,M1001654,10年国债,1.7643,%,Wind MCP
2026-04-20,M1001654,10年国债,1.7615,%,Wind MCP
2026-04-21,M1001654,10年国债,1.7536,%,Wind MCP
2026-04-22,M1001654,10年国债,1.7364,%,Wind MCP
2026-04-23,M1001654,10年国债,1.7484,%,Wind MCP
2026-04-24,M1001654,10年国债,1.7596,%,Wind MCP
2026-04-27,M1001654,10年国债,1.776,%,Wind MCP
2026-04-28,M1001654,10年国债,1.764,%,Wind MCP
2026-04-29,M1001654,10年国债,1.7454,%,Wind MCP
2026-04-30,M1001654,10年国债,1.7512,%,Wind MCP
2026-05-06,M1001654,10年国债,1.7657,%,Wind MCP
2026-05-07,M1001654,10年国债,1.7653,%,Wind MCP
2026-05-08,M1001654,10年国债,1.7687,%,Wind MCP
2026-05-11,M1001654,10年国债,1.7636,%,Wind MCP
2026-05-12,M1001654,10年国债,1.7588,%,Wind MCP
2026-05-13,M1001654,10年国债,1.7517,%,Wind MCP
2026-05-14,M1001654,10年国债,1.7599,%,Wind MCP
2026-05-15,M1001654,10年国债,1.7638,%,Wind MCP
2026-05-18,M1001654,10年国债,1.7587,%,Wind MCP
2026-05-19,M1001654,10年国债,1.7325,%,Wind MCP
2026-05-20,M1001654,10年国债,1.7382,%,Wind MCP
2026-05-21,M1001654,10年国债,1.7469,%,Wind MCP
2026-05-22,M1001654,10年国债,1.7501,%,Wind MCP
2026-05-25,M1001654,10年国债,1.7484,%,Wind MCP
2026-05-26,M1001654,10年国债,1.7442,%,Wind MCP
2026-05-27,M1001654,10年国债,1.7268,%,Wind MCP
2026-05-28,M1001654,10年国债,1.7129,%,Wind MCP
2026-05-29,M1001654,10年国债,1.7096,%,Wind MCP
2026-06-01,M1001654,10年国债,1.7031,%,Wind MCP
2026-06-02,M1001654,10年国债,1.7008,%,Wind MCP
2026-06-03,M1001654,10年国债,1.7105,%,Wind MCP
2026-06-04,M1001654,10年国债,1.7082,%,Wind MCP
2026-06-05,M1001654,10年国债,1.7177,%,Wind MCP
2026-06-08,M1001654,10年国债,1.7268,%,Wind MCP
2026-06-09,M1001654,10年国债,1.7389,%,Wind MCP
2026-06-10,M1001654,10年国债,1.748,%,Wind MCP
2026-06-11,M1001654,10年国债,1.749,%,Wind MCP
2026-06-12,M1001654,10年国债,1.742,%,Wind MCP
2026-06-15,M1001654,10年国债,1.7444,%,Wind MCP
2026-06-16,M1001654,10年国债,1.7345,%,Wind MCP
2026-06-17,M1001654,10年国债,1.7289,%,Wind MCP
2026-06-18,M1001654,10年国债,1.7266,%,Wind MCP
2026-06-22,M1001654,10年国债,1.7332,%,Wind MCP
2026-06-23,M1001654,10年国债,1.7439,%,Wind MCP
2026-06-24,M1001654,10年国债,1.745,%,Wind MCP
2026-06-25,M1001654,10年国债,1.7382,%,Wind MCP
2026-06-26,M1001654,10年国债,1.7326,%,Wind MCP
2026-06-29,M1001654,10年国债,1.716,%,Wind MCP
2026-06-30,M1001654,10年国债,1.7307,%,Wind MCP
2026-07-01,M1001654,10年国债,1.7504,%,Wind MCP
2026-07-02,M1001654,10年国债,1.7384,%,Wind MCP
2026-07-03,M1001654,10年国债,1.7486,%,Wind MCP
2026-07-06,M1001654,10年国债,1.7387,%,Wind MCP
2026-07-07,M1001654,10年国债,1.74,%,Wind MCP
2026-07-08,M1001654,10年国债,1.7366,%,Wind MCP
2026-07-09,M1001654,10年国债,1.7374,%,Wind MCP
2026-07-10,M1001654,10年国债,1.7388,%,Wind MCP
2026-07-13,M1001654,10年国债,1.7425,%,Wind MCP
2026-07-14,M1001654,10年国债,1.7415,%,Wind MCP
2026-07-15,M1001654,10年国债,1.7397,%,Wind MCP
2026-07-16,M1001654,10年国债,1.7433,%,Wind MCP
2026-07-17,M1001654,10年国债,1.7401,%,Wind MCP
2026-07-20,M1001654,10年国债,1.7446,%,Wind MCP
2026-07-21,M1001654,10年国债,1.7436,%,Wind MCP
2026-07-22,M1001654,10年国债,1.7318,%,Wind MCP
2026-07-23,M1001654,10年国债,1.7351,%,Wind MCP
2026-07-24,M1001654,10年国债,1.7279,%,Wind MCP
2026-07-27,M1001654,10年国债,1.7373,%,Wind MCP
2026-07-28,M1001654,10年国债,1.7371,%,Wind MCP
2026-07-29,M1001654,10年国债,1.733,%,Wind MCP
2026-07-30,M1001654,10年国债,1.7213,%,Wind MCP
2026-07-31,M1001654,10年国债,1.7171,%,Wind MCP
2026-08-03,M1001654,10年国债,1.7178,%,Wind MCP
2026-08-04,M1001654,10年国债,1.7127,%,Wind MCP
2026-08-05,M1001654,10年国债,1.7133,%,Wind MCP
2026-08-06,M1001654,10年国债,1.7143,%,Wind MCP
2026-08-07,M1001654,10年国债,1.7119,%,Wind MCP
2026-08-10,M1001654,10年国债,1.7093,%,Wind MCP
2026-08-11,M1001654,10年国债,1.7129,%,Wind MCP
2026-08-12,M1001654,10年国债,1.7139,%,Wind MCP
2026-08-13,M1001654,10年国债,1.7085,%,Wind MCP
2026-08-14,M1001654,10年国债,1.6952,%,Wind MCP
2026-08-17,M1001654,10年国债,1.6933,%,Wind MCP
2026-08-18,M1001654,10年国债,1.6856,%,Wind MCP
2026-08-19,M1001654,10年国债,1.6786,%,Wind MCP
2026-08-20,M1001654,10年国债,1.6829,%,Wind MCP
2026-08-21,M1001654,10年国债,1.6833,%,Wind MCP
2026-08-24,M1001654,10年国债,1.6784,%,Wind MCP
2026-08-25,M1001654,10年国债,1.6796,%,Wind MCP
2026-08-26,M1001654,10年国债,1.6867,%,Wind MCP
2026-08-27,M1001654,10年国债,1.7009,%,Wind MCP
2026-08-28,M1001654,10年国债,1.697,%,Wind MCP
2026-08-31,M1001654,10年国债,1.6884,%,Wind MCP
2026-09-01,M1001654,10年国债,1.6835,%,Wind MCP
2026-01-05,M1001657,30年国债,2.283,%,Wind MCP
2026-01-06,M1001657,30年国债,2.301,%,Wind MCP
2026-01-07,M1001657,30年国债,2.325,%,Wind MCP
2026-01-08,M1001657,30年国债,2.311,%,Wind MCP
2026-01-09,M1001657,30年国债,2.31,%,Wind MCP
2026-01-12,M1001657,30年国债,2.296,%,Wind MCP
2026-01-13,M1001657,30年国债,2.292,%,Wind MCP
2026-01-14,M1001657,30年国债,2.3,%,Wind MCP
2026-01-15,M1001657,30年国债,2.3025,%,Wind MCP
2026-01-16,M1001657,30年国债,2.303,%,Wind MCP
2026-01-19,M1001657,30年国债,2.375,%,Wind MCP
2026-01-20,M1001657,30年国债,2.34,%,Wind MCP
2026-01-21,M1001657,30年国债,2.2975,%,Wind MCP
2026-01-22,M1001657,30年国债,2.305,%,Wind MCP
2026-01-23,M1001657,30年国债,2.288,%,Wind MCP
2026-01-26,M1001657,30年国债,2.269,%,Wind MCP
2026-01-27,M1001657,30年国债,2.281,%,Wind MCP
2026-01-28,M1001657,30年国债,2.285,%,Wind MCP
2026-01-29,M1001657,30年国债,2.28,%,Wind MCP
2026-01-30,M1001657,30年国债,2.285,%,Wind MCP
2026-02-02,M1001657,30年国债,2.28,%,Wind MCP
2026-02-03,M1001657,30年国债,2.2795,%,Wind MCP
2026-02-04,M1001657,30年国债,2.286,%,Wind MCP
2026-02-05,M1001657,30年国债,2.2725,%,Wind MCP
2026-02-06,M1001657,30年国债,2.2505,%,Wind MCP
2026-02-09,M1001657,30年国债,2.245,%,Wind MCP
2026-02-10,M1001657,30年国债,2.246,%,Wind MCP
2026-02-11,M1001657,30年国债,2.2465,%,Wind MCP
2026-02-12,M1001657,30年国债,2.247,%,Wind MCP
2026-02-13,M1001657,30年国债,2.242,%,Wind MCP
2026-02-24,M1001657,30年国债,2.2435,%,Wind MCP
2026-02-25,M1001657,30年国债,2.255,%,Wind MCP
2026-02-26,M1001657,30年国债,2.2925,%,Wind MCP
2026-02-27,M1001657,30年国债,2.288,%,Wind MCP
2026-03-02,M1001657,30年国债,2.2685,%,Wind MCP
2026-03-03,M1001657,30年国债,2.272,%,Wind MCP
2026-03-04,M1001657,30年国债,2.278,%,Wind MCP
2026-03-05,M1001657,30年国债,2.2765,%,Wind MCP
2026-03-06,M1001657,30年国债,2.28,%,Wind MCP
2026-03-09,M1001657,30年国债,2.329,%,Wind MCP
2026-03-10,M1001657,30年国债,2.334,%,Wind MCP
2026-03-11,M1001657,30年国债,2.345,%,Wind MCP
2026-03-12,M1001657,30年国债,2.3475,%,Wind MCP
2026-03-13,M1001657,30年国债,2.3601,%,Wind MCP
2026-03-16,M1001657,30年国债,2.391,%,Wind MCP
2026-03-17,M1001657,30年国债,2.387,%,Wind MCP
2026-03-18,M1001657,30年国债,2.37,%,Wind MCP
2026-03-19,M1001657,30年国债,2.37,%,Wind MCP
2026-03-20,M1001657,30年国债,2.3915,%,Wind MCP
2026-03-23,M1001657,30年国债,2.385,%,Wind MCP
2026-03-24,M1001657,30年国债,2.354,%,Wind MCP
2026-03-25,M1001657,30年国债,2.349,%,Wind MCP
2026-03-26,M1001657,30年国债,2.3425,%,Wind MCP
2026-03-27,M1001657,30年国债,2.35,%,Wind MCP
2026-03-30,M1001657,30年国债,2.33,%,Wind MCP
2026-03-31,M1001657,30年国债,2.3415,%,Wind MCP
2026-04-01,M1001657,30年国债,2.363,%,Wind MCP
2026-04-02,M1001657,30年国债,2.367,%,Wind MCP
2026-04-03,M1001657,30年国债,2.367,%,Wind MCP
2026-04-07,M1001657,30年国债,2.364,%,Wind MCP
2026-04-08,M1001657,30年国债,2.3375,%,Wind MCP
2026-04-09,M1001657,30年国债,2.3325,%,Wind MCP
2026-04-10,M1001657,30年国债,2.3205,%,Wind MCP
2026-04-13,M1001657,30年国债,2.286,%,Wind MCP
2026-04-14,M1001657,30年国债,2.275,%,Wind MCP
2026-04-15,M1001657,30年国债,2.276,%,Wind MCP
2026-04-16,M1001657,30年国债,2.2835,%,Wind MCP
2026-04-17,M1001657,30年国债,2.2515,%,Wind MCP
2026-04-20,M1001657,30年国债,2.2525,%,Wind MCP
2026-04-21,M1001657,30年国债,2.236,%,Wind MCP
2026-04-22,M1001657,30年国债,2.214,%,Wind MCP
2026-04-23,M1001657,30年国债,2.229,%,Wind MCP
2026-04-24,M1001657,30年国债,2.25,%,Wind MCP
2026-04-27,M1001657,30年国债,2.2585,%,Wind MCP
2026-04-28,M1001657,30年国债,2.24,%,Wind MCP
2026-04-29,M1001657,30年国债,2.208,%,Wind MCP
2026-04-30,M1001657,30年国债,2.218,%,Wind MCP
2026-05-06,M1001657,30年国债,2.238,%,Wind MCP
2026-05-07,M1001657,30年国债,2.238,%,Wind MCP
2026-05-08,M1001657,30年国债,2.2475,%,Wind MCP
2026-05-11,M1001657,30年国债,2.237,%,Wind MCP
2026-05-12,M1001657,30年国债,2.228,%,Wind MCP
2026-05-13,M1001657,30年国债,2.2315,%,Wind MCP
2026-05-14,M1001657,30年国债,2.24,%,Wind MCP
2026-05-15,M1001657,30年国债,2.252,%,Wind MCP
2026-05-18,M1001657,30年国债,2.244,%,Wind MCP
2026-05-19,M1001657,30年国债,2.225,%,Wind MCP
2026-05-20,M1001657,30年国债,2.233,%,Wind MCP
2026-05-21,M1001657,30年国债,2.233,%,Wind MCP
2026-05-22,M1001657,30年国债,2.231,%,Wind MCP
2026-05-25,M1001657,30年国债,2.224,%,Wind MCP
2026-05-26,M1001657,30年国债,2.223,%,Wind MCP
2026-05-27,M1001657,30年国债,2.209,%,Wind MCP
2026-05-28,M1001657,30年国债,2.2035,%,Wind MCP
2026-05-29,M1001657,30年国债,2.206,%,Wind MCP
2026-06-01,M1001657,30年国债,2.1935,%,Wind MCP
2026-06-02,M1001657,30年国债,2.191,%,Wind MCP
2026-06-03,M1001657,30年国债,2.201,%,Wind MCP
2026-06-04,M1001657,30年国债,2.1915,%,Wind MCP
2026-06-05,M1001657,30年国债,2.2,%,Wind MCP
2026-06-08,M1001657,30年国债,2.213,%,Wind MCP
2026-06-09,M1001657,30年国债,2.2215,%,Wind MCP
2026-06-10,M1001657,30年国债,2.2325,%,Wind MCP
2026-06-11,M1001657,30年国债,2.238,%,Wind MCP
2026-06-12,M1001657,30年国债,2.223,%,Wind MCP
2026-06-15,M1001657,30年国债,2.219,%,Wind MCP
2026-06-16,M1001657,30年国债,2.214,%,Wind MCP
2026-06-17,M1001657,30年国债,2.218,%,Wind MCP
2026-06-18,M1001657,30年国债,2.22,%,Wind MCP
2026-06-22,M1001657,30年国债,2.2174,%,Wind MCP
2026-06-23,M1001657,30年国债,2.228,%,Wind MCP
2026-06-24,M1001657,30年国债,2.231,%,Wind MCP
2026-06-25,M1001657,30年国债,2.2215,%,Wind MCP
2026-06-26,M1001657,30年国债,2.2185,%,Wind MCP
2026-06-29,M1001657,30年国债,2.2085,%,Wind MCP
2026-06-30,M1001657,30年国债,2.236,%,Wind MCP
2026-07-01,M1001657,30年国债,2.258,%,Wind MCP
2026-07-02,M1001657,30年国债,2.256,%,Wind MCP
2026-07-03,M1001657,30年国债,2.27,%,Wind MCP
2026-07-06,M1001657,30年国债,2.255,%,Wind MCP
2026-07-07,M1001657,30年国债,2.261,%,Wind MCP
2026-07-08,M1001657,30年国债,2.253,%,Wind MCP
2026-07-09,M1001657,30年国债,2.2515,%,Wind MCP
2026-07-10,M1001657,30年国债,2.253,%,Wind MCP
2026-07-13,M1001657,30年国债,2.261,%,Wind MCP
2026-07-14,M1001657,30年国债,2.2575,%,Wind MCP
2026-07-15,M1001657,30年国债,2.2475,%,Wind MCP
2026-07-16,M1001657,30年国债,2.2515,%,Wind MCP
2026-07-17,M1001657,30年国债,2.246,%,Wind MCP
2026-07-20,M1001657,30年国债,2.249,%,Wind MCP
2026-07-21,M1001657,30年国债,2.247,%,Wind MCP
2026-07-22,M1001657,30年国债,2.2155,%,Wind MCP
2026-07-23,M1001657,30年国债,2.2065,%,Wind MCP
2026-07-24,M1001657,30年国债,2.1935,%,Wind MCP
2026-07-27,M1001657,30年国债,2.19,%,Wind MCP
2026-07-28,M1001657,30年国债,2.1965,%,Wind MCP
2026-07-29,M1001657,30年国债,2.208,%,Wind MCP
2026-07-30,M1001657,30年国债,2.187,%,Wind MCP
2026-07-31,M1001657,30年国债,2.189,%,Wind MCP
2026-08-03,M1001657,30年国债,2.189,%,Wind MCP
2026-08-04,M1001657,30年国债,2.18,%,Wind MCP
2026-08-05,M1001657,30年国债,2.1845,%,Wind MCP
2026-08-06,M1001657,30年国债,2.189,%,Wind MCP
2026-08-07,M1001657,30年国债,2.1811,%,Wind MCP
2026-08-10,M1001657,30年国债,2.16,%,Wind MCP
2026-08-11,M1001657,30年国债,2.1675,%,Wind MCP
2026-08-12,M1001657,30年国债,2.174,%,Wind MCP
2026-08-13,M1001657,30年国债,2.162,%,Wind MCP
2026-08-14,M1001657,30年国债,2.161,%,Wind MCP
2026-08-17,M1001657,30年国债,2.1625,%,Wind MCP
2026-08-18,M1001657,30年国债,2.151,%,Wind MCP
2026-08-19,M1001657,30年国债,2.13,%,Wind MCP
2026-08-20,M1001657,30年国债,2.1315,%,Wind MCP
2026-08-21,M1001657,30年国债,2.132,%,Wind MCP
2026-08-24,M1001657,30年国债,2.1235,%,Wind MCP
2026-08-25,M1001657,30年国债,2.126,%,Wind MCP
2026-08-26,M1001657,30年国债,2.1328,%,Wind MCP
2026-08-27,M1001657,30年国债,2.146,%,Wind MCP
2026-08-28,M1001657,30年国债,2.15,%,Wind MCP
2026-08-31,M1001657,30年国债,2.15,%,Wind MCP
2026-09-01,M1001657,30年国债,2.139,%,Wind MCP
2026-01-05,M1002843,5年AAA信用债,2.0025,%,Wind MCP
2026-01-06,M1002843,5年AAA信用债,2.007,%,Wind MCP
2026-01-07,M1002843,5年AAA信用债,2.0139,%,Wind MCP
2026-01-08,M1002843,5年AAA信用债,2.0104,%,Wind MCP
2026-01-09,M1002843,5年AAA信用债,2.0151,%,Wind MCP
2026-01-12,M1002843,5年AAA信用债,2.0104,%,Wind MCP
2026-01-13,M1002843,5年AAA信用债,2.0035,%,Wind MCP
2026-01-14,M1002843,5年AAA信用债,2.0032,%,Wind MCP
2026-01-15,M1002843,5年AAA信用债,2.0002,%,Wind MCP
2026-01-16,M1002843,5年AAA信用债,1.9903,%,Wind MCP
2026-01-19,M1002843,5年AAA信用债,1.9954,%,Wind MCP
2026-01-20,M1002843,5年AAA信用债,1.9897,%,Wind MCP
2026-01-21,M1002843,5年AAA信用债,1.9815,%,Wind MCP
2026-01-22,M1002843,5年AAA信用债,1.9711,%,Wind MCP
2026-01-23,M1002843,5年AAA信用债,1.9642,%,Wind MCP
2026-01-26,M1002843,5年AAA信用债,1.9598,%,Wind MCP
2026-01-27,M1002843,5年AAA信用债,1.959,%,Wind MCP
2026-01-28,M1002843,5年AAA信用债,1.9602,%,Wind MCP
2026-01-29,M1002843,5年AAA信用债,1.9576,%,Wind MCP
2026-01-30,M1002843,5年AAA信用债,1.9552,%,Wind MCP
2026-02-02,M1002843,5年AAA信用债,1.9482,%,Wind MCP
2026-02-03,M1002843,5年AAA信用债,1.9448,%,Wind MCP
2026-02-04,M1002843,5年AAA信用债,1.9475,%,Wind MCP
2026-02-05,M1002843,5年AAA信用债,1.9491,%,Wind MCP
2026-02-06,M1002843,5年AAA信用债,1.9461,%,Wind MCP
2026-02-09,M1002843,5年AAA信用债,1.9349,%,Wind MCP
2026-02-10,M1002843,5年AAA信用债,1.9302,%,Wind MCP
2026-02-11,M1002843,5年AAA信用债,1.9329,%,Wind MCP
2026-02-12,M1002843,5年AAA信用债,1.9235,%,Wind MCP
2026-02-13,M1002843,5年AAA信用债,1.9147,%,Wind MCP
2026-02-24,M1002843,5年AAA信用债,1.9243,%,Wind MCP
2026-02-25,M1002843,5年AAA信用债,1.9247,%,Wind MCP
2026-02-26,M1002843,5年AAA信用债,1.9363,%,Wind MCP
2026-02-27,M1002843,5年AAA信用债,1.9407,%,Wind MCP
2026-03-02,M1002843,5年AAA信用债,1.9299,%,Wind MCP
2026-03-03,M1002843,5年AAA信用债,1.9252,%,Wind MCP
2026-03-04,M1002843,5年AAA信用债,1.9238,%,Wind MCP
2026-03-05,M1002843,5年AAA信用债,1.9159,%,Wind MCP
2026-03-06,M1002843,5年AAA信用债,1.9057,%,Wind MCP
2026-03-09,M1002843,5年AAA信用债,1.9103,%,Wind MCP
2026-03-10,M1002843,5年AAA信用债,1.9188,%,Wind MCP
2026-03-11,M1002843,5年AAA信用债,1.9187,%,Wind MCP
2026-03-12,M1002843,5年AAA信用债,1.9154,%,Wind MCP
2026-03-13,M1002843,5年AAA信用债,1.9191,%,Wind MCP
2026-03-16,M1002843,5年AAA信用债,1.9244,%,Wind MCP
2026-03-17,M1002843,5年AAA信用债,1.923,%,Wind MCP
2026-03-18,M1002843,5年AAA信用债,1.9203,%,Wind MCP
2026-03-19,M1002843,5年AAA信用债,1.9129,%,Wind MCP
2026-03-20,M1002843,5年AAA信用债,1.9098,%,Wind MCP
2026-03-23,M1002843,5年AAA信用债,1.915,%,Wind MCP
2026-03-24,M1002843,5年AAA信用债,1.9043,%,Wind MCP
2026-03-25,M1002843,5年AAA信用债,1.9016,%,Wind MCP
2026-03-26,M1002843,5年AAA信用债,1.9018,%,Wind MCP
2026-03-27,M1002843,5年AAA信用债,1.8966,%,Wind MCP
2026-03-30,M1002843,5年AAA信用债,1.8893,%,Wind MCP
2026-03-31,M1002843,5年AAA信用债,1.8788,%,Wind MCP
2026-04-01,M1002843,5年AAA信用债,1.8711,%,Wind MCP
2026-04-02,M1002843,5年AAA信用债,1.8682,%,Wind MCP
2026-04-03,M1002843,5年AAA信用债,1.8659,%,Wind MCP
2026-04-07,M1002843,5年AAA信用债,1.8604,%,Wind MCP
2026-04-08,M1002843,5年AAA信用债,1.853,%,Wind MCP
2026-04-09,M1002843,5年AAA信用债,1.846,%,Wind MCP
2026-04-10,M1002843,5年AAA信用债,1.8433,%,Wind MCP
2026-04-13,M1002843,5年AAA信用债,1.8386,%,Wind MCP
2026-04-14,M1002843,5年AAA信用债,1.841,%,Wind MCP
2026-04-15,M1002843,5年AAA信用债,1.8417,%,Wind MCP
2026-04-16,M1002843,5年AAA信用债,1.8412,%,Wind MCP
2026-04-17,M1002843,5年AAA信用债,1.8435,%,Wind MCP
2026-04-20,M1002843,5年AAA信用债,1.8344,%,Wind MCP
2026-04-21,M1002843,5年AAA信用债,1.8404,%,Wind MCP
2026-04-22,M1002843,5年AAA信用债,1.8379,%,Wind MCP
2026-04-23,M1002843,5年AAA信用债,1.8336,%,Wind MCP
2026-04-24,M1002843,5年AAA信用债,1.8384,%,Wind MCP
2026-04-27,M1002843,5年AAA信用债,1.8374,%,Wind MCP
2026-04-28,M1002843,5年AAA信用债,1.841,%,Wind MCP
2026-04-29,M1002843,5年AAA信用债,1.8479,%,Wind MCP
2026-04-30,M1002843,5年AAA信用债,1.8516,%,Wind MCP
2026-05-06,M1002843,5年AAA信用债,1.8526,%,Wind MCP
2026-05-07,M1002843,5年AAA信用债,1.8652,%,Wind MCP
2026-05-08,M1002843,5年AAA信用债,1.8575,%,Wind MCP
2026-05-11,M1002843,5年AAA信用债,1.8568,%,Wind MCP
2026-05-12,M1002843,5年AAA信用债,1.8555,%,Wind MCP
2026-05-13,M1002843,5年AAA信用债,1.8553,%,Wind MCP
2026-05-14,M1002843,5年AAA信用债,1.8519,%,Wind MCP
2026-05-15,M1002843,5年AAA信用债,1.8485,%,Wind MCP
2026-05-18,M1002843,5年AAA信用债,1.8386,%,Wind MCP
2026-05-19,M1002843,5年AAA信用债,1.8404,%,Wind MCP
2026-05-20,M1002843,5年AAA信用债,1.8323,%,Wind MCP
2026-05-21,M1002843,5年AAA信用债,1.8234,%,Wind MCP
2026-05-22,M1002843,5年AAA信用债,1.8199,%,Wind MCP
2026-05-25,M1002843,5年AAA信用债,1.8123,%,Wind MCP
2026-05-26,M1002843,5年AAA信用债,1.8066,%,Wind MCP
2026-05-27,M1002843,5年AAA信用债,1.8082,%,Wind MCP
2026-05-28,M1002843,5年AAA信用债,1.7912,%,Wind MCP
2026-05-29,M1002843,5年AAA信用债,1.7802,%,Wind MCP
2026-06-01,M1002843,5年AAA信用债,1.768,%,Wind MCP
2026-06-02,M1002843,5年AAA信用债,1.7577,%,Wind MCP
2026-06-03,M1002843,5年AAA信用债,1.7415,%,Wind MCP
2026-06-04,M1002843,5年AAA信用债,1.7335,%,Wind MCP
2026-06-05,M1002843,5年AAA信用债,1.7239,%,Wind MCP
2026-06-08,M1002843,5年AAA信用债,1.7312,%,Wind MCP
2026-06-09,M1002843,5年AAA信用债,1.7458,%,Wind MCP
2026-06-10,M1002843,5年AAA信用债,1.7545,%,Wind MCP
2026-06-11,M1002843,5年AAA信用债,1.7765,%,Wind MCP
2026-06-12,M1002843,5年AAA信用债,1.7986,%,Wind MCP
2026-06-15,M1002843,5年AAA信用债,1.8,%,Wind MCP
2026-06-16,M1002843,5年AAA信用债,1.8056,%,Wind MCP
2026-06-17,M1002843,5年AAA信用债,1.8174,%,Wind MCP
2026-06-18,M1002843,5年AAA信用债,1.7972,%,Wind MCP
2026-06-22,M1002843,5年AAA信用债,1.7767,%,Wind MCP
2026-06-23,M1002843,5年AAA信用债,1.7837,%,Wind MCP
2026-06-24,M1002843,5年AAA信用债,1.7803,%,Wind MCP
2026-06-25,M1002843,5年AAA信用债,1.7761,%,Wind MCP
2026-06-26,M1002843,5年AAA信用债,1.7716,%,Wind MCP
2026-06-29,M1002843,5年AAA信用债,1.7709,%,Wind MCP
2026-06-30,M1002843,5年AAA信用债,1.7654,%,Wind MCP
2026-07-01,M1002843,5年AAA信用债,1.7684,%,Wind MCP
2026-07-02,M1002843,5年AAA信用债,1.7772,%,Wind MCP
2026-07-03,M1002843,5年AAA信用债,1.7821,%,Wind MCP
2026-07-06,M1002843,5年AAA信用债,1.7868,%,Wind MCP
2026-07-07,M1002843,5年AAA信用债,1.7945,%,Wind MCP
2026-07-08,M1002843,5年AAA信用债,1.793,%,Wind MCP
2026-07-09,M1002843,5年AAA信用债,1.7943,%,Wind MCP
2026-07-10,M1002843,5年AAA信用债,1.7833,%,Wind MCP
2026-07-13,M1002843,5年AAA信用债,1.7886,%,Wind MCP
2026-07-14,M1002843,5年AAA信用债,1.7826,%,Wind MCP
2026-07-15,M1002843,5年AAA信用债,1.7787,%,Wind MCP
2026-07-16,M1002843,5年AAA信用债,1.7751,%,Wind MCP
2026-07-17,M1002843,5年AAA信用债,1.7797,%,Wind MCP
2026-07-20,M1002843,5年AAA信用债,1.7963,%,Wind MCP
2026-07-21,M1002843,5年AAA信用债,1.7924,%,Wind MCP
2026-07-22,M1002843,5年AAA信用债,1.7816,%,Wind MCP
2026-07-23,M1002843,5年AAA信用债,1.7737,%,Wind MCP
2026-07-24,M1002843,5年AAA信用债,1.7629,%,Wind MCP
2026-07-27,M1002843,5年AAA信用债,1.773,%,Wind MCP
2026-07-28,M1002843,5年AAA信用债,1.78,%,Wind MCP
2026-07-29,M1002843,5年AAA信用债,1.7864,%,Wind MCP
2026-07-30,M1002843,5年AAA信用债,1.7938,%,Wind MCP
2026-07-31,M1002843,5年AAA信用债,1.8136,%,Wind MCP
2026-08-03,M1002843,5年AAA信用债,1.7975,%,Wind MCP
2026-08-04,M1002843,5年AAA信用债,1.7922,%,Wind MCP
2026-08-05,M1002843,5年AAA信用债,1.8031,%,Wind MCP
2026-08-06,M1002843,5年AAA信用债,1.8053,%,Wind MCP
2026-08-07,M1002843,5年AAA信用债,1.7952,%,Wind MCP
2026-08-10,M1002843,5年AAA信用债,1.7819,%,Wind MCP
2026-08-11,M1002843,5年AAA信用债,1.7904,%,Wind MCP
2026-08-12,M1002843,5年AAA信用债,1.795,%,Wind MCP
2026-08-13,M1002843,5年AAA信用债,1.7761,%,Wind MCP
2026-08-14,M1002843,5年AAA信用债,1.7642,%,Wind MCP
2026-08-17,M1002843,5年AAA信用债,1.7714,%,Wind MCP
2026-08-18,M1002843,5年AAA信用债,1.7428,%,Wind MCP
2026-08-19,M1002843,5年AAA信用债,1.7277,%,Wind MCP
2026-08-20,M1002843,5年AAA信用债,1.7376,%,Wind MCP
2026-08-21,M1002843,5年AAA信用债,1.7505,%,Wind MCP
2026-08-24,M1002843,5年AAA信用债,1.744,%,Wind MCP
2026-08-25,M1002843,5年AAA信用债,1.7405,%,Wind MCP
2026-08-26,M1002843,5年AAA信用债,1.7426,%,Wind MCP
2026-08-27,M1002843,5年AAA信用债,1.7529,%,Wind MCP
2026-08-28,M1002843,5年AAA信用债,1.7456,%,Wind MCP
2026-08-31,M1002843,5年AAA信用债,1.746,%,Wind MCP
2026-09-01,M1002843,5年AAA信用债,1.7387,%,Wind MCP
2026-01-04,M1015589,5年AA银行二级资本债,2.4349,%,Wind MCP
2026-01-05,M1015589,5年AA银行二级资本债,2.4292,%,Wind MCP
2026-01-06,M1015589,5年AA银行二级资本债,2.436,%,Wind MCP
2026-01-07,M1015589,5年AA银行二级资本债,2.4448,%,Wind MCP
2026-01-08,M1015589,5年AA银行二级资本债,2.4456,%,Wind MCP
2026-01-09,M1015589,5年AA银行二级资本债,2.4335,%,Wind MCP
2026-01-12,M1015589,5年AA银行二级资本债,2.4344,%,Wind MCP
2026-01-13,M1015589,5年AA银行二级资本债,2.4203,%,Wind MCP
2026-01-14,M1015589,5年AA银行二级资本债,2.4092,%,Wind MCP
2026-01-15,M1015589,5年AA银行二级资本债,2.3928,%,Wind MCP
2026-01-16,M1015589,5年AA银行二级资本债,2.3845,%,Wind MCP
2026-01-19,M1015589,5年AA银行二级资本债,2.3695,%,Wind MCP
2026-01-20,M1015589,5年AA银行二级资本债,2.3702,%,Wind MCP
2026-01-21,M1015589,5年AA银行二级资本债,2.3552,%,Wind MCP
2026-01-22,M1015589,5年AA银行二级资本债,2.351,%,Wind MCP
2026-01-23,M1015589,5年AA银行二级资本债,2.3389,%,Wind MCP
2026-01-26,M1015589,5年AA银行二级资本债,2.3331,%,Wind MCP
2026-01-27,M1015589,5年AA银行二级资本债,2.3293,%,Wind MCP
2026-01-28,M1015589,5年AA银行二级资本债,2.3411,%,Wind MCP
2026-01-29,M1015589,5年AA银行二级资本债,2.3328,%,Wind MCP
2026-01-30,M1015589,5年AA银行二级资本债,2.3301,%,Wind MCP
2026-02-02,M1015589,5年AA银行二级资本债,2.3235,%,Wind MCP
2026-02-03,M1015589,5年AA银行二级资本债,2.3294,%,Wind MCP
2026-02-04,M1015589,5年AA银行二级资本债,2.335,%,Wind MCP
2026-02-05,M1015589,5年AA银行二级资本债,2.3283,%,Wind MCP
2026-02-06,M1015589,5年AA银行二级资本债,2.3166,%,Wind MCP
2026-02-09,M1015589,5年AA银行二级资本债,2.2918,%,Wind MCP
2026-02-10,M1015589,5年AA银行二级资本债,2.2733,%,Wind MCP
2026-02-11,M1015589,5年AA银行二级资本债,2.2452,%,Wind MCP
2026-02-12,M1015589,5年AA银行二级资本债,2.2209,%,Wind MCP
2026-02-13,M1015589,5年AA银行二级资本债,2.2202,%,Wind MCP
2026-02-14,M1015589,5年AA银行二级资本债,2.232,%,Wind MCP
2026-02-24,M1015589,5年AA银行二级资本债,2.2267,%,Wind MCP
2026-02-25,M1015589,5年AA银行二级资本债,2.2503,%,Wind MCP
2026-02-26,M1015589,5年AA银行二级资本债,2.2623,%,Wind MCP
2026-02-27,M1015589,5年AA银行二级资本债,2.2859,%,Wind MCP
2026-02-28,M1015589,5年AA银行二级资本债,2.2781,%,Wind MCP
2026-03-02,M1015589,5年AA银行二级资本债,2.2559,%,Wind MCP
2026-03-03,M1015589,5年AA银行二级资本债,2.2571,%,Wind MCP
2026-03-04,M1015589,5年AA银行二级资本债,2.2475,%,Wind MCP
2026-03-05,M1015589,5年AA银行二级资本债,2.2347,%,Wind MCP
2026-03-06,M1015589,5年AA银行二级资本债,2.2419,%,Wind MCP
2026-03-09,M1015589,5年AA银行二级资本债,2.269,%,Wind MCP
2026-03-10,M1015589,5年AA银行二级资本债,2.279,%,Wind MCP
2026-03-11,M1015589,5年AA银行二级资本债,2.2801,%,Wind MCP
2026-03-12,M1015589,5年AA银行二级资本债,2.2848,%,Wind MCP
2026-03-13,M1015589,5年AA银行二级资本债,2.2926,%,Wind MCP
2026-03-16,M1015589,5年AA银行二级资本债,2.307,%,Wind MCP
2026-03-17,M1015589,5年AA银行二级资本债,2.3213,%,Wind MCP
2026-03-18,M1015589,5年AA银行二级资本债,2.3093,%,Wind MCP
2026-03-19,M1015589,5年AA银行二级资本债,2.275,%,Wind MCP
2026-03-20,M1015589,5年AA银行二级资本债,2.2726,%,Wind MCP
2026-03-23,M1015589,5年AA银行二级资本债,2.2842,%,Wind MCP
2026-03-24,M1015589,5年AA银行二级资本债,2.2936,%,Wind MCP
2026-03-25,M1015589,5年AA银行二级资本债,2.2735,%,Wind MCP
2026-03-26,M1015589,5年AA银行二级资本债,2.2647,%,Wind MCP
2026-03-27,M1015589,5年AA银行二级资本债,2.2492,%,Wind MCP
2026-03-30,M1015589,5年AA银行二级资本债,2.2273,%,Wind MCP
2026-03-31,M1015589,5年AA银行二级资本债,2.2099,%,Wind MCP
2026-04-01,M1015589,5年AA银行二级资本债,2.2126,%,Wind MCP
2026-04-02,M1015589,5年AA银行二级资本债,2.2182,%,Wind MCP
2026-04-03,M1015589,5年AA银行二级资本债,2.2148,%,Wind MCP
2026-04-07,M1015589,5年AA银行二级资本债,2.1709,%,Wind MCP
2026-04-08,M1015589,5年AA银行二级资本债,2.1564,%,Wind MCP
2026-04-09,M1015589,5年AA银行二级资本债,2.1562,%,Wind MCP
2026-04-10,M1015589,5年AA银行二级资本债,2.1482,%,Wind MCP
2026-04-13,M1015589,5年AA银行二级资本债,2.1502,%,Wind MCP
2026-04-14,M1015589,5年AA银行二级资本债,2.1256,%,Wind MCP
2026-04-15,M1015589,5年AA银行二级资本债,2.1137,%,Wind MCP
2026-04-16,M1015589,5年AA银行二级资本债,2.1129,%,Wind MCP
2026-04-17,M1015589,5年AA银行二级资本债,2.1081,%,Wind MCP
2026-04-20,M1015589,5年AA银行二级资本债,2.0965,%,Wind MCP
2026-04-21,M1015589,5年AA银行二级资本债,2.0831,%,Wind MCP
2026-04-22,M1015589,5年AA银行二级资本债,2.072,%,Wind MCP
2026-04-23,M1015589,5年AA银行二级资本债,2.0714,%,Wind MCP
2026-04-24,M1015589,5年AA银行二级资本债,2.0979,%,Wind MCP
2026-04-27,M1015589,5年AA银行二级资本债,2.1218,%,Wind MCP
2026-04-28,M1015589,5年AA银行二级资本债,2.1319,%,Wind MCP
2026-04-29,M1015589,5年AA银行二级资本债,2.1123,%,Wind MCP
2026-04-30,M1015589,5年AA银行二级资本债,2.1042,%,Wind MCP
2026-05-06,M1015589,5年AA银行二级资本债,2.1173,%,Wind MCP
2026-05-07,M1015589,5年AA银行二级资本债,2.1232,%,Wind MCP
2026-05-08,M1015589,5年AA银行二级资本债,2.1145,%,Wind MCP
2026-05-09,M1015589,5年AA银行二级资本债,2.1142,%,Wind MCP
2026-05-11,M1015589,5年AA银行二级资本债,2.115,%,Wind MCP
2026-05-12,M1015589,5年AA银行二级资本债,2.0964,%,Wind MCP
2026-05-13,M1015589,5年AA银行二级资本债,2.0769,%,Wind MCP
2026-05-14,M1015589,5年AA银行二级资本债,2.0643,%,Wind MCP
2026-05-15,M1015589,5年AA银行二级资本债,2.0732,%,Wind MCP
2026-05-18,M1015589,5年AA银行二级资本债,2.0698,%,Wind MCP
2026-05-19,M1015589,5年AA银行二级资本债,2.0589,%,Wind MCP
2026-05-20,M1015589,5年AA银行二级资本债,2.0313,%,Wind MCP
2026-05-21,M1015589,5年AA银行二级资本债,2.0247,%,Wind MCP
2026-05-22,M1015589,5年AA银行二级资本债,2.0324,%,Wind MCP
2026-05-25,M1015589,5年AA银行二级资本债,2.0225,%,Wind MCP
2026-05-26,M1015589,5年AA银行二级资本债,2.0153,%,Wind MCP
2026-05-27,M1015589,5年AA银行二级资本债,2.0015,%,Wind MCP
2026-05-28,M1015589,5年AA银行二级资本债,1.9814,%,Wind MCP
2026-05-29,M1015589,5年AA银行二级资本债,1.9721,%,Wind MCP
2026-06-01,M1015589,5年AA银行二级资本债,1.9583,%,Wind MCP
2026-06-02,M1015589,5年AA银行二级资本债,1.9499,%,Wind MCP
2026-06-03,M1015589,5年AA银行二级资本债,1.9581,%,Wind MCP
2026-06-04,M1015589,5年AA银行二级资本债,1.9698,%,Wind MCP
2026-06-05,M1015589,5年AA银行二级资本债,1.9769,%,Wind MCP
2026-06-08,M1015589,5年AA银行二级资本债,2.0115,%,Wind MCP
2026-06-09,M1015589,5年AA银行二级资本债,2.0328,%,Wind MCP
2026-06-10,M1015589,5年AA银行二级资本债,2.0397,%,Wind MCP
2026-06-11,M1015589,5年AA银行二级资本债,2.0544,%,Wind MCP
2026-06-12,M1015589,5年AA银行二级资本债,2.0691,%,Wind MCP
2026-06-15,M1015589,5年AA银行二级资本债,2.033,%,Wind MCP
2026-06-16,M1015589,5年AA银行二级资本债,2.0136,%,Wind MCP
2026-06-17,M1015589,5年AA银行二级资本债,1.984,%,Wind MCP
2026-06-18,M1015589,5年AA银行二级资本债,1.9714,%,Wind MCP
2026-06-22,M1015589,5年AA银行二级资本债,1.9748,%,Wind MCP
2026-06-23,M1015589,5年AA银行二级资本债,1.9906,%,Wind MCP
2026-06-24,M1015589,5年AA银行二级资本债,2.0002,%,Wind MCP
2026-06-25,M1015589,5年AA银行二级资本债,1.9928,%,Wind MCP
2026-06-26,M1015589,5年AA银行二级资本债,1.9733,%,Wind MCP
2026-06-29,M1015589,5年AA银行二级资本债,1.9714,%,Wind MCP
2026-06-30,M1015589,5年AA银行二级资本债,1.9688,%,Wind MCP
2026-07-01,M1015589,5年AA银行二级资本债,1.9851,%,Wind MCP
2026-07-02,M1015589,5年AA银行二级资本债,1.9989,%,Wind MCP
2026-07-03,M1015589,5年AA银行二级资本债,1.9892,%,Wind MCP
2026-07-06,M1015589,5年AA银行二级资本债,1.9853,%,Wind MCP
2026-07-07,M1015589,5年AA银行二级资本债,1.971,%,Wind MCP
2026-07-08,M1015589,5年AA银行二级资本债,1.9813,%,Wind MCP
2026-07-09,M1015589,5年AA银行二级资本债,1.9746,%,Wind MCP
2026-07-10,M1015589,5年AA银行二级资本债,1.9764,%,Wind MCP
2026-07-13,M1015589,5年AA银行二级资本债,1.9809,%,Wind MCP
2026-07-14,M1015589,5年AA银行二级资本债,1.9722,%,Wind MCP
2026-07-15,M1015589,5年AA银行二级资本债,1.9728,%,Wind MCP
2026-07-16,M1015589,5年AA银行二级资本债,1.9664,%,Wind MCP
2026-07-17,M1015589,5年AA银行二级资本债,1.9651,%,Wind MCP
2026-07-20,M1015589,5年AA银行二级资本债,1.9548,%,Wind MCP
2026-07-21,M1015589,5年AA银行二级资本债,1.9622,%,Wind MCP
2026-07-22,M1015589,5年AA银行二级资本债,1.9655,%,Wind MCP
2026-07-23,M1015589,5年AA银行二级资本债,1.9483,%,Wind MCP
2026-07-24,M1015589,5年AA银行二级资本债,1.9563,%,Wind MCP
2026-07-27,M1015589,5年AA银行二级资本债,1.9617,%,Wind MCP
2026-07-28,M1015589,5年AA银行二级资本债,1.9627,%,Wind MCP
2026-07-29,M1015589,5年AA银行二级资本债,1.9628,%,Wind MCP
2026-07-30,M1015589,5年AA银行二级资本债,1.9686,%,Wind MCP
2026-07-31,M1015589,5年AA银行二级资本债,1.9492,%,Wind MCP
2026-08-03,M1015589,5年AA银行二级资本债,1.9453,%,Wind MCP
2026-08-04,M1015589,5年AA银行二级资本债,1.9458,%,Wind MCP
2026-08-05,M1015589,5年AA银行二级资本债,1.9491,%,Wind MCP
2026-08-06,M1015589,5年AA银行二级资本债,1.9449,%,Wind MCP
2026-08-07,M1015589,5年AA银行二级资本债,1.9458,%,Wind MCP
2026-08-10,M1015589,5年AA银行二级资本债,1.9439,%,Wind MCP
2026-08-11,M1015589,5年AA银行二级资本债,1.941,%,Wind MCP
2026-08-12,M1015589,5年AA银行二级资本债,1.9445,%,Wind MCP
2026-08-13,M1015589,5年AA银行二级资本债,1.9368,%,Wind MCP
2026-08-14,M1015589,5年AA银行二级资本债,1.9285,%,Wind MCP
2026-08-17,M1015589,5年AA银行二级资本债,1.909,%,Wind MCP
2026-08-18,M1015589,5年AA银行二级资本债,1.9004,%,Wind MCP
2026-08-19,M1015589,5年AA银行二级资本债,1.881,%,Wind MCP
2026-08-20,M1015589,5年AA银行二级资本债,1.911,%,Wind MCP
2026-08-21,M1015589,5年AA银行二级资本债,1.9229,%,Wind MCP
2026-08-24,M1015589,5年AA银行二级资本债,1.926,%,Wind MCP
2026-08-25,M1015589,5年AA银行二级资本债,1.9173,%,Wind MCP
2026-08-26,M1015589,5年AA银行二级资本债,1.9285,%,Wind MCP
2026-08-27,M1015589,5年AA银行二级资本债,1.9314,%,Wind MCP
2026-08-28,M1015589,5年AA银行二级资本债,1.9382,%,Wind MCP
2026-08-31,M1015589,5年AA银行二级资本债,1.9392,%,Wind MCP
2026-09-01,M1015589,5年AA银行二级资本债,1.9374,%,Wind MCP
