date,ah_premium,h50069_close
2024-01-02,147.56,2402.8448
2024-01-03,147.94,2388.8926
2024-01-04,147.32,2384.166
2024-01-05,147.21,2367.5073
2024-01-08,148.53,2324.9249
2024-01-09,149.12,2323.8634
2024-01-10,148.63,2312.8068
2024-01-11,147.57,2336.3895
2024-01-12,147.39,2329.1427
2024-01-15,147.71,2328.8578
2024-01-16,150.32,2282.5983
2024-01-17,153.51,2196.5936
2024-01-18,153.59,2210.7896
2024-01-19,153.84,2192.3591
2024-01-22,155.58,2132.3244
2024-01-23,153.3,2184.789
2024-01-24,151.2,2255.0329
2024-01-25,150.7,2300.1295
2024-01-26,153.61,2263.1366
2024-01-29,152.85,2274.6569
2024-01-30,154.89,2220.5467
2024-01-31,155.48,2191.3666
2024-02-01,154.47,2199.9996
2024-02-02,155.35,2197.7622
2024-02-05,156.84,2190.1164
2024-02-06,154.13,2269.7093
2024-02-07,154.7,2270.1074
2024-02-08,155.71,2257.5049
2024-02-09,157.89,
2024-02-14,157.43,
2024-02-15,157.12,
2024-02-16,153.46,
2024-02-19,156.09,2288.9997
2024-02-20,155.13,2304.9377
2024-02-21,153.7,2339.5952
2024-02-22,151.95,2372.3448
2024-02-23,151.8,2371.7652
2024-02-26,150.63,2358.8061
2024-02-27,150.4,2376.3031
2024-02-28,151.89,2338.8463
2024-02-29,153.79,2345.1341
2024-03-01,153.17,2353.5071
2024-03-04,152.07,2356.5292
2024-03-05,155.74,2301.8786
2024-03-06,152.73,2335.027
2024-03-07,153.48,2309.5524
2024-03-08,152.38,2329.6079
2024-03-11,151.67,2359.5881
2024-03-12,147.43,2424.0168
2024-03-13,146.84,2424.6007
2024-03-14,147.36,2410.6674
2024-03-15,149.13,2382.4687
2024-03-18,149.53,2393.6102
2024-03-19,150.1,2359.8611
2024-03-20,150.92,2366.8101
2024-03-21,148.58,2402.2918
2024-03-22,149.83,2353.9271
2024-03-25,150.88,2350.5446
2024-03-26,150.85,2368.0951
2024-03-27,151.75,2346.0569
2024-03-28,150.58,2361.1715
2024-03-29,,2361.1715
2024-04-01,,2361.1715
2024-04-02,150.59,2410.0173
2024-04-03,150.77,2388.0243
2024-04-05,153.02,
2024-04-08,151.2,2385.0135
2024-04-09,149.56,2402.017
2024-04-10,147.65,2435.3632
2024-04-11,147.54,2429.7017
2024-04-12,149.19,2385.369
2024-04-15,151.81,2369.6776
2024-04-16,153.09,2322.3181
2024-04-17,154.23,2327.3585
2024-04-18,152.52,2347.5295
2024-04-19,152.74,2327.4074
2024-04-22,151.51,2364.8504
2024-04-23,150.19,2403.8612
2024-04-24,148.64,2454.5327
2024-04-25,147.61,2462.9965
2024-04-26,146.89,2512.9739
2024-04-29,145.19,2530.2894
2024-04-30,145.33,2530.4995
2024-05-02,143.72,
2024-05-03,142.32,
2024-05-06,142.91,2636.5582
2024-05-07,142.62,2628.5857
2024-05-08,143.35,2603.7708
2024-05-09,141.71,2642.9008
2024-05-10,137.29,2701.0916
2024-05-13,136.39,2721.3271
2024-05-14,137.29,2715.9937
2024-05-15,,2715.9937
2024-05-16,133.5,2767.9036
2024-05-17,133.31,2778.7179
2024-05-20,133.32,2792.2722
2024-05-21,135.07,2730.2698
2024-05-22,134.98,2737.5306
2024-05-23,135.91,2700.5245
2024-05-24,135.92,2660.6719
2024-05-27,135.77,2693.5439
2024-05-28,135.36,2692.8704
2024-05-29,137.3,2648.9676
2024-05-30,139.02,2614.7824
2024-05-31,140.32,2594.4129
2024-06-03,138.72,2635.627
2024-06-04,138.78,2646.347
2024-06-05,138.71,2636.7962
2024-06-06,138.59,2642.599
2024-06-07,138.79,2629.8192
2024-06-11,139.88,2594.8081
2024-06-12,141.12,2569.9687
2024-06-13,140.7,2596.9226
2024-06-14,141.47,2584.3254
2024-06-17,141.04,2579.034
2024-06-18,140.81,2578.7548
2024-06-19,137.59,2642.8568
2024-06-20,137.37,2626.5503
2024-06-21,139.09,2587.9974
2024-06-24,138.62,2583.457
2024-06-25,137.99,2590.402
2024-06-26,138.45,2589.6852
2024-06-27,141.08,2538.0102
2024-06-28,141.33,2540.7771
2024-07-01,,2540.7771
2024-07-02,142.16,2542.6702
2024-07-03,141.84,2569.3288
2024-07-04,141.49,2573.4801
2024-07-05,142.14,2544.7446
2024-07-08,144.67,2506.8846
2024-07-09,146.0,2511.6572
2024-07-10,146.38,2496.156
2024-07-11,144.38,2543.22
2024-07-12,142.44,2597.9706
2024-07-15,144.82,2561.8456
2024-07-16,146.28,2524.1744
2024-07-17,147.4,2516.9501
2024-07-18,147.47,2525.7419
2024-07-19,149.94,2477.3854
2024-07-22,147.65,2508.4346
2024-07-23,147.27,2480.5104
2024-07-24,147.12,2456.6759
2024-07-25,149.85,2409.2454
2024-07-26,147.84,2417.7087
2024-07-29,147.8,2436.352
2024-07-30,149.0,2403.4662
2024-07-31,148.01,2460.0281
2024-08-01,147.93,2454.2893
2024-08-02,148.62,2407.7574
2024-08-05,151.3,2367.3879
2024-08-06,151.18,2367.1812
2024-08-07,148.39,2399.8115
2024-08-08,148.68,2401.4155
2024-08-09,147.65,2424.4098
2024-08-12,146.86,2429.5219
2024-08-13,147.27,2439.2082
2024-08-14,147.8,2426.9433
2024-08-15,147.81,2429.5852
2024-08-16,147.06,2462.8239
2024-08-19,148.3,2477.7091
2024-08-20,148.38,2468.3267
2024-08-21,149.0,2457.1524
2024-08-22,148.4,2483.6073
2024-08-23,148.88,2477.1387
2024-08-26,148.04,2504.3058
2024-08-27,147.13,2520.0779
2024-08-28,147.54,2491.2999
2024-08-29,146.97,2501.4801
2024-08-30,146.86,2524.5146
2024-09-02,147.18,2491.6877
2024-09-03,147.46,2484.4581
2024-09-04,148.18,2455.192
2024-09-05,149.13,2457.5048
2024-09-06,,2456.3191
2024-09-09,149.78,2422.5034
2024-09-10,151.55,2414.5135
2024-09-11,151.61,2398.6662
2024-09-12,150.51,2410.6709
2024-09-13,149.14,2430.4268
2024-09-16,148.72,
2024-09-17,146.66,
2024-09-18,,2468.0898
2024-09-19,147.48,2517.0887
2024-09-20,146.78,2546.9553
2024-09-23,146.69,2542.4767
2024-09-24,145.4,2644.5642
2024-09-25,145.31,2659.6324
2024-09-26,144.7,2779.5127
2024-09-27,143.15,2877.0726
2024-09-30,148.36,2967.0977
2024-10-02,136.57,
2024-10-03,138.28,
2024-10-04,133.63,
2024-10-07,128.49,
2024-10-08,150.94,2939.7956
2024-10-09,146.48,2888.3835
2024-10-10,144.66,2965.458
2024-10-11,,2965.458
2024-10-14,145.24,2939.1416
2024-10-15,145.36,2832.1855
2024-10-16,145.05,2833.2783
2024-10-17,146.18,2800.0515
2024-10-18,143.47,2903.0284
2024-10-21,144.59,2859.4357
2024-10-22,145.02,2866.1566
2024-10-23,144.27,2900.3293
2024-10-24,144.74,2860.1442
2024-10-25,143.89,2873.5392
2024-10-28,143.72,2876.1929
2024-10-29,143.4,2882.4272
2024-10-30,144.59,2839.947
2024-10-31,144.37,2826.2916
2024-11-01,144.22,2854.5
2024-11-04,145.25,2868.4367
2024-11-05,143.78,2933.5978
2024-11-06,144.52,2876.3109
2024-11-07,144.22,2934.447
2024-11-08,144.68,2903.8992
2024-11-11,145.93,2865.5418
2024-11-12,147.07,2788.2311
2024-11-13,147.73,2784.7824
2024-11-14,149.35,2733.964
2024-11-15,148.66,2730.5946
2024-11-18,147.06,2746.5815
2024-11-19,146.45,2759.8433
2024-11-20,146.37,2773.0542
2024-11-21,147.45,2754.648
2024-11-22,146.87,2696.9505
2024-11-25,147.18,2690.6363
2024-11-26,148.09,2689.0048
2024-11-27,147.42,2747.1411
2024-11-28,148.53,2715.586
2024-11-29,148.57,2726.517
2024-12-02,147.13,2745.0683
2024-12-03,146.15,2771.7515
2024-12-04,146.26,2768.3936
2024-12-05,146.68,2749.4475
2024-12-06,146.35,2791.0648
2024-12-09,141.68,2863.403
2024-12-10,144.94,2837.1563
2024-12-11,144.42,2824.8482
2024-12-12,144.06,2857.7457
2024-12-13,144.28,2801.2736
2024-12-16,145.07,2776.861
2024-12-17,145.75,2762.0238
2024-12-18,145.22,2786.8278
2024-12-19,144.7,2774.7538
2024-12-20,144.9,2771.0877
2024-12-23,143.78,2787.1413
2024-12-24,144.05,2814.8654
2024-12-25,,2814.8654
2024-12-26,,2814.8654
2024-12-27,143.93,2814.4167
2024-12-30,145.09,2810.2529
2024-12-31,143.0,2812.3912
2025-01-02,144.6,2754.1643
2025-01-03,143.13,2762.1864
2025-01-06,142.86,2750.007
2025-01-07,143.64,2712.3165
2025-01-08,144.5,2683.52
2025-01-09,143.89,2683.7367
2025-01-10,143.97,2655.477
2025-01-13,143.86,2630.9343
2025-01-14,143.59,2682.2813
2025-01-15,142.93,2688.0693
2025-01-16,142.39,2717.3617
2025-01-17,142.42,2725.8834
2025-01-20,141.11,2768.5692
2025-01-21,140.35,2790.3691
2025-01-22,140.57,2753.1569
2025-01-23,141.12,2744.1879
2025-01-24,140.09,2792.3267
2025-01-27,139.46,2813.2144
2025-01-28,141.31,
2025-02-03,142.39,
2025-02-04,139.06,
2025-02-05,138.33,2874.1818
2025-02-06,136.87,2914.4807
2025-02-07,137.24,2949.0104
2025-02-10,136.03,2994.5169
2025-02-11,137.48,2960.2572
2025-02-12,135.25,3041.4575
2025-02-13,137.41,3031.1456
2025-02-14,135.26,3146.2784
2025-02-17,135.47,3162.4359
2025-02-18,134.2,3208.4162
2025-02-19,134.45,3205.1728
2025-02-20,135.14,3157.2157
2025-02-21,133.72,3287.9722
2025-02-24,133.19,3260.9621
2025-02-25,133.59,3216.5771
2025-02-26,131.54,3316.2429
2025-02-27,131.87,3310.4057
2025-02-28,133.62,3200.3841
2025-03-03,133.4,3215.6633
2025-03-04,133.61,3211.2393
2025-03-05,132.61,3293.5415
2025-03-06,131.46,3402.8707
2025-03-07,131.43,3382.1214
2025-03-10,131.55,3322.6598
2025-03-11,132.79,3324.1755
2025-03-12,131.73,3305.9646
2025-03-13,132.03,3284.9277
2025-03-14,131.2,3352.8215
2025-03-17,130.64,3380.5356
2025-03-18,128.51,3462.1629
2025-03-19,128.68,3459.8652
2025-03-20,129.66,3386.2878
2025-03-21,130.55,3313.012
2025-03-24,129.64,3337.1935
2025-03-25,131.72,3260.8632
2025-03-26,131.69,3284.0429
2025-03-27,132.24,3300.8137
2025-03-28,132.71,3285.6754
2025-03-31,133.78,3238.829
2025-04-01,132.6,3263.9807
2025-04-02,132.21,3266.653
2025-04-03,133.54,3213.8689
2025-04-07,142.46,2774.119
2025-04-08,141.99,2819.8209
2025-04-09,140.19,2844.1077
2025-04-10,139.39,2901.6944
2025-04-11,136.67,2929.1573
2025-04-14,135.57,3006.3057
2025-04-15,135.81,3013.8977
2025-04-16,138.15,2956.2992
2025-04-17,137.55,3000.1275
2025-04-18,,3000.1275
2025-04-21,,3000.1275
2025-04-22,136.41,3036.3179
2025-04-23,135.61,3109.2156
2025-04-24,136.19,3094.3001
2025-04-25,135.8,3102.3916
2025-04-28,135.36,3100.9187
2025-04-29,136.09,3105.6053
2025-04-30,135.72,3122.6046
2025-05-02,134.03,
2025-05-06,135.25,3194.531
2025-05-07,135.88,3184.4268
2025-05-08,135.75,3195.2596
2025-05-09,135.44,3207.3488
2025-05-12,133.06,3301.0447
2025-05-13,134.9,3251.9247
2025-05-14,133.91,3320.2837
2025-05-15,134.57,3295.3597
2025-05-16,134.11,3272.293
2025-05-19,133.82,3272.0901
2025-05-20,133.0,3313.8763
2025-05-21,132.43,3337.9266
2025-05-22,133.18,3305.8062
2025-05-23,131.88,3312.5392
2025-05-26,132.93,3271.9093
2025-05-27,132.38,3287.7205
2025-05-28,132.41,3269.679
2025-05-29,131.65,3313.9183
2025-05-30,132.83,3272.0334
2025-06-02,134.34,
2025-06-03,132.5,3299.0285
2025-06-04,132.08,3329.2961
2025-06-05,131.54,3357.5259
2025-06-06,131.74,3347.7711
2025-06-09,130.54,3400.2641
2025-06-10,129.37,3404.0267
2025-06-11,127.85,3430.4116
2025-06-12,128.06,3396.8869
2025-06-13,128.05,3377.446
2025-06-16,127.51,3401.2135
2025-06-17,128.34,3386.1881
2025-06-18,129.54,3355.0531
2025-06-19,131.54,3282.8368
2025-06-20,130.57,3320.6124
2025-06-23,130.28,3343.9201
2025-06-24,129.06,3410.025
2025-06-25,128.56,3449.7876
2025-06-26,129.18,3429.6883
2025-06-27,128.6,3421.2953
2025-06-30,129.94,3395.5147
2025-07-01,,3395.5147
2025-07-02,129.51,3413.7711
2025-07-03,130.11,3401.8532
2025-07-04,130.88,3385.8378
2025-07-07,130.67,3386.7857
2025-07-08,130.01,3420.0441
2025-07-09,130.64,3389.4019
2025-07-10,129.61,3411.0184
2025-07-11,128.52,3426.5917
2025-07-14,127.73,3446.1162
2025-07-15,127.43,3502.7519
2025-07-16,127.45,3492.135
2025-07-17,127.65,3501.4461
2025-07-18,126.28,3542.6948
2025-07-21,125.44,3564.93
2025-07-22,124.83,3583.5597
2025-07-23,124.23,3638.4603
2025-07-24,123.71,3671.8786
2025-07-25,123.52,3634.8552
2025-07-28,123.44,3659.3055
2025-07-29,122.97,3665.2779
2025-07-30,124.19,3618.0208
2025-07-31,125.75,3564.4065
2025-08-01,126.5,3521.8628
2025-08-04,126.55,3561.1976
2025-08-05,126.04,3596.6925
2025-08-06,126.48,3606.9765
2025-08-07,125.79,3629.6068
2025-08-08,125.68,3600.202
2025-08-11,125.13,3611.4473
2025-08-12,124.47,3615.8642
2025-08-13,123.21,3706.3697
2025-08-14,123.21,3705.5417
2025-08-15,122.59,3692.5098
2025-08-18,123.42,3685.3126
2025-08-19,123.07,3677.6757
2025-08-20,124.05,3679.7545
2025-08-21,124.34,3680.5499
2025-08-22,125.33,3716.7026
2025-08-25,125.66,3780.2975
2025-08-26,126.17,3745.9199
2025-08-27,125.74,3688.3277
2025-08-28,126.66,3657.8897
2025-08-29,127.51,3668.6242
2025-09-01,126.72,3748.6649
2025-09-02,127.23,3727.69
2025-09-03,126.77,3710.1978
2025-09-04,127.71,3659.6745
2025-09-05,126.32,3724.5567
2025-09-08,121.02,3759.3968
2025-09-09,120.13,3800.8634
2025-09-10,119.26,3829.9381
2025-09-11,120.2,3820.2954
2025-09-12,119.17,3869.9151
2025-09-15,119.1,3877.4419
2025-09-16,118.81,3867.9152
2025-09-17,118.26,3931.2569
2025-09-18,117.49,3880.572
2025-09-19,117.11,3877.4831
2025-09-22,117.76,3858.5061
2025-09-23,119.29,3833.2267
2025-09-24,119.69,3887.9597
2025-09-25,119.81,3881.4254
2025-09-26,119.66,3833.0152
2025-09-29,118.41,3913.4221
2025-09-30,117.21,3954.1592
2025-10-02,115.63,
2025-10-03,116.05,
2025-10-06,116.7,
2025-10-08,117.14,
2025-10-09,117.34,3944.4083
2025-10-10,118.52,3864.9589
2025-10-13,118.33,3815.8503
2025-10-14,119.31,3734.753
2025-10-15,118.74,3809.9386
2025-10-16,118.73,3806.7904
2025-10-17,119.74,3705.0997
2025-10-20,119.06,3788.4757
2025-10-21,118.91,3816.7357
2025-10-22,119.3,3783.2323
2025-10-23,119.65,3805.6021
2025-10-24,118.58,3838.6639
2025-10-27,118.72,3889.4433
2025-10-28,119.43,3869.1107
2025-10-29,,3869.1107
2025-10-30,119.36,3871.2717
2025-10-31,119.82,3808.2799
2025-11-03,119.64,3837.5174
2025-11-04,120.12,3801.6368
2025-11-05,119.82,3800.3285
2025-11-06,118.53,3880.3823
2025-11-07,118.42,3841.3458
2025-11-10,117.62,3903.8343
2025-11-11,117.38,3911.929
2025-11-12,116.85,3939.709
2025-11-13,117.36,3971.5687
2025-11-14,118.48,3895.4395
2025-11-17,118.04,3870.0697
2025-11-18,119.83,3796.82
2025-11-19,120.61,3788.5009
2025-11-20,120.62,3786.6598
2025-11-21,122.15,3690.6
2025-11-24,120.64,3763.5684
2025-11-25,120.87,3787.577
2025-11-26,120.65,3789.1418
2025-11-27,120.43,3786.2903
2025-11-28,120.9,3780.7806
2025-12-01,120.93,3809.323
2025-12-02,120.6,3815.0648
2025-12-03,121.18,3770.3817
2025-12-04,120.52,3793.445
2025-12-05,119.79,3809.8213
2025-12-08,120.91,3768.3968
2025-12-09,121.69,3721.9744
2025-12-10,121.42,3736.2009
2025-12-11,121.23,3726.2597
2025-12-12,119.87,3794.796
2025-12-15,120.32,3739.7304
2025-12-16,121.5,3683.6356
2025-12-17,121.71,3717.9041
2025-12-18,122.27,3718.0615
2025-12-19,121.58,3752.4771
2025-12-22,121.44,3770.8917
2025-12-23,121.77,3763.4906
2025-12-24,122.03,3765.9077
2025-12-25,,3765.9077
2025-12-26,,3765.9077
2025-12-29,123.24,3734.3801
2025-12-30,122.7,3754.5545
2025-12-31,123.46,3731.3784
2026-01-02,120.89,
2026-01-05,123.19,3841.0434
2026-01-06,122.86,3893.5961
2026-01-07,122.54,3863.3018
2026-01-08,122.6,3819.8549
2026-01-09,122.73,3838.1716
2026-01-12,122.66,3893.7079
2026-01-13,122.09,3934.3616
2026-01-14,121.47,3966.0707
2026-01-15,121.09,3953.379
2026-01-16,120.43,3944.2039
2026-01-19,120.87,3900.4257
2026-01-20,121.23,3890.1727
2026-01-21,119.98,3909.903
2026-01-22,120.25,3913.8222
2026-01-23,119.63,3931.4804
2026-01-26,119.91,3931.5347
2026-01-27,118.91,3982.5461
2026-01-28,117.3,4075.0765
2026-01-29,117.52,4094.749
2026-01-30,118.56,4008.0275
2026-02-02,119.06,3914.1307
2026-02-03,118.92,3927.294
2026-02-04,119.27,3922.149
2026-02-05,119.33,3923.5126
2026-02-06,119.44,3873.2707
2026-02-09,118.71,3948.7802
2026-02-10,118.25,3966.9028
2026-02-11,118.11,3977.4707
2026-02-12,117.19,3947.4026
2026-02-13,117.42,3882.1289
2026-02-16,116.21,
2026-02-20,116.4,
2026-02-23,113.68,
2026-02-24,116.99,3883.618
2026-02-25,116.84,3906.4656
2026-02-26,118.81,3842.5382
2026-02-27,118.17,3874.9468
2026-03-02,120.04,3790.2283
2026-03-03,121.45,3729.0497
2026-03-04,121.99,3656.3873
2026-03-05,122.29,3663.9853
2026-03-06,121.26,3723.734
2026-03-09,122.55,3669.1216
2026-03-10,122.1,3764.2147
2026-03-11,122.37,3757.0124
2026-03-12,122.21,3726.7703
2026-03-13,122.17,3684.2729
2026-03-16,120.37,3728.8781
2026-03-17,121.1,3729.5809
2026-03-18,120.91,3755.9107
2026-03-19,121.12,3656.6033
2026-03-20,119.81,3619.4523
2026-03-23,120.79,3493.8884
2026-03-24,120.06,3595.5236
2026-03-25,119.51,3636.9378
2026-03-26,121.1,3561.9059
2026-03-27,120.48,3576.4289
2026-03-30,120.82,3542.0008
2026-03-31,121.29,3537.7878
2026-04-01,120.89,3625.1942
2026-04-02,120.41,3598.3768
2026-04-03,,3598.3768
2026-04-07,,3598.3768
2026-04-08,119.47,3725.7431
2026-04-09,118.95,3704.0549
2026-04-10,118.2,3725.3616
2026-04-13,118.5,3688.6319
2026-04-14,119.13,3719.6594
2026-04-15,119.51,3737.8671
2026-04-16,118.0,3801.5373
2026-04-17,118.38,3770.3304
2026-04-20,118.14,3799.2163
2026-04-21,117.44,3814.6223
2026-04-22,118.4,3767.613
2026-04-23,118.22,3725.9408
2026-04-24,117.96,3731.8561
2026-04-27,118.04,3716.2907
2026-04-28,119.42,3681.1533
2026-04-29,119.03,3740.7127
2026-04-30,120.55,3687.3928
2026-05-04,119.25,
2026-05-05,119.47,
2026-05-06,119.06,3752.815
2026-05-07,118.54,3824.7761
2026-05-08,119.06,3788.1827
2026-05-11,119.19,3788.0512
2026-05-12,118.47,3768.4925
2026-05-13,118.18,3773.4243
2026-05-14,117.92,3765.0626
2026-05-15,118.14,3702.8005
2026-05-18,118.52,3659.3822
2026-05-19,119.47,3678.0748
2026-05-20,118.95,3655.2236
2026-05-21,118.84,3614.9359
2026-05-22,118.31,3646.1208
2026-05-25,,3646.1208
2026-05-26,119.61,3647.3112
2026-05-27,119.02,3610.1609
2026-05-28,119.27,3559.6461
2026-05-29,119.08,3578.8233
2026-06-01,118.59,3613.2312
2026-06-02,117.83,3707.2508
2026-06-03,118.03,3651.2014
2026-06-04,118.91,3597.7288
2026-06-05,119.37,3546.6709
2026-06-08,119.61,3503.037
2026-06-09,120.61,3497.8732
2026-06-10,121.26,3467.1371
2026-06-11,121.29,3445.2101
2026-06-12,120.65,3513.9486
2026-06-15,119.28,3543.5266
2026-06-16,118.62,3493.0352
2026-06-17,119.72,3472.8908
2026-06-18,119.76,3422.3843
2026-06-22,120.99,3406.5151
2026-06-23,121.98,3340.4689
2026-06-24,121.48,3348.2517
2026-06-25,122.68,3307.2079
2026-06-26,122.43,3240.9033
2026-06-29,122.87,3288.4395
2026-06-30,122.86,3274.6391
2026-07-01,,3274.6391
2026-07-02,123.87,3287.7564
2026-07-03,123.3,3335.5223
2026-07-06,123.4,3370.7395
2026-07-07,124.07,3352.4711
2026-07-08,122.4,3437.2303
2026-07-09,123.82,3414.3741
2026-07-10,124.5,3427.714
2026-07-13,124.27,3417.1181
2026-07-14,124.5,3438.3223
2026-07-15,125.04,3492.632
2026-07-16,123.4,3532.5732
2026-07-17,124.02,3451.0061
2026-07-20,124.42,3530.9927
2026-07-21,123.74,3539.2607
2026-07-22,124.34,3503.2376
2026-07-23,123.61,3545.7115
2026-07-24,122.98,3500.4766
2026-07-27,122.85,3535.1649
2026-07-28,123.89,3539.8797
2026-07-29,122.49,3610.9673
2026-07-30,123.59,3610.803
