date,wind_code,index_name,dividend_yield_ttm
2026-07-13,000001.SH,上证指数,2.365
2026-07-13,000922.CSI,中证红利,5.1325
2026-07-13,884059.WI,央企大盘指数,3.536
2026-07-13,930915.CSI,港股通高股息CNY,5.3378
2026-07-13,931233.CSI,港股通央企红利,5.657
2026-07-13,HSI.HI,恒生指数,3.2592
2026-07-14,000001.SH,上证指数,2.3428
2026-07-14,000922.CSI,中证红利,5.0868
2026-07-14,884059.WI,央企大盘指数,3.5013
2026-07-14,930915.CSI,港股通高股息CNY,5.3277
2026-07-14,931233.CSI,港股通央企红利,5.6286
2026-07-14,HSI.HI,恒生指数,3.2482
2026-07-15,000001.SH,上证指数,2.2768
2026-07-15,000922.CSI,中证红利,4.7529
2026-07-15,884059.WI,央企大盘指数,3.2604
2026-07-15,930915.CSI,港股通高股息CNY,5.2997
2026-07-15,931233.CSI,港股通央企红利,5.6137
2026-07-15,HSI.HI,恒生指数,3.2015
2026-07-16,000001.SH,上证指数,2.3571
2026-07-16,000922.CSI,中证红利,4.8739
2026-07-16,884059.WI,央企大盘指数,3.3714
2026-07-16,930915.CSI,港股通高股息CNY,5.269
2026-07-16,931233.CSI,港股通央企红利,5.5948
2026-07-16,HSI.HI,恒生指数,3.1594
2026-07-17,000001.SH,上证指数,2.4634
2026-07-17,000922.CSI,中证红利,4.8259
2026-07-17,884059.WI,央企大盘指数,3.4986
2026-07-17,930915.CSI,港股通高股息CNY,5.2569
2026-07-17,931233.CSI,港股通央企红利,5.5762
2026-07-17,HSI.HI,恒生指数,3.216
2026-07-20,000001.SH,上证指数,2.2819
2026-07-20,000922.CSI,中证红利,4.3247
2026-07-20,884059.WI,央企大盘指数,2.9894
2026-07-20,930915.CSI,港股通高股息CNY,5.1355
2026-07-20,931233.CSI,港股通央企红利,5.4189
2026-07-20,HSI.HI,恒生指数,3.1386
2026-07-21,000001.SH,上证指数,2.2441
2026-07-21,000922.CSI,中证红利,4.419
2026-07-21,884059.WI,央企大盘指数,3.0075
2026-07-21,930915.CSI,港股通高股息CNY,5.1767
2026-07-21,931233.CSI,港股通央企红利,5.4647
2026-07-21,HSI.HI,恒生指数,3.1445
2026-07-22,000001.SH,上证指数,2.2478
2026-07-22,000922.CSI,中证红利,4.3689
2026-07-22,884059.WI,央企大盘指数,2.9791
2026-07-22,930915.CSI,港股通高股息CNY,5.1389
2026-07-22,931233.CSI,港股通央企红利,5.4456
2026-07-22,HSI.HI,恒生指数,3.1878
2026-07-23,000001.SH,上证指数,2.238
2026-07-23,000922.CSI,中证红利,4.3432
2026-07-23,884059.WI,央企大盘指数,2.9453
2026-07-23,930915.CSI,港股通高股息CNY,5.0543
2026-07-23,931233.CSI,港股通央企红利,5.3592
2026-07-23,HSI.HI,恒生指数,3.159
2026-07-24,000001.SH,上证指数,2.2872
2026-07-24,000922.CSI,中证红利,4.3705
2026-07-24,884059.WI,央企大盘指数,2.9682
2026-07-24,930915.CSI,港股通高股息CNY,5.0504
2026-07-24,931233.CSI,港股通央企红利,5.3581
2026-07-24,HSI.HI,恒生指数,3.1931
2026-07-27,000001.SH,上证指数,2.227
2026-07-27,000922.CSI,中证红利,4.3128
2026-07-27,884059.WI,央企大盘指数,2.9478
2026-07-27,930915.CSI,港股通高股息CNY,5.0067
2026-07-27,931233.CSI,港股通央企红利,5.3154
2026-07-27,HSI.HI,恒生指数,3.159
2026-07-28,000001.SH,上证指数,2.2694
2026-07-28,000922.CSI,中证红利,4.2612
2026-07-28,884059.WI,央企大盘指数,2.9546
2026-07-28,930915.CSI,港股通高股息CNY,4.981
2026-07-28,931233.CSI,港股通央企红利,5.2678
2026-07-28,HSI.HI,恒生指数,3.1432
2026-07-29,000001.SH,上证指数,2.2473
2026-07-29,000922.CSI,中证红利,4.2481
2026-07-29,884059.WI,央企大盘指数,2.9545
2026-07-29,930915.CSI,港股通高股息CNY,4.9143
2026-07-29,931233.CSI,港股通央企红利,5.202
2026-07-29,HSI.HI,恒生指数,3.0793
2026-07-30,000001.SH,上证指数,2.2843
2026-07-30,000922.CSI,中证红利,4.2061
2026-07-30,884059.WI,央企大盘指数,2.9264
2026-07-30,930915.CSI,港股通高股息CNY,4.8661
2026-07-30,931233.CSI,港股通央企红利,5.1316
2026-07-30,HSI.HI,恒生指数,3.0693
2026-07-31,000001.SH,上证指数,2.2985
2026-07-31,000922.CSI,中证红利,4.2635
2026-07-31,884059.WI,央企大盘指数,2.9857
2026-07-31,930915.CSI,港股通高股息CNY,4.8895
2026-07-31,931233.CSI,港股通央企红利,5.2002
2026-07-31,HSI.HI,恒生指数,3.0528
2026-08-03,000001.SH,上证指数,2.3042
2026-08-03,000922.CSI,中证红利,4.2756
2026-08-03,884059.WI,央企大盘指数,2.9976
2026-08-03,930915.CSI,港股通高股息CNY,4.9042
2026-08-03,931233.CSI,港股通央企红利,5.2218
2026-08-03,HSI.HI,恒生指数,3.0411
2026-08-04,000001.SH,上证指数,2.2966
2026-08-04,000922.CSI,中证红利,4.3916
2026-08-04,884059.WI,央企大盘指数,3.0383
2026-08-04,930915.CSI,港股通高股息CNY,4.9926
2026-08-04,931233.CSI,港股通央企红利,5.3244
2026-08-04,HSI.HI,恒生指数,3.0632
2026-08-05,000001.SH,上证指数,2.2629
2026-08-05,000922.CSI,中证红利,4.4444
2026-08-05,884059.WI,央企大盘指数,3.0456
2026-08-05,930915.CSI,港股通高股息CNY,5.0554
2026-08-05,931233.CSI,港股通央企红利,5.3667
2026-08-05,HSI.HI,恒生指数,3.0886
2026-08-06,000001.SH,上证指数,2.2495
2026-08-06,000922.CSI,中证红利,4.4007
2026-08-06,884059.WI,央企大盘指数,3.0356
2026-08-06,930915.CSI,港股通高股息CNY,5.078
2026-08-06,931233.CSI,港股通央企红利,5.3793
2026-08-06,HSI.HI,恒生指数,3.1237
2026-08-07,000001.SH,上证指数,2.2511
2026-08-07,000922.CSI,中证红利,4.4088
2026-08-07,884059.WI,央企大盘指数,3.0693
2026-08-07,930915.CSI,港股通高股息CNY,5.0786
2026-08-07,931233.CSI,港股通央企红利,5.3935
2026-08-07,HSI.HI,恒生指数,3.1129
2026-08-10,000001.SH,上证指数,2.2062
2026-08-10,000922.CSI,中证红利,4.392
2026-08-10,884059.WI,央企大盘指数,2.9808
2026-08-10,930915.CSI,港股通高股息CNY,5.0414
2026-08-10,931233.CSI,港股通央企红利,5.3594
2026-08-10,HSI.HI,恒生指数,3.0811
2026-08-14,000001.SH,上证指数,2.2481
2026-08-14,000922.CSI,中证红利,4.424
2026-08-14,884059.WI,央企大盘指数,3.0751
2026-08-14,930915.CSI,港股通高股息CNY,5.1967
2026-08-14,931233.CSI,港股通央企红利,5.3896
2026-08-14,HSI.HI,恒生指数,3.2405
2026-08-17,000001.SH,上证指数,2.1959
2026-08-17,000922.CSI,中证红利,4.42
2026-08-17,884059.WI,央企大盘指数,3.0195
2026-08-17,930915.CSI,港股通高股息CNY,5.0151
2026-08-17,931233.CSI,港股通央企红利,5.3374
2026-08-17,HSI.HI,恒生指数,3.1503
2026-08-18,000001.SH,上证指数,2.1919
2026-08-18,000922.CSI,中证红利,4.3643
2026-08-18,884059.WI,央企大盘指数,3.0014
2026-08-18,930915.CSI,港股通高股息CNY,5.0018
2026-08-18,931233.CSI,港股通央企红利,5.3093
2026-08-18,HSI.HI,恒生指数,3.1497
2026-08-19,000001.SH,上证指数,2.2444
2026-08-19,000922.CSI,中证红利,4.2968
2026-08-19,884059.WI,央企大盘指数,3.033
2026-08-19,930915.CSI,港股通高股息CNY,4.9922
2026-08-19,931233.CSI,港股通央企红利,5.2823
2026-08-19,HSI.HI,恒生指数,3.1479
2026-08-20,000001.SH,上证指数,2.2365
2026-08-20,000922.CSI,中证红利,4.3005
2026-08-20,884059.WI,央企大盘指数,3.0316
2026-08-20,930915.CSI,港股通高股息CNY,4.963
2026-08-20,931233.CSI,港股通央企红利,5.2328
2026-08-20,HSI.HI,恒生指数,3.1217
2026-08-21,000001.SH,上证指数,2.2621
2026-08-21,000922.CSI,中证红利,4.3002
2026-08-21,884059.WI,央企大盘指数,3.0135
2026-08-21,930915.CSI,港股通高股息CNY,4.9043
2026-08-21,931233.CSI,港股通央企红利,5.1702
2026-08-21,HSI.HI,恒生指数,3.0861
2026-08-24,000001.SH,上证指数,2.2695
2026-08-24,000922.CSI,中证红利,4.2321
2026-08-24,884059.WI,央企大盘指数,3.0017
2026-08-24,930915.CSI,港股通高股息CNY,4.9254
2026-08-24,931233.CSI,港股通央企红利,5.1856
2026-08-24,HSI.HI,恒生指数,3.1489
2026-08-25,000001.SH,上证指数,2.2652
2026-08-25,000922.CSI,中证红利,4.2375
2026-08-25,884059.WI,央企大盘指数,3.0005
2026-08-25,930915.CSI,港股通高股息CNY,5.4683
2026-08-25,931233.CSI,港股通央企红利,5.8297
2026-08-25,HSI.HI,恒生指数,3.3722
2026-08-26,000001.SH,上证指数,2.2474
2026-08-26,000922.CSI,中证红利,4.2231
2026-08-26,884059.WI,央企大盘指数,2.9864
2026-08-26,930915.CSI,港股通高股息CNY,5.455
2026-08-26,931233.CSI,港股通央企红利,5.8206
2026-08-26,HSI.HI,恒生指数,3.3481
2026-08-27,000001.SH,上证指数,2.2224
2026-08-27,000922.CSI,中证红利,4.3117
2026-08-27,884059.WI,央企大盘指数,2.9768
2026-08-27,930915.CSI,港股通高股息CNY,5.4707
2026-08-27,931233.CSI,港股通央企红利,5.8485
2026-08-27,HSI.HI,恒生指数,3.3504
2026-08-28,000001.SH,上证指数,2.2224
2026-08-28,000922.CSI,中证红利,4.2989
2026-08-28,884059.WI,央企大盘指数,2.9567
2026-08-28,930915.CSI,港股通高股息CNY,5.4373
2026-08-28,931233.CSI,港股通央企红利,5.8063
2026-08-28,HSI.HI,恒生指数,3.319
2026-08-31,000001.SH,上证指数,2.2041
2026-08-31,000922.CSI,中证红利,4.1563
2026-08-31,884059.WI,央企大盘指数,2.9341
2026-08-31,930915.CSI,港股通高股息CNY,5.3504
2026-08-31,931233.CSI,港股通央企红利,5.7144
2026-08-31,HSI.HI,恒生指数,3.3188
