date,wind_all_a_proxy_amount,hs300_amount,csi500_amount,csi1000_amount,csi2000_amount,hs300_share_pct,csi500_share_pct,csi1000_share_pct,csi2000_share_pct
2024-01-01,7698.27,1840.96,1068.4,1413.52,2328.19,23.913944301771693,13.878442818971015,18.361527979662963,30.243028628510043
2024-01-02,7698.27,1840.96,1068.4,1413.52,2328.19,23.913944301771693,13.878442818971015,18.361527979662963,30.243028628510043
2024-01-03,7186.54,1650.99,998.84,1311.79,2274.51,22.97336409454341,13.898760738825638,18.253429327604103,31.64958380528043
2024-01-04,6561.39,1655.12,910.11,1126.43,1994.49,25.225142843208527,13.870688985108337,17.167551387739486,30.397370069451746
2024-01-05,7163.49,1822.52,1010.85,1266.83,2130.7,25.441788848731555,14.111138565140735,17.68453644801626,29.743881822966177
2024-01-08,6390.85,1707.62,927.93,1126.34,1807.43,26.71976341175274,14.519664833316382,17.62425968376663,28.281527496342427
2024-01-09,6552.89,1722.76,909.6,1146.78,1921.41,26.290079644248564,13.880898351719622,17.500370065726724,29.321566514927
2024-01-10,6277.23,1597.78,842.28,1081.58,1888.99,25.453583825986943,13.418020368856965,17.230211414907533,30.09273198528651
2024-01-11,6875.73,1809.79,1061.52,1236.35,1897.62,26.321423325232374,15.438651604993217,17.98136343340998,27.598814962193106
2024-01-12,6525.32,1565.36,932.71,1182.9,1954.23,23.98901509811013,14.293705136299831,18.12784660369147,29.94841632287765
2024-01-15,5910.79,1443.32,880.28,1074.28,1743.43,24.4183941571262,14.892763911423007,18.17489709497377,29.495718846380942
2024-01-16,6633.64,1756.51,923.38,1136.7,1961.92,26.4788261045218,13.919657985660963,17.135388715697566,29.57531611603886
2024-01-17,6195.7,1735.16,879.31,1041.39,1753.68,28.005875042368096,14.192262375518505,16.808270251948933,28.304792033184306
2024-01-18,8429.09,2567.85,1234.36,1429.66,2201.96,30.4641426298687,14.64404817127353,16.961024262405548,26.123341902862585
2024-01-19,6468.89,1912.62,920.39,1091.75,1739.31,29.56643257189409,14.22794327929521,16.87692942684139,26.887302149209525
2024-01-22,7751.18,2255.1,1156.23,1396.01,2041.44,29.093634775608358,14.916825567203961,18.010290046160712,26.337151246648897
2024-01-23,6855.73,1937.91,1078.09,1241.63,1762.32,28.26701168219869,15.725385918056867,18.110835753450036,25.705796465146673
2024-01-24,7454.6,2190.36,1126.83,1352.22,1910.05,29.382663053684972,15.115901590963968,18.13940385802055,25.622434469991678
2024-01-25,8692.38,2655.21,1348.23,1583.19,2124.57,30.54640961393773,15.510481594223908,18.213538754633372,24.441752431439955
2024-01-26,8053.97,2381.45,1192.33,1500.31,1996.41,29.568647511724027,14.80425181618506,18.62820447555677,24.7878996321069
2024-01-29,7803.21,2446.98,1178.35,1412.95,1897.29,31.35863317788449,15.100836706944962,18.10729174275715,24.314224530673915
2024-01-30,6401.3,1995.93,954.74,1175.87,1557.33,31.180072797712967,14.914782934716387,18.369237498633087,24.328339556027682
2024-01-31,7382.13,2153.33,1165.93,1393.0,1827.79,29.16949444130623,15.7939510683231,18.869892564883035,24.759656088418925
2024-02-01,6855.56,2038.15,1075.09,1291.0,1672.52,29.729883481436964,15.682015765305824,18.831430255150565,24.396548203210237
2024-02-02,7866.58,2344.95,1249.53,1500.01,1886.83,29.809014845078803,15.884030925764437,19.068133801474087,23.985391364481135
2024-02-05,8604.13,2797.13,1435.47,1662.07,1837.42,32.509155486958015,16.68349966818261,19.31711863953706,21.355093426064
2024-02-06,9083.58,2850.42,1564.85,1693.31,1991.01,31.37991849028687,17.227238599759126,18.641438727902436,21.918780921178655
2024-02-07,10001.76,2979.98,2126.18,1887.13,2002.98,29.79455615811617,21.25805858168962,18.867979235654524,20.026275375533906
2024-02-08,9930.8,2702.4,2122.56,1922.62,2163.64,27.212309179522297,21.37350465219318,19.360172392959278,21.787167197003264
2024-02-19,9338.24,2676.74,1728.06,1858.85,2083.23,28.664287917209236,18.505200123363714,19.905785244328694,22.3085934822836
2024-02-20,7683.96,2184.59,1332.42,1510.79,1791.55,28.430522803346193,17.340277669326753,19.66160677567296,23.315451928432733
2024-02-21,9547.07,2918.24,1555.61,1780.53,2215.17,30.56686501722518,16.294109082681913,18.650015135533728,23.202616090591146
2024-02-22,8001.7,2250.98,1275.47,1468.39,2023.22,28.131272104677755,15.939987752602573,18.350975417723735,25.284876963645225
2024-02-23,8969.85,2329.26,1454.42,1675.41,2368.93,25.967658322045523,16.214540934352303,18.67823876653456,26.409917668634364
2024-02-26,9602.29,2389.52,1526.01,1802.23,2675.5,24.884897248468853,15.892146560872458,18.768752037274442,27.86314514558506
2024-02-27,9619.44,2444.89,1572.02,1834.76,2560.54,25.41613649027386,16.342115549345905,19.07345957768851,26.618389428074813
2024-02-28,13190.2,3283.01,2141.35,2518.6,3611.0,24.88976664493336,16.234401297933314,19.09447923458325,27.376385498324513
2024-02-29,10259.32,2819.72,1789.76,1852.2,2577.11,27.484472655107744,17.44521079369783,18.053828128959815,25.11969604223282
2024-03-01,10283.81,2885.76,1711.03,1963.39,2574.03,28.061195218503656,16.63809424717104,19.09204856954767,25.029925679295907
2024-03-04,10505.36,2977.2,1759.06,1997.65,2639.01,28.33981891148899,16.744404760998194,19.015531119352406,25.120605100634343
2024-03-05,10398.97,2998.96,1742.83,1964.28,2578.57,28.839010017338257,16.75964061825354,18.889178447480855,24.796398104812305
2024-03-06,9062.77,2482.94,1468.43,1649.79,2407.47,27.397142374792693,16.20288278307846,18.20403695558863,26.564394771135092
2024-03-07,9510.8,2518.4,1574.42,1675.25,2595.63,26.479370820540858,16.55402279513816,17.614185978046013,27.29139504563234
2024-03-08,8343.16,2253.79,1440.04,1475.32,2221.63,27.013625532771755,17.260126858408565,17.682988220290632,26.628160073641165
2024-03-11,9795.12,2864.19,1735.89,1751.53,2376.16,29.240989390635335,17.721988092029502,17.881659438577575,24.25861041008175
2024-03-12,11181.88,3399.97,1788.49,1989.09,2750.37,30.406067673772206,15.994537591174293,17.788511413107635,24.59666889646464
2024-03-13,10287.93,2668.99,1645.26,2003.55,2744.86,25.942925350386325,15.992138360194907,19.474763144772563,26.680391487889203
2024-03-14,9823.89,2638.04,1573.37,1844.1,2600.36,26.853313707706416,16.015753433721265,18.771586408235436,26.469758924417924
2024-03-15,9215.52,2439.92,1587.19,1715.73,2370.71,26.476205357917948,17.22301074708752,18.617831657898847,25.725189680018058
2024-03-18,11101.35,2953.15,1907.94,2120.7,2862.96,26.601719610677982,17.186558391546974,19.10308205758759,25.789295896445026
2024-03-19,10495.34,2595.53,1766.62,2023.58,2918.09,24.730308879941003,16.83242277048671,19.28074745553741,27.803672868149103
2024-03-20,9714.44,2237.52,1570.36,1998.62,2726.66,23.03292830055052,16.16521384660361,20.573702652957863,28.068113035851784
2024-03-21,10370.46,2331.62,1592.52,2156.21,2999.28,22.483284251614684,15.356310134748123,20.791845299051346,28.92137860808489
2024-03-22,10692.46,2488.51,1631.86,2265.06,2977.53,23.273503010532657,15.26178260194567,21.18371263488477,27.84700620811301
2024-03-25,10180.64,2337.47,1562.52,2246.13,2800.81,22.959951437237734,15.347954549026388,22.062758333464302,27.511138788917005
2024-03-26,9341.37,2267.31,1452.96,1972.61,2527.25,24.271707469032915,15.554035435915717,21.116923962973306,27.054382815368623
2024-03-27,8681.56,2164.05,1298.29,1839.79,2308.42,24.92697165025641,14.954570376752566,21.19192863955326,26.589921626988698
2024-03-28,9092.47,2325.31,1406.13,1875.97,2389.94,25.57401894094784,15.464774698184325,20.632127463714482,26.28482689522209
2024-03-29,8359.15,2017.49,1265.74,1773.37,2268.88,24.135109430982816,15.141970176393535,21.214716807330888,27.14247261982379
2024-04-01,9760.32,2516.37,1665.53,2024.13,2432.22,25.781634208714465,17.06429707222714,20.738356939116752,24.919469853447428
2024-04-02,9434.98,2202.08,1557.8,2018.31,2511.29,23.33953013148942,16.510898804236998,21.391778254961853,26.61680257933774
2024-04-03,8947.3,2142.23,1541.14,1917.3,2301.83,23.942753679881086,17.22463760016989,21.4288109262012,25.726532026421378
2024-04-08,9082.79,2432.49,1612.61,1867.31,2160.52,26.781308386519996,17.754566603433524,20.558771038414406,23.78696413767135
2024-04-09,7757.11,1958.94,1332.63,1602.93,2013.42,25.253477132591907,17.17946503272482,20.664010179048642,25.95580054943143
2024-04-10,8074.78,1997.55,1322.51,1644.78,2195.06,24.738135280465844,16.378279036704406,20.36934752401923,27.184146193456666
2024-04-11,7905.44,2002.93,1412.91,1627.48,1998.81,25.336097674512743,17.872629480459025,20.586836406322735,25.28398166325973
2024-04-12,7868.16,2085.66,1361.45,1553.86,1979.73,26.507595168374813,17.303283105579958,19.748708719700666,25.16128294289898
2024-04-15,9674.47,2674.72,1692.69,1883.83,2366.46,27.647199278099986,17.496462338505367,19.472177804055416,24.46087485929462
2024-04-16,9219.51,2533.16,1687.78,1881.23,2191.77,27.47608061599803,18.306612824325804,20.404880519680546,23.77317232694579
2024-04-17,8918.34,2449.88,1556.61,1812.06,2127.49,27.470134576614036,17.454032925409884,20.318355209601783,23.855224178490612
2024-04-18,9224.88,2613.3,1673.39,1876.26,2095.87,28.328823789577758,18.1399649643139,20.339126362619353,22.71975353608936
2024-04-19,8363.38,2262.3,1560.1,1765.33,1930.68,27.05006827383188,18.653941349071786,21.10785352333626,23.08492499444005
2024-04-22,7999.3,2295.11,1501.9,1659.7,1781.7,28.69138549623092,18.7753928468741,20.748065455727378,22.273198904904177
2024-04-23,7555.97,2132.57,1390.19,1549.49,1738.52,28.22364302663986,18.398564314045714,20.506831022357154,23.008561442144423
2024-04-24,7741.27,1953.0,1394.71,1659.41,1912.64,25.228418592814872,18.016552839521164,21.435888426576,24.70705711078415
2024-04-25,7520.17,1845.25,1275.45,1640.9,1961.16,24.53734423556914,16.960387863572233,21.819985452456528,26.078665774842857
2024-04-26,10607.73,3080.45,1937.89,2195.84,2355.83,29.039672012768047,18.268658798819352,20.700376046524564,22.2086157924457
2024-04-29,11865.14,3587.1,2121.49,2474.12,2527.02,30.232260217747115,17.880025014454105,20.85200848873254,21.297852364152465
2024-04-30,10102.13,2866.74,1751.44,2058.51,2338.19,28.377579777730045,17.33733380980051,20.37698980314053,23.145514856767832
2024-05-06,10807.93,3332.7,1879.07,2134.62,2348.24,30.83569194100998,17.386030442462154,19.750498013958268,21.72700970491111
2024-05-07,9472.69,2473.68,1621.56,1973.55,2302.03,26.11380716565199,17.11826313328104,20.834103090040948,24.30175588982644
2024-05-08,8446.2,1999.23,1394.73,1861.81,2199.83,23.670171201250266,16.513106485756907,22.043167341526367,26.045203760270887
2024-05-09,8802.77,2326.95,1540.0,1869.69,2141.43,26.43429284191226,17.494493210659826,21.239791565609462,24.32677441305407
2024-05-10,8918.94,2337.31,1440.27,1901.62,2290.64,26.206141088515,16.148443649133192,21.321143543963743,25.682872628361665
2024-05-13,8883.86,2496.88,1461.6,1831.09,2169.98,28.105800856834755,16.45230789319057,20.611423412795787,24.42609406271598
2024-05-14,8045.13,2146.44,1325.92,1712.73,1989.83,26.67999149796212,16.48102640976591,21.28902826927595,24.73334800059166
2024-05-15,7407.78,1914.81,1215.26,1577.4,1884.88,25.848634813668873,16.405184819203594,21.293828920405307,25.444600136613133
2024-05-16,8272.92,2402.89,1331.49,1637.26,1970.39,29.045246418435084,16.094559115765655,19.790593889461036,23.81734623325259
2024-05-17,8642.75,2477.3,1392.45,1749.24,2069.47,28.663330537155424,16.11119146105117,20.239391397414018,23.94457782534494
2024-05-20,9707.47,2799.71,1635.72,1946.5,2257.8,28.84077931737106,16.850116456708083,20.0515685343349,23.25837731149311
2024-05-21,7760.77,1965.75,1238.32,1643.85,1983.73,25.329316549775342,15.956148681123134,21.18153224486745,25.56099459203146
2024-05-22,8065.18,2308.39,1265.73,1596.18,2006.28,28.62167986331365,15.693760089669418,19.79100280464912,24.87582422215003
2024-05-23,8181.33,2142.05,1357.49,1650.79,2094.95,26.182173314118856,16.592534465667562,20.17752614794905,25.606472297291518
2024-05-24,7364.51,1953.45,1173.96,1445.9,1966.81,26.525186332831375,15.940775421582698,19.633349672958555,26.706596908687747
2024-05-27,7514.33,2061.44,1247.86,1450.62,1917.29,27.43345048726899,16.606404030698677,19.3047151243025,25.515115785439285
2024-05-28,7192.81,1843.81,1209.79,1422.42,1902.17,25.6340706900363,16.819434963526074,19.775581448696684,26.44543648448937
2024-05-29,6865.72,1790.73,1127.63,1315.51,1856.84,26.08218802980605,16.42406040444411,19.160554173487995,27.045087769381798
2024-05-30,7006.68,1930.7,1147.58,1335.6,1838.66,27.555133101554517,16.378370355146803,19.06180958742229,26.241529511837275
2024-05-31,6895.06,1807.08,1130.2,1337.2,1855.14,26.20832886153275,16.391445469655086,19.393594834562716,26.905349627124348
2024-06-03,8012.76,2227.57,1295.44,1568.48,1997.35,27.800283547741355,16.167213294794802,19.574778228725183,24.927116249581914
2024-06-04,7185.0,1957.91,1178.36,1381.33,1855.31,27.249965205288795,16.40027835768963,19.22519137091162,25.821990257480863
2024-06-05,6614.15,1826.4,1116.08,1290.81,1643.6,27.61352554750044,16.874125926989862,19.51588639507722,24.84975393663585
2024-06-06,8157.85,2267.64,1357.4,1591.89,2060.97,27.797029854679845,16.639188021353664,19.513597332630532,25.26364176835808
2024-06-07,6916.34,2130.02,1185.54,1271.52,1597.99,30.79692438486251,17.14114690717923,18.384289956826876,23.104561082884878
2024-06-11,6777.5,2192.82,1196.61,1309.22,1433.02,32.35440796753966,17.655625230542235,19.31715234230911,21.1437845813353
2024-06-12,6630.8,2007.23,1113.41,1252.94,1566.69,30.271309645894913,16.791488206551247,18.895759184412135,23.627465765820112
2024-06-13,7180.59,2147.92,1231.94,1380.18,1674.56,29.912862313542483,17.15652892032549,19.22098323396824,23.320646353572617
2024-06-14,8139.0,2837.69,1460.09,1479.39,1581.93,34.86533972232461,17.939427448089447,18.176557316623665,19.436417250276445
2024-06-17,7356.74,2322.94,1357.04,1401.85,1501.4,31.575670745466066,18.446213948025893,19.055315261923077,20.408496154546718
2024-06-18,7204.52,2088.24,1203.91,1398.17,1668.82,28.98513710837085,16.710481753121652,19.406844592006127,23.16351401620094
2024-06-19,6878.7,1847.9,1117.41,1376.97,1707.94,26.864087690988125,16.24449387238868,20.017881285708057,24.82940090424063
2024-06-20,7025.43,1865.16,1130.63,1451.62,1741.25,26.54869524000666,16.093392148238614,20.66236515060288,24.784959781821183
2024-06-21,6048.14,1827.37,980.9,1133.14,1393.67,30.213751665801386,16.218209234574594,18.735346734698602,23.04295204806767
2024-06-24,6808.58,1957.88,1131.08,1336.43,1572.8,28.756069547541486,16.612568259460854,19.62861565847798,23.100264666053715
2024-06-25,6360.67,1908.86,1046.84,1163.21,1440.48,30.010360543779193,16.458014643111497,18.287538891343207,22.646670869578205
2024-06-26,6281.19,1715.38,1021.52,1257.81,1503.13,27.309793207974923,16.26316032471554,20.025027104736523,23.930656452041735
2024-06-27,6124.28,1741.13,973.65,1146.45,1487.89,28.429954215026093,15.898195379701777,18.71975154630422,24.294937527350157
2024-06-28,6897.61,2051.19,1147.43,1299.4,1570.99,29.737691751200778,16.635182331271267,18.838409246101186,22.775860044276207
2024-07-01,6462.71,1880.18,1108.21,1233.13,1474.9,29.092749017053222,17.14775999541988,19.080695250135008,22.82169554258198
2024-07-02,6335.59,1861.05,1059.03,1169.69,1461.2,29.37453338994474,16.715570294163605,18.46221109636198,23.063361107647435
2024-07-03,5680.61,1630.35,961.21,1038.16,1355.29,28.700262823886874,16.92089405891269,18.275502102767135,23.858177202800405
2024-07-04,5700.67,1594.77,987.72,1070.67,1352.96,27.975132747554234,17.32638444253044,18.78147656328116,23.733350641240417
2024-07-05,5603.45,1814.17,937.25,1009.19,1193.63,32.375946961247095,16.726302545753065,18.010154458414014,21.301698061015983
2024-07-08,5699.24,1775.6,967.89,1092.18,1188.35,31.155031197142076,16.98279068788119,19.163607779282856,20.85102575080186
2024-07-09,7109.89,2150.49,1267.05,1396.61,1499.47,30.24645950921884,17.820950816398,19.643201230961377,21.08991840942687
2024-07-10,6656.55,1981.49,1172.45,1331.74,1407.03,29.7675222149612,17.613478453553267,20.006459802750673,21.137526196002433
2024-07-11,7733.84,2375.51,1331.28,1528.71,1666.38,30.71578931035553,17.213699792082586,19.766506677148737,21.54660556722146
2024-07-12,6744.62,2050.56,1155.94,1263.58,1472.8,30.402898903125752,17.138697213482747,18.734635902393315,21.836663889144237
2024-07-15,5917.7,1715.85,1027.35,1168.91,1309.51,28.995217736620642,17.36062997448333,19.752775571590316,22.128698649813273
2024-07-16,6309.88,2004.56,1136.48,1197.09,1257.23,31.768591478760293,18.011119070410214,18.97167616499838,19.92478462347937
2024-07-17,6681.79,2228.31,1179.33,1214.46,1303.58,33.34899779849412,17.649911176496115,18.175668496016787,19.509442828942543
2024-07-18,6614.68,2157.84,1152.84,1262.88,1321.22,32.62198624876789,17.428507501496668,19.092080040153114,19.974057701959882
2024-07-19,6582.63,2280.65,1119.89,1204.85,1279.0,34.64648628283832,17.01280491232228,18.303474447143465,19.429923905794492
2024-07-22,6446.6,2174.57,1103.08,1176.56,1224.94,33.73204479880867,17.111035274408213,18.25086091893401,19.001334036546396
2024-07-23,6483.71,2028.58,1105.78,1214.82,1349.19,31.28733394923585,17.054741806774206,18.736495000547528,20.808919584620533
2024-07-24,6155.99,1848.84,1030.27,1188.6,1356.07,30.033187188413237,16.736057076116108,19.308023567289744,22.028463334085988
2024-07-25,5786.12,1901.31,958.85,1058.63,1201.11,32.859843902304135,16.57155399473222,18.29602566141041,20.758470270232902
2024-07-26,5955.98,1878.53,941.19,1084.78,1323.16,31.540233513208577,15.80243721436271,18.213291515418117,22.215655526042735
2024-07-29,5761.26,1666.97,909.79,1088.23,1317.19,28.93412204969052,15.791510884771734,18.8887500303753,22.86288068929366
2024-07-30,5883.55,1654.43,861.81,1121.28,1446.94,28.119587663910394,14.647789174902906,19.057881721069762,24.592975329520442
2024-07-31,8875.13,2582.49,1466.02,1689.66,2084.38,29.0980526482429,16.51829325316925,19.038143666627985,23.485627816155937
2024-08-01,7669.24,2060.38,1197.66,1502.11,1954.47,26.86550427421753,15.616410491782759,19.58616499157674,25.48453301761322
2024-08-02,7069.53,1796.71,1056.55,1417.17,1907.28,25.414843702480933,14.945123650369968,20.04616997169543,26.978879784087482
2024-08-05,7734.15,2236.31,1234.87,1474.9,1915.58,28.914748227019132,15.966460438445077,19.069968904145902,24.767815467763103
2024-08-06,6395.44,1817.25,1052.86,1191.29,1576.56,28.41477677845465,16.462667150344622,18.627178114406515,24.651314061268657
2024-08-07,5797.63,1450.79,968.35,1088.24,1594.8,25.02384595084543,16.70251464822695,18.770428606171834,27.507791977066486
2024-08-08,6058.88,1494.83,953.64,1181.55,1651.78,24.67172150628499,15.73954262173867,19.501128921516848,27.262134255836063
2024-08-09,5498.36,1428.52,880.58,1019.04,1429.97,25.98083792258055,16.015320932059744,18.533526360587523,26.00720942244597
2024-08-12,4851.4,1175.45,763.76,935.8,1301.05,24.229088510533046,15.743084470462135,19.289277322010143,26.818031908315128
2024-08-13,4679.9,1252.59,711.01,890.86,1199.44,26.765315498194408,15.192846000982929,19.035876834975106,25.62960747024509
2024-08-14,4672.61,1181.82,683.08,887.73,1260.66,25.292502477202248,14.618810472091617,18.998589653320096,26.979782177412627
2024-08-15,5800.73,1492.49,837.13,1117.83,1569.89,25.72934785794202,14.431459488719526,19.270505608776826,27.063662676938943
2024-08-16,5784.21,1358.85,819.27,1084.14,1691.72,23.492404321419862,14.163904837479965,18.743095427033253,29.247209212666895
2024-08-19,5586.57,1434.22,807.42,1049.05,1566.03,25.672639920380487,14.45287537791525,18.77806954893611,28.032048287231703
2024-08-20,5464.28,1379.11,813.52,1078.72,1490.47,25.238640772434795,14.887963281530228,19.741301690250136,27.27660368795157
2024-08-21,4984.18,1300.06,748.1,922.76,1399.16,26.08372891829749,15.009490026443666,18.51377759230204,28.07201987087144
2024-08-22,5379.48,1477.03,782.02,979.94,1474.69,27.456743030924923,14.537092804508985,18.216258820555147,27.413244402804736
2024-08-23,4991.99,1326.81,713.7,948.49,1391.5,26.57877920428526,14.29690363963069,19.000238381887787,27.874655197626595
2024-08-26,5157.71,1390.71,843.65,975.19,1306.83,26.96371063902391,16.357065441833683,18.907422092362697,25.337407492860205
2024-08-27,5005.49,1297.56,787.43,1001.27,1295.87,25.922736834955217,15.73132700295076,20.003436227022732,25.8889739066505
2024-08-28,4832.15,1359.82,742.45,923.68,1212.52,28.141096613308775,15.364796208726966,19.11530064257111,25.092764090518717
2024-08-29,5930.68,1743.4,968.3,1181.36,1390.44,29.396291824883487,16.326964192976185,19.919469605508976,23.444866355965928
2024-08-30,8606.16,2683.76,1447.49,1630.28,1910.92,31.184175056006396,16.8192318060552,18.943175585859432,22.204095671007746
2024-09-02,6919.04,1944.1,1158.93,1399.34,1632.48,28.09782860049949,16.749867033576912,20.22448200906484,23.59402460456942
2024-09-03,5667.15,1550.89,927.49,1165.8,1374.31,27.366312873313753,16.36607465833797,20.571186575262697,24.25046099009202
2024-09-04,5442.55,1400.7,886.46,1134.7,1400.35,25.736097968783017,16.287585782399795,20.84868306216755,25.729667159695364
2024-09-05,5232.57,1346.18,801.49,1082.93,1389.49,25.726937241164478,15.317329725163736,20.69594864473863,26.554637587265915
2024-09-06,5286.66,1215.42,802.16,1155.8,1430.28,22.99031902940609,15.173285212213383,21.86257485822807,27.054510787529367
2024-09-09,5069.0,1465.16,819.08,1002.28,1206.05,28.904320378772937,16.158611165910436,19.772736239889525,23.7926612744131
2024-09-10,5166.83,1336.1,870.12,1145.55,1219.49,25.859182516165617,16.840499880971503,22.17123458677758,23.60228612127746
2024-09-11,4897.61,1415.14,817.08,1019.75,1108.34,28.89450160384351,16.683239375940513,20.82138022423182,22.630221679553905
2024-09-12,5048.47,1363.87,809.17,1061.36,1261.56,27.015511630256288,16.028024332124385,21.023399168460937,24.988957050353868
2024-09-13,5143.61,1374.49,857.11,1029.75,1246.84,26.722282599186176,16.66358841358501,20.019985963165947,24.240562562091604
2024-09-18,4697.31,1234.52,791.03,941.68,1139.19,26.281424900634615,16.8400637811854,20.04721851442634,24.251965486629583
2024-09-19,6156.38,1817.85,1054.06,1223.12,1340.08,29.527904385369325,17.121425253152015,19.86751954882577,21.76733729886719
2024-09-20,5624.5,1639.85,890.84,1100.5,1315.11,29.15548048715441,15.838563427860256,19.566183660769845,23.381811716597028
2024-09-23,5391.62,1438.76,851.05,1136.78,1353.45,26.685115048909235,15.784680671115545,21.084201037906976,25.10284478505533
2024-09-24,9547.66,3078.8,1599.47,1861.54,2002.87,32.246644727608654,16.75248175992861,19.497342804414906,20.977600794330755
2024-09-25,11378.69,3568.63,1822.1,2283.96,2483.41,31.362397604645174,16.01326690506552,20.072257878543137,21.825095859013647
2024-09-26,11430.82,3739.84,1961.23,2221.59,2300.96,32.71716289819978,17.15738678415022,19.43508864630884,20.12943953277193
2024-09-27,14224.36,4666.93,2326.47,2777.56,3023.04,32.8094198965718,16.35553374633375,19.526783630335565,21.252555475255125
2024-09-30,25432.71,8625.29,4187.85,4845.83,5308.3,33.91416015045192,16.466393081979863,19.05353381531107,20.87194011176945
2024-10-08,33777.8,11303.87,5792.63,6375.21,7019.99,33.46538258856408,17.149222270248504,18.873964556602264,20.782851458650352
2024-10-09,28892.93,10290.32,5294.48,5611.79,5195.65,35.615356421103705,18.32448284061187,19.422709984760978,17.982426842829717
2024-10-10,21036.83,7179.52,3908.14,4228.33,3778.69,34.128335875699904,18.5776088887917,20.099653797649168,17.96225952294143
2024-10-11,15363.92,4849.98,2667.49,3255.14,3038.25,31.567334378205558,17.362040416768636,21.18691063218241,19.775226634869224
2024-10-14,16053.45,5340.77,2792.31,3329.14,3067.25,33.26867433480031,17.393831232538798,20.737847627768485,19.106484898884663
2024-10-15,16044.73,4344.11,2768.17,3809.74,3429.19,27.074995964407005,17.25283005697198,23.744494298127798,21.372687480562156
2024-10-16,13467.8,3773.01,2224.26,3066.02,2948.93,28.015043288436125,16.515392268967467,22.765559334115444,21.89615230401402
2024-10-17,14677.1,3691.71,2344.59,3519.14,3414.82,25.152857172057153,15.974477246867568,23.97707994086025,23.266312827465917
2024-10-18,20643.88,6206.74,3520.62,4680.07,4157.38,30.065762831405724,17.054061542694495,22.67049605016111,20.13855922433186
2024-10-21,21482.08,6001.1,3599.66,4961.8,4720.56,27.935376835017838,16.75657105829603,23.097390941659278,21.974408437171817
2024-10-22,18866.23,4428.82,3125.84,4665.95,4574.81,23.474854276662587,16.568440011597442,24.73175615902064,24.248670773122136
2024-10-23,19020.99,4691.21,3361.68,4351.03,4262.57,24.663332455355896,17.673528034029772,22.874887164127628,22.40982199138951
2024-10-24,14947.57,3404.87,2572.32,3522.83,3545.35,22.77875266682143,17.20895102013237,23.567911038382828,23.71857097842659
2024-10-25,17482.0,4122.31,2995.9,3949.49,4183.12,23.58031117721085,17.137055256835605,22.59175151584487,23.928154673378334
2024-10-28,18367.68,3904.5,3126.64,4087.99,4788.84,21.25744786494538,17.022509102946042,22.256430861164826,26.072100559243193
2024-10-29,20345.05,4296.25,3324.82,4751.14,5185.25,21.11693016237365,16.342156937436872,23.352805719327307,25.486543409822044
2024-10-30,18196.33,3850.11,3159.57,4169.47,4539.51,21.15871716989085,17.363776102104104,22.913796353440503,24.94739323808702
2024-10-31,21831.52,5155.34,3774.54,5075.95,5185.35,23.61420551569474,17.289405410159254,23.250556992825054,23.75166731404868
2024-11-01,21904.16,4764.73,4292.57,5113.68,5063.51,21.752625985200982,19.59705371034543,23.345702368865094,23.116659118633173
2024-11-04,16674.76,3810.49,3427.77,3782.47,3598.62,22.851843144968804,20.556637696734466,22.68380474441611,21.58124014978327
2024-11-05,22692.72,5809.72,4414.63,5112.49,4825.92,25.601690762500045,19.453948226567817,22.52920760490589,21.266379702389134
2024-11-06,25263.99,6391.24,5023.24,5514.1,5541.31,25.297825086219554,19.88300343690763,21.825926941864683,21.93362964440692
2024-11-07,24686.07,6581.46,4658.15,4984.96,5398.86,26.660622772276028,18.869548696896672,20.193412722235657,21.870066802856833
2024-11-08,26328.94,6884.47,4700.8,5707.02,5806.95,26.147919361736555,17.854117940182935,21.67584414716278,22.05538848126814
2024-11-11,24472.1,6256.06,4533.28,5511.38,5349.57,25.56405049015001,18.524278668361113,22.52107502012496,21.85987307995636
2024-11-12,24886.73,6603.81,4526.85,5473.96,5540.55,26.53546689340062,18.189814411133966,21.995497198707906,22.263069515360197
2024-11-13,19550.49,5127.34,3478.13,4203.87,4476.56,26.22614573854671,17.79050039155029,21.502632414839727,22.897431215279003
2024-11-14,17893.78,4641.58,3173.36,3878.68,4081.86,25.93962818364817,17.73443062337863,21.676135506304426,22.811613868059183
2024-11-15,17801.35,4740.8,3096.8,3834.24,4056.78,26.631688046131334,17.396433416566722,21.5390405783831,22.789170484261028
2024-11-18,17255.6,4724.08,2964.23,3740.08,3820.74,27.37708338162684,17.1783652843135,21.674586800806697,22.14202925427108
2024-11-19,15318.51,4026.11,2624.78,3279.24,3592.54,26.282647594315634,17.134695215135153,21.407042852078952,23.45228093332837
2024-11-20,15839.83,3475.78,2610.05,3675.21,4119.46,21.943291058047972,16.477765228540964,23.202332348263838,26.006971034411354
2024-11-21,15844.55,3242.35,2527.22,3807.12,4219.63,20.463503223505874,15.950090094070198,24.027946517887855,26.63142847225071
2024-11-22,17541.95,3975.67,2676.76,4158.75,4609.33,22.663785953100994,15.259192963154039,23.707455556537326,26.27604114707886
2024-11-25,14645.94,3490.07,2152.62,3360.16,3813.02,23.82960738607423,14.697725103339218,22.9426038888593,26.03465533792983
2024-11-26,12788.15,2644.03,1701.87,2938.11,3799.29,20.675625481402708,13.308179838365986,22.975254434769692,29.709457583778732
2024-11-27,14293.01,3206.32,2045.29,3375.54,3845.44,22.43278357742701,14.309722024961852,23.616718941636506,26.904339953585705
2024-11-28,14607.44,2864.33,2043.58,3527.32,4230.14,19.608706248322772,13.989994139972506,24.14742076640397,28.95880455439146
2024-11-29,16724.17,3752.62,2435.71,3876.96,4673.63,22.43830336572757,14.564011248390804,23.18177822875515,27.945362908891745
2024-12-02,17500.94,3685.91,2572.13,4086.49,4956.65,21.061211569207142,14.697096270257484,23.350117193705024,28.322192979348536
2024-12-03,16771.85,3272.95,2293.47,3778.26,5075.21,19.51454371461705,13.674520103626017,22.52738964395699,30.26028732668132
2024-12-04,16221.85,3120.4,2342.13,3514.17,4930.2,19.23578383476607,14.438118956839077,21.663188847141356,30.39234119413014
2024-12-05,14591.0,2577.16,2122.52,3406.83,4491.8,17.66266876841889,14.546775409499006,23.348845178534713,30.784730313206772
2024-12-06,17453.86,3517.52,2556.01,3928.88,5154.38,20.153249768246106,14.644382388766727,22.510092323417283,29.5314618084481
2024-12-09,15899.97,3082.27,2372.95,3363.47,4837.38,19.385382488143062,14.924241995425147,21.15393928416217,30.423830988360358
2024-12-10,21482.86,4872.78,3247.11,4537.37,6043.79,22.68217546453312,15.114886937772717,21.12088427704691,28.133079115164367
2024-12-11,17323.56,3107.13,2500.11,3926.0,5356.59,17.93586306740647,14.43184888094595,22.662778320391418,30.920838441983058
2024-12-12,18209.58,3336.68,2583.81,4076.3,5717.91,18.323761448644063,14.189289374054754,22.38546962642741,31.400559485721246
2024-12-13,20148.09,4214.79,3073.16,4306.31,5826.6,20.919054858301706,15.252860196673728,21.373291463359557,28.918870225415912
2024-12-16,16878.76,3276.19,2417.91,3793.82,5087.41,19.410134393758785,14.325163696859248,22.47688811263387,30.14089897599113
2024-12-17,14980.03,3060.37,2046.3,3250.36,4535.71,20.42966536115081,13.660186261309223,21.697953875926817,30.27837727961826
2024-12-18,13517.02,2768.25,1932.82,3104.21,3990.43,20.479735918123964,14.29915765457179,22.96519499120368,29.521521755534874
2024-12-19,14382.0,3217.72,2112.87,3208.81,4109.62,22.37324433319427,14.691072173550271,22.31129189264358,28.57474621054095
2024-12-20,15037.9,3321.43,2211.33,3446.56,4298.19,22.087060028328423,14.705045252329116,22.919157595142938,28.58238184852938
2024-12-23,15176.86,3540.63,2173.47,3330.62,4285.67,23.329133957880615,14.320946493543458,21.945382641732213,28.23818629149903
2024-12-24,12924.85,3103.85,1961.13,2813.11,3547.95,24.014592045555652,15.173328897434013,21.765126868010075,27.45060871112624
2024-12-25,12690.42,2992.95,1912.69,2745.81,3578.31,23.58432581427565,15.071920393493677,21.636872538497542,28.196939108398304
2024-12-26,12606.52,3057.7,2017.23,2808.13,3406.06,24.25490936436066,16.00148177292385,22.275219489597447,27.018241354473716
2024-12-27,14214.37,3450.11,2366.81,3130.73,3849.3,24.271986728922915,16.650825889575128,22.025105579775957,27.080341935660883
2024-12-30,12603.87,3226.99,1961.83,2735.73,3425.79,25.60316791588615,15.565298594796676,21.705476175174766,27.180461239286025
2024-12-31,13314.87,3478.8,2171.94,2969.7,3416.93,26.127179611967673,16.31213823341873,22.30363495850879,25.662511162332034
2025-01-02,13826.2,3886.37,2200.79,2937.18,3470.29,28.108735588954303,15.917533378657907,21.243581027324932,25.099376545977925
2025-01-03,12512.62,3043.23,1872.33,2723.48,3536.9,24.321285230431357,14.963532817267685,21.765865182511735,28.266661978066942
2025-01-06,10466.75,2628.04,1567.44,2348.77,2812.38,25.108462512241143,14.975422170205652,22.440299042205076,26.86965868106146
2025-01-07,10649.81,2668.56,1598.36,2342.87,2930.28,25.057348440958105,15.008342871844663,21.999171816210804,27.514857072567494
2025-01-08,12322.01,3009.66,1811.41,2720.84,3469.55,24.425073506676263,14.70060485261739,22.08113773645696,28.157337966776524
2025-01-09,11005.48,2514.86,1567.99,2482.2,3216.74,22.850979693752567,14.247356771353909,22.554218443902492,29.228529786978854
2025-01-10,11326.01,2753.54,1599.84,2429.89,3286.72,24.311650793174294,14.125362771178903,21.45406899693714,29.019222126768383
2025-01-13,9534.1,2478.62,1394.07,2016.44,2650.17,25.997419787919153,14.621935998153992,21.149767676026055,27.796750610964853
2025-01-14,13392.3,3454.61,2080.84,2910.62,3561.24,25.795494425901456,15.537585030203926,21.733533448324785,26.59169821464573
2025-01-15,11786.64,2788.51,1690.6,2581.09,3377.01,23.65822660232263,14.343358242891952,21.89843755302614,28.651167762823
2025-01-16,12634.53,3057.35,1829.96,2680.25,3626.15,24.198367489728543,14.483799555662142,21.213689785057298,28.700315722072762
2025-01-17,11257.03,2654.37,1644.37,2528.75,3222.72,23.579665329132105,14.607494161426235,22.46374043597645,28.62851036196936
2025-01-20,11732.51,2921.75,1734.26,2507.32,3350.44,24.903025865735465,14.781662235958034,21.37070413747783,28.556890213603058
2025-01-21,11934.8,2850.73,1709.09,2730.6,3445.6,23.885863189998997,14.32022321278949,22.879310922679892,28.87019472467071
2025-01-22,11233.98,2987.46,1581.07,2459.48,3104.67,26.593068529586134,14.073996927179861,21.893220390280206,27.636420930071086
2025-01-23,13402.86,3451.98,2036.34,2966.85,3626.13,25.755547696536407,15.193324409864758,22.135947103827093,27.054897238350623
2025-01-24,12093.47,2964.74,1808.59,2791.48,3337.95,24.515213582205934,14.95509560117981,23.082539585412626,27.601259191944084
2025-01-27,11036.97,2829.4,1630.86,2535.89,2934.56,25.63565906222451,14.776338071046673,22.97632411794179,26.588456795660402
2025-02-05,12773.81,3460.16,2150.0,2863.06,3110.04,27.087924432882595,16.831313445244607,22.4135164058335,24.34700375220862
2025-02-06,15242.73,3718.92,2571.22,3613.78,3864.21,24.397991698337503,16.868500590117385,23.708220246635612,25.351167408987763
2025-02-07,19502.31,4873.82,3279.49,4470.49,4952.83,24.990988247033297,16.81590539787338,22.92287426463839,25.396119741712646
2025-02-10,17247.57,3849.68,2862.53,4077.67,4583.04,22.32012973421763,16.596714783589807,23.641997104519653,26.572091024996563
2025-02-11,16339.13,3378.66,2602.81,3931.73,4472.32,20.67833477057836,15.929917933206973,24.063276318873772,27.371836811384693
2025-02-12,16729.03,3548.31,2854.39,3923.22,4509.53,21.21049457141269,17.062495554135538,23.451568919417326,26.95631486105291
2025-02-13,18149.87,3764.73,3130.8,4379.0,4792.1,20.742462618189553,17.24971032850373,24.126894572798594,26.402943932931755
2025-02-14,17094.07,3609.74,3066.27,4118.6,4383.88,21.116913643152273,17.937623983053772,24.093735429888845,25.64561862681035
2025-02-17,19330.09,4309.3,3569.4,4583.04,4819.41,22.29322263890132,18.465511541850038,23.709356759332213,24.932165344289654
2025-02-18,17881.61,4001.86,3069.06,4170.69,4702.79,22.379752158782125,17.16321964297398,23.323906516247696,26.299589354649832
2025-02-19,17145.23,3636.8,3139.6,4051.4,4591.86,21.211730609621455,18.31179867520004,23.62989589524317,26.78214290505289
2025-02-20,17540.64,3259.72,3058.85,4247.05,5035.45,18.58381450163734,17.43864534019283,24.21262850158261,28.70733336982003
2025-02-21,21884.07,5046.45,3969.61,5035.81,5577.98,23.059924410770023,18.139267512852957,23.011304569945175,25.488768771074117
2025-02-24,20740.55,4550.89,3823.63,4921.14,5281.77,21.94199285939862,18.435528469592178,23.72714320497769,25.465910981145633
2025-02-25,18883.04,3779.81,3403.16,4643.48,5066.97,20.016957015395825,18.022309967039206,24.59074386327625,26.833444191189553
2025-02-26,19308.74,3864.58,3272.65,4639.91,5459.43,20.014666933212627,16.949060373696057,24.0301024302984,28.274398018721055
2025-02-27,19977.24,4282.73,3282.55,4753.56,5525.81,21.438046496913486,16.431448988949423,23.794878571814728,27.660527680500408
2025-02-28,18585.23,4203.08,2982.91,4339.09,5056.36,22.615162685638005,16.049895535325632,23.346980370972005,27.206335353396216
2025-03-03,16185.28,3560.58,2669.56,3888.4,4270.98,21.99887799284288,16.493752347812332,24.02429862195773,26.388051365191085
2025-03-04,14327.86,2977.39,2311.45,3476.95,3956.81,20.780423594312058,16.132555734073335,24.26705732747249,27.616196696505966
2025-03-05,14975.64,2908.6,2417.38,3595.67,4294.84,19.422208332999457,16.142081406871426,24.01012577759615,28.678841104620574
2025-03-06,19034.4,3974.19,3205.43,4647.8,5177.06,20.87898751733703,16.840194595048963,24.417896019837766,27.19844071785819
2025-03-07,18134.85,3406.27,3011.22,4632.27,5076.29,18.783006200768135,16.604603842877115,25.543470169314887,27.991905088820694
2025-03-10,15038.36,2925.75,2485.13,3743.84,4190.54,19.45524644974585,16.52527270260853,24.89526783505648,27.86567152269263
2025-03-11,14723.43,2874.8,2452.05,3662.44,4122.39,19.5253415814114,16.654067700257347,24.874910262078878,27.998842660983208
2025-03-12,16765.06,3096.27,2679.06,4163.0,4902.86,18.46858883893049,15.980020351850813,24.831405315578948,29.244512098376024
2025-03-13,15999.02,2951.73,2536.22,3846.18,4676.81,18.44944252835486,15.852345956189815,24.040097455969175,29.231852950993247
2025-03-14,17929.61,4508.95,2890.38,3841.71,4639.01,25.148065128020068,16.12070758928945,21.426623334249882,25.873457370238395
2025-03-17,15734.7,3189.04,2501.61,3535.6,4488.65,20.267561504191374,15.898682529695513,22.470082047957696,28.52707709711656
2025-03-18,15149.31,2927.39,2363.42,3447.74,4471.4,19.32358635475807,15.600842546624236,22.758396256991244,29.515535691064475
2025-03-19,14610.17,2860.75,2188.72,3195.56,4509.27,19.58053876169819,14.98079762247804,21.872161651780917,30.863911918889382
2025-03-20,14328.43,2600.21,2038.5,3160.02,4638.92,18.14720803325975,14.226959967002664,22.05419574929005,32.37563361791906
2025-03-21,15387.94,3093.49,2258.01,3301.25,4775.79,20.103340668081625,14.673893971512758,21.45348890104848,31.035928135929826
2025-03-24,14368.78,2660.51,2200.94,3201.43,4479.26,18.51590740480403,15.317514778568537,22.28045804863043,31.173558228325575
2025-03-25,12491.93,2392.46,1922.27,2819.94,3792.73,19.152044559967916,15.388094553843962,22.574093834979863,30.36144134653332
2025-03-26,11454.29,2209.43,1716.96,2486.4,3550.88,19.28910478082884,14.989667626714532,21.707150770584644,31.000437390706885
2025-03-27,11770.88,2321.74,1765.9,2566.1,3658.84,19.72443861461505,15.00227680513267,21.800409145280558,31.08382720748152
2025-03-28,11092.52,2133.79,1688.99,2467.86,3381.07,19.236296170752905,15.22638679037766,22.247965295532484,30.48063019043464
2025-03-31,12080.52,2684.8,1895.63,2677.99,3420.75,22.224208891670227,15.69162585716509,22.167837146083112,28.3162479760805
2025-04-01,11207.14,2460.42,1793.28,2417.67,3189.46,21.954040013776932,16.00122778871327,21.572586761653735,28.45917870214881
2025-04-02,9616.0,1982.68,1406.42,2084.28,2984.06,20.61855241264559,14.625831946755408,21.675124792013314,31.032237936772045
2025-04-03,11231.0,2636.85,1736.62,2382.73,3221.66,23.478318938651945,15.462737067046566,21.215653103018433,28.685424272103997
2025-04-07,15738.88,5129.72,2673.97,3114.71,3394.79,32.59266224788549,16.989582486174363,19.789908811808722,21.569450939329865
2025-04-08,16101.66,4640.21,2618.75,3422.6,3847.01,28.81820880580015,16.263851056350713,21.25619346079845,23.892008650039813
2025-04-09,16846.06,4550.31,2882.57,3420.55,4230.12,27.011123075662795,17.11124144161899,20.30474781640336,25.11044125451292
2025-04-10,16020.54,4038.43,2686.66,3299.64,4246.49,25.207826952150175,16.770096388760926,20.59630948769517,26.506534736032616
2025-04-11,13423.52,3185.35,2276.6,2882.33,3610.25,23.72961786476274,16.959784020882747,21.47223679035007,26.894957507419807
2025-04-14,12686.67,2925.71,2074.7,2726.73,3516.65,23.06129189141043,16.353385088443222,21.492874016585915,27.719251781594384
2025-04-15,10650.56,2286.05,1619.01,2257.52,3183.41,21.46412958567437,15.201172520505965,21.1962563470841,29.889602049094133
2025-04-16,10965.38,2617.11,1637.51,2294.3,3176.29,23.867025128176138,14.933454198577707,20.923123503243847,28.96652920373029
2025-04-17,9861.49,2090.12,1482.83,2129.48,2976.23,21.19476874184327,15.036571552574712,21.593897068292925,30.18032771923918
2025-04-18,9057.23,1731.09,1398.04,1907.24,2799.49,19.112797179711677,15.435624357557442,21.057652284418086,30.908898195143546
2025-04-21,10330.79,2080.86,1602.65,2288.0,3064.73,20.142312446579595,15.513334411017937,22.147386598701548,29.66597907807631
2025-04-22,10794.3,2102.01,1644.64,2467.94,3221.49,19.47333314805036,15.236189470368622,22.86336307125057,29.84436230232623
2025-04-23,12165.4,2471.17,1779.91,2743.1,3740.93,20.31310108997649,14.630920479392376,22.548374899304584,30.750571292353722
2025-04-24,10928.19,2054.83,1578.99,2378.67,3508.37,18.803022275417977,14.448778800514997,21.766367532043272,32.10385251354524
2025-04-25,10956.89,2205.35,1719.34,2347.99,3340.61,20.1275179362027,15.691861467989549,21.42934719614781,30.48866968637999
2025-04-28,10390.24,2106.35,1676.16,2219.38,3149.57,20.272390243151264,16.132062397018743,21.360238069572983,30.31277429587767
2025-04-29,10048.71,1974.63,1580.33,2194.12,3024.79,19.650582015004915,15.726695267352724,21.83484248226887,30.101276681285462
2025-04-30,11549.05,2448.2,1816.17,2417.59,3451.99,21.19828037803975,15.725709041003375,20.933236932907903,29.889817777219776
2025-05-06,13222.31,2679.37,2170.6,2836.58,3884.14,20.26400833137326,16.416193539555493,21.452983631453204,29.375653724651745
2025-05-07,14559.3,2860.11,2275.66,2965.22,4522.03,19.6445570872226,15.630284423014842,20.366501136730474,31.059391591628717
2025-05-08,12806.43,2469.87,1870.33,2627.4,4134.42,19.286171087492765,14.604616587136304,20.51625628688089,32.28393861521127
2025-05-09,11783.35,2166.98,1781.62,2428.1,3823.53,18.390186152494834,15.119808882872865,20.60619433352994,32.44858210950197
2025-05-12,12889.07,2961.23,1994.27,2643.08,3762.96,22.974737510153954,15.472567066514497,20.50636702260132,29.194969070693233
2025-05-13,12687.75,2675.86,1942.52,2634.63,3871.78,21.090106598884752,15.310200784221001,20.765147484778627,30.515891312486453
2025-05-14,12966.72,3194.65,1881.45,2525.14,3839.79,24.637302263024115,14.509837491670988,19.474007304854275,29.612654549492856
2025-05-15,11342.22,2414.65,1651.37,2249.08,3551.25,21.289042180454977,14.559495407424649,19.82927504492066,31.310008093653625
2025-05-16,10715.01,2088.36,1418.82,2061.57,3718.37,19.490042473128817,13.241424879678132,19.240019374690274,34.70244078166982
2025-05-19,10694.8,1848.88,1410.99,2140.13,3720.57,17.287653813068037,13.193234095074244,20.010939896024237,34.78858884691626
2025-05-20,11549.75,2016.37,1517.51,2325.87,3921.29,17.458126799281366,13.138899110370355,20.13783848135241,33.95129764713522
2025-05-21,11587.64,2170.38,1551.47,2344.19,3815.89,18.730129689910978,13.389007597750707,20.230089992440224,32.93069166801868
2025-05-22,10831.87,1975.11,1416.21,2208.14,3667.09,18.234247641450644,13.07447375199296,20.385584391245462,33.85463451832417
2025-05-23,11337.97,2329.45,1481.24,2248.06,3736.98,20.545565035010675,13.064419821184922,19.827711662669774,32.95986847733766
2025-05-26,9933.15,2088.77,1273.44,1919.26,3286.56,21.028274011768673,12.820102384439982,19.32176600574843,33.08678515878648
2025-05-27,9829.27,1784.67,1252.76,1936.06,3460.43,18.156689153924958,12.745198778749591,19.696884916173836,35.20536113058243
2025-05-28,9892.78,1624.96,1199.6,1917.33,3627.29,16.425716532663216,12.126015134269636,19.38110419922408,36.66603320805678
2025-05-29,11648.86,2094.6,1480.95,2325.76,4019.51,17.981158671320628,12.713261211826737,19.965558861553838,34.50560827411437
2025-05-30,11176.71,1993.9,1376.71,2280.39,3872.36,17.83977574796161,12.317667721538808,20.4030524188245,34.64668941039
2025-06-03,11213.13,2267.83,1599.97,2342.97,3474.65,20.224772209008545,14.268718903642426,20.894879485032277,30.98733359909321
2025-06-04,11317.07,2117.36,1503.15,2320.4,3754.31,18.709436276350683,13.282148117843223,20.50354022728498,33.173869208196116
2025-06-05,12631.08,2317.49,1749.7,2732.39,4105.4,18.347520560395466,13.852338834050611,21.63227530820801,32.50236717683681
2025-06-06,11297.93,2020.35,1480.22,2403.63,3754.03,17.882479356837933,13.101692079876578,21.274959218193068,33.22759124901641
2025-06-09,12616.9,2620.24,1714.82,2557.85,3981.17,20.76770046524899,13.59145273403134,20.273204986961932,31.554264518225555
2025-06-10,13874.2,2636.48,1829.8,2772.18,4667.51,19.00275331190267,13.188508166236613,19.980827723400267,33.64165141053178
2025-06-11,12281.3,2572.18,1613.54,2436.71,3981.56,20.943874019851318,13.138185696953904,19.84081489744571,32.41969498343009
2025-06-12,12440.07,2602.4,1653.94,2508.24,3967.65,20.919496433701738,13.295262808006708,20.162587509555813,31.89411313601933
2025-06-13,14375.42,3091.72,2160.1,2989.69,4259.69,21.50698901319057,15.026343578135457,20.797235837283363,29.631760324220092
2025-06-16,12087.55,2468.61,1709.89,2530.88,3514.05,20.422749026891307,14.145877369690302,20.937907185492513,29.07164810073175
2025-06-17,11978.52,2204.0,1601.22,2608.74,3721.2,18.39960195416462,13.36742769557508,21.778483485438933,31.065607437312785
2025-06-18,11823.46,2305.54,1545.4,2564.64,3578.73,19.499706515689994,13.07062399669809,21.691112415485822,30.26804336463269
2025-06-19,12420.05,2348.4,1626.58,2708.27,3893.42,18.908136440674557,13.096404603846201,21.805628801816418,31.347860918434307
2025-06-20,10578.24,2135.23,1350.43,2265.32,3313.68,20.185115860483407,12.76611232114227,21.41490455879239,31.325437880025408
2025-06-23,11138.08,2324.82,1460.35,2399.95,3409.05,20.87271773950268,13.11132618907388,21.5472505135535,30.607160300518583
2025-06-24,14085.74,2942.29,1919.35,3036.58,4264.6,20.88843042680044,13.626192163138038,21.55783082748936,30.27600963811628
2025-06-25,15976.25,3617.27,2392.6,3349.98,4530.1,22.641546044910413,14.975979970268366,20.96850011736171,28.355214771927084
2025-06-26,15791.74,3281.03,2352.24,3437.46,4561.57,20.776874492614496,14.895382016167947,21.767455644533154,28.88579725856682
2025-06-27,15325.06,3434.68,2433.03,3304.55,4238.01,22.412179789181902,15.876153176561791,21.56304771400569,27.654116851744792
2025-06-30,14744.59,2888.21,2265.17,3362.21,4291.84,19.588269324545475,15.362719478805447,22.803007747248312,29.10789652340282
2025-07-01,14511.43,2360.7,2135.96,3343.02,4573.01,16.26786608900708,14.71915586541092,23.037150714988115,31.513158937472046
2025-07-02,13638.66,2466.38,1949.81,2966.44,4164.55,18.083741364620863,14.296199186723621,21.750230594501218,30.534891257645548
2025-07-03,12941.18,2696.1,1746.89,2704.92,3831.2,20.833494318137912,13.498691773084062,20.90164884500486,29.604719198712942
2025-07-04,14149.17,2905.13,2113.73,3046.77,4104.53,20.532158423426957,14.938897475965021,21.53320654144377,29.008980738799515
2025-07-07,11928.89,2251.07,1657.59,2648.35,3594.99,18.870741535884733,13.895592967996183,22.201143610176636,30.13683586653913
2025-07-08,14309.42,2920.9,2169.66,3068.17,4203.27,20.412427617611336,15.162459414847001,21.44160979270998,29.374146541229486
2025-07-09,14822.52,3053.99,2078.64,3031.96,4562.06,20.603716507044684,14.023526363938116,20.455091307011223,30.777897415554172
2025-07-10,14698.12,3478.37,2076.37,2967.26,4212.96,23.665407548720516,14.126772675689134,20.188024046612764,28.663257613898917
2025-07-11,16932.64,4437.81,2634.85,3520.66,4312.88,26.208612478621173,15.560774929367186,20.79215054474671,25.470806678698654
2025-07-14,14422.15,3214.16,2262.91,3026.37,4048.46,22.286274931268917,15.690517710604867,20.984180583338823,28.071126704409537
2025-07-15,15949.96,3535.25,2460.77,3473.78,4478.4,22.164632387792825,15.428063769438921,21.779239571760684,28.077813361287422
2025-07-16,14139.63,3006.57,2130.65,3060.83,4100.11,21.26342768516574,15.068640409968296,21.647171814255394,28.997293422812337
2025-07-17,15177.11,3255.17,2350.43,3259.84,4289.66,21.44789093575786,15.486676976051433,21.478660957191455,28.26401073722204
2025-07-18,15495.73,3542.44,2364.83,3302.17,4177.93,22.860749380635827,15.261171948659404,21.310193195157634,26.961814641840043
2025-07-21,16817.89,3779.39,2720.08,3599.08,4500.72,22.4724385758261,16.17372928470813,21.40030645937154,26.761502186064963
2025-07-22,18785.12,4508.74,3136.62,3959.15,4775.85,24.001656630354237,16.697364722716703,21.07598993245718,25.423579939867302
2025-07-23,18492.38,4703.31,3110.6,3783.3,4579.53,25.433773262284248,16.820982480351365,20.458697041700418,24.76441647857117
2025-07-24,18289.57,4870.0,3201.88,3744.06,4291.65,26.627197905691606,17.50658982141188,20.47101162028413,23.465013119499254
2025-07-25,17720.85,4304.46,3043.68,3631.4,4397.48,24.290369818603512,17.175699811239305,20.49224501082059,24.815288205701194
2025-07-28,17255.14,4067.93,3052.1,3595.76,4368.43,23.57517817879194,17.688062803315418,20.838776155974394,25.316688244778078
2025-07-29,17894.22,4287.64,2925.27,3837.04,4611.95,23.9610332274891,16.34756921508733,21.44290167439542,25.77340616131913
2025-07-30,18278.93,4451.68,3047.78,3926.75,4539.52,24.354160774180986,16.673733090503656,21.48238436276084,24.834714066961254
2025-07-31,19161.81,4921.43,3222.74,4018.22,4662.76,25.683534071155073,16.81855732835259,20.969939687325986,24.33360940328706
2025-08-01,15821.58,3596.85,2544.8,3490.71,4102.34,22.73382304422188,16.08436072756324,22.062967162571628,25.92876311973899
2025-08-04,14813.17,2959.77,2366.49,3295.55,4138.26,19.980665853426377,15.975581188901497,22.247432521195666,27.936356633995292
2025-08-05,15761.33,3069.34,2356.55,3485.78,4616.96,19.473864198008673,14.951466659222287,22.116027010410924,29.292959413958087
2025-08-06,17128.12,3076.75,2637.71,3990.56,5129.89,17.963150655179906,15.399880430543458,23.298295434641982,29.95010544064381
2025-08-07,18031.8,3581.08,2749.01,4114.11,5234.69,19.859803236504398,15.245344336117306,22.81585864971883,29.030324205015585
2025-08-08,16887.08,3085.08,2591.75,3815.45,5115.91,18.268877745590117,15.347531959344066,22.593900188783376,30.294817102779163
2025-08-11,18030.14,3606.86,2770.34,4011.63,5256.15,20.00461449550586,15.365049855408778,22.249577651643303,29.152019895574853
2025-08-12,18557.45,3830.88,2904.95,4099.23,5411.09,20.643353477983236,15.653820972170204,22.089403447133087,29.15858590485223
2025-08-13,21249.01,4627.77,3535.07,4714.79,5884.47,21.778755810270695,16.636398589863717,22.188280771668893,27.692913693390896
2025-08-14,22461.99,4850.76,3679.6,5136.04,6128.93,21.595415188057693,16.38145150986177,22.865471848220036,27.285783672773427
2025-08-15,22150.35,5186.87,3813.79,4925.09,5691.57,23.41665030123678,17.217741480382927,22.23481795998709,25.695169602286192
2025-08-18,27400.93,6353.66,4914.91,6068.67,6888.08,23.18775311640882,17.937018925999958,22.147678929145837,25.13812487386377
2025-08-19,25711.79,5535.36,4446.29,5587.81,7013.05,21.528489459504762,17.292806140684878,21.73248148028589,27.27561947262326
2025-08-20,23864.92,5388.15,4096.71,5175.21,6245.98,22.577699820489656,17.16624233393617,21.68542781622566,26.172222659870638
2025-08-21,23960.28,5585.21,4041.23,5165.07,6274.45,23.31028685808346,16.86637217929006,21.556801506493244,26.186880954646607
2025-08-22,25223.13,6759.35,4466.81,5277.66,5901.31,26.798220522195304,17.70918200873563,20.92389009611416,23.39642225211542
2025-08-25,31094.51,8236.82,5749.23,6609.11,7101.09,26.489627911808228,18.48953400455579,21.254909628741537,22.8371181922468
2025-08-26,26441.24,6279.5,4908.12,5733.43,6369.13,23.74888620957262,18.56236696917391,21.683665365164416,24.08786426052636
2025-08-27,31202.55,7850.98,5838.64,6727.84,7324.26,25.16134098014425,18.712060392499975,21.561827478843878,23.47327381896672
2025-08-28,29286.58,7394.24,5636.52,6317.12,6788.81,25.247878038337014,19.246084725495432,21.570016027818884,23.1806171973648
2025-08-29,27669.17,8311.94,5230.41,5650.59,5795.26,30.040438509720392,18.903385970739276,20.42197145776328,20.944827763174683
2025-09-01,27185.23,7703.78,5361.61,5645.68,5737.18,28.338108597940863,19.72251108414385,20.767453503244226,21.104033329863313
2025-09-02,28481.98,7779.99,5414.94,5985.14,6415.31,27.315481578176797,19.011810274426143,21.01377783426574,22.52410120363823
2025-09-03,23393.99,6556.97,4495.8,4866.67,5056.21,28.02843807319743,19.217756355371616,20.803078055517677,21.613286147425043
2025-09-04,25239.72,7731.25,4719.91,4885.95,5305.8,30.631282755910128,18.700326311068423,19.358178299917746,21.021627815205555
2025-09-05,22906.8,6641.67,4319.59,4588.43,4906.48,28.994316098276496,18.857238898493026,20.030864197530864,21.419316534828084
2025-09-08,24057.07,6836.31,4553.61,4955.41,5112.25,28.417051619336853,18.928364925570733,20.598560007515463,21.25050972541544
2025-09-09,20976.63,5628.61,3947.62,4319.29,4750.45,26.832765796984546,18.81913348330976,20.59096241865352,22.64639267603995
2025-09-10,19522.82,5355.39,3596.67,3961.05,4450.43,27.431436646959817,18.422902019277952,20.289333200838815,22.796040735918275
2025-09-11,24077.65,6931.57,4694.98,4862.37,5182.98,28.788399200088044,19.499328215170497,20.1945372575812,21.526104084077968
2025-09-12,24932.27,6895.76,4993.6,5088.28,5426.46,27.65797097496538,20.028661650142567,20.40841046563349,21.76480521027568
2025-09-15,22531.91,6133.15,4418.29,4751.05,4856.19,27.219840661532906,19.609034475994267,21.085873323655207,21.552500431610103
2025-09-16,23171.2,6137.28,4352.1,4747.34,5403.7,26.486673111448695,18.78236776688303,20.488105924596052,23.320760254108546
2025-09-17,23464.61,6084.54,4455.49,4932.96,5536.91,25.930710120475048,18.988127226491297,21.022978860505244,23.596855008457414
2025-09-18,31045.92,8399.87,6042.39,6540.23,6900.96,27.056276637960806,19.462750660956416,21.066310806701814,22.228234821193897
2025-09-19,22960.05,6038.87,4506.54,4832.03,5177.7,26.30164132917829,19.627744713099492,21.045380998734757,22.550909079030752
2025-09-22,20970.88,5631.49,4219.16,4405.15,4584.79,26.85385639515366,20.11913663136692,21.006033127842034,21.86264954069643
2025-09-23,24645.2,6805.14,4950.69,5039.6,5301.22,27.61243568727379,20.0878467206596,20.448606625225196,21.510152078295167
2025-09-24,23013.14,6291.61,4772.62,4943.98,4792.0,27.33920707908612,20.738673644709067,21.48329171942638,20.822886403159238
2025-09-25,23370.66,6698.67,4930.47,4647.45,4816.88,28.66273352999017,21.096836803068463,19.885831208874716,20.61080003731174
2025-09-26,21108.33,5987.24,4301.98,4368.63,4372.75,28.364347155838477,20.380484860716123,20.69623698321942,20.715755343980312
2025-09-29,21279.09,6933.95,4338.64,4195.35,3915.91,32.585744973116796,20.38921777200059,19.71583371281385,18.40261966089715
2025-09-30,21415.97,6646.24,4449.56,4426.4,3963.36,31.034036749210987,20.776831495374715,20.668687899730898,18.50656309286948
2025-10-09,26123.7,8622.08,5357.57,5305.0,4660.8,33.004819378571945,20.50846549301975,20.307230599034593,17.84127057040159
2025-10-10,24799.05,7927.43,5021.27,4857.04,4698.55,31.966668078011057,20.247832074212525,19.585588964093382,18.94649190190753
2025-10-13,23215.63,7140.02,4732.86,4709.91,4527.64,30.75522826647392,20.386524078821033,20.287668264871552,19.50255065229761
2025-10-14,25411.32,8089.59,5058.39,5066.9,4943.89,31.834591827579207,19.906049744759425,19.939538756743055,19.45546315579041
2025-10-15,20412.99,6073.26,3974.59,4037.98,4229.43,29.751937369292786,19.47088594076615,19.781423495529072,20.719306676777872
2025-10-16,19014.24,5605.67,3598.38,3742.97,4095.31,29.48143075926253,18.924658571681015,19.685088649349115,21.53812090307054
2025-10-17,19022.69,5590.86,3481.14,3838.75,4035.75,29.390480526150615,18.299935498081503,20.17984838106493,21.21545375548884
2025-10-20,17068.69,5057.99,3146.75,3284.45,3603.06,29.63314700776685,18.435802630430338,19.242542925086813,21.10917709560605
2025-10-21,18474.93,5513.9,3449.91,3481.59,3974.69,29.845309292105572,18.67346723370535,18.844942849580487,21.513965140869278
2025-10-22,16395.4,4409.35,2862.0,3321.81,3765.52,26.893823877429035,17.45611573978067,20.26062188174732,22.966929748588015
2025-10-23,16089.3,4208.0,2863.04,3285.75,3695.51,26.15402783216175,17.794683423144576,20.421957449982287,22.968743202003818
2025-10-24,19351.27,5519.87,3660.62,3974.73,4098.16,28.524587791912364,18.91669125592274,20.539892213792683,21.17773148739075
2025-10-27,22966.26,6726.7,4717.62,4581.7,4613.27,29.289488144782826,20.541524828160966,19.949700125314266,20.08716264642132
2025-10-28,21008.5,5715.63,4220.69,4310.16,4577.97,27.206273651141206,20.09039198419687,20.516267225170765,21.791036961229977
2025-10-29,22178.73,6458.99,4431.41,4391.62,4610.66,29.122452006945394,19.98044973720317,19.801043612506216,20.788656519106368
2025-10-30,23926.2,7199.56,4738.32,4785.07,4797.78,30.09069555549983,19.80389698322341,19.999289481823272,20.052411164330312
2025-10-31,22882.98,6807.12,4349.18,4755.88,4528.96,29.747524142397534,19.006178391101162,20.783481871679303,19.791827812636292
2025-11-03,20754.61,5576.03,3903.97,4324.23,4503.05,26.866464848050626,18.810134230419166,20.83503375876492,21.696625472605845
2025-11-04,18805.24,5051.78,3263.92,3816.79,4404.1,26.863682675679755,17.356438949994786,20.296417381538333,23.419536256915627
2025-11-05,18355.67,4683.61,3118.45,3733.52,4596.25,25.51587602086985,16.98902845823661,20.3398731835994,25.039946784835426
2025-11-06,20202.56,5536.42,3528.1,4051.69,4802.33,27.40454675051083,17.4636283718499,20.05532962159251,23.77089834159631
2025-11-07,19641.43,5075.74,3363.99,4196.11,4714.33,25.842008448468363,17.127011627972095,21.363566705682832,24.00196930671545
2025-11-10,21424.18,5939.77,3713.11,4337.98,4932.12,27.724608363073873,17.331398447921927,20.248056168310757,23.02127782720272
2025-11-11,19615.74,4776.29,3385.98,4048.67,4936.26,24.34927257396356,17.261546084929755,20.639904484867763,25.164791132019488
2025-11-12,19055.96,4923.09,3138.4,3904.82,4683.83,25.83490939317673,16.46938805497073,20.49133184578473,24.579344205172557
2025-11-13,19999.34,5100.61,3395.96,4205.96,4881.18,25.503891628423737,16.980360351891612,21.03049400630221,24.406705421278904
2025-11-14,19120.11,4447.2,3104.85,4062.93,4870.14,23.259280412089677,16.23866180686199,21.249511639838893,25.471296974755898
2025-11-17,18676.6,4389.4,3108.23,3913.18,4723.28,23.50213636314961,16.642376021331508,20.95231466112676,25.28982791300344
2025-11-18,18854.42,4201.5,3065.4,4180.65,4709.3,22.283899478212536,16.258256684639466,22.17331532871337,24.9771671576214
2025-11-19,16861.18,3852.3,2567.55,3671.73,4416.11,22.84715541854129,15.22758193673278,21.776233929060716,26.190990191671045
2025-11-20,16725.6,4150.65,2541.58,3567.12,4144.66,24.8161500932702,15.195747835653131,21.32730664370785,24.780336729325107
2025-11-21,19254.93,4812.96,3109.69,4086.72,4801.65,24.99598804046548,16.150097663299736,21.22427866525612,24.937249836795043
2025-11-24,16948.9,4258.07,2702.13,3689.93,4131.24,25.122987332511247,15.942804547787762,21.77091138657966,24.37467918271982
2025-11-25,17739.49,4115.24,2892.05,4041.74,4453.18,23.198186644599136,16.30289258597626,22.783856807608334,25.103201952254544
2025-11-26,17458.45,4273.61,2748.58,3769.64,4474.67,24.478748113377762,15.74355111708084,21.59206573321228,25.63039674197881
2025-11-27,16711.37,4177.9,2530.13,3656.26,4251.23,25.00034407711636,15.140171033254607,21.87887647751202,25.439147119595816
2025-11-28,15509.85,3418.32,2432.55,3421.85,4229.5,22.039671563554776,15.683904099652802,22.06243129366177,27.269767276924018
2025-12-01,18360.92,4638.62,3085.34,3923.2,4461.04,25.263548885349973,16.80384207327302,21.367121037507925,24.296386019872646
2025-12-02,15566.12,3643.66,2473.6,3202.19,4099.34,23.40763144572957,15.890922079490585,20.571536131033294,26.335014762831072
2025-12-03,16245.24,3744.86,2513.09,3350.34,4344.43,23.052044783579685,15.469700663086542,20.6235180274345,26.742787425732097
2025-12-04,15107.47,3487.67,2399.13,3113.16,4006.52,23.085731760513177,15.880422069347153,20.60675943754977,26.52012547435143
2025-12-05,16725.58,4121.47,2751.08,3528.06,4297.13,24.641716460654877,16.448338413376394,21.093797644087676,25.691964045491993
2025-12-08,19909.65,4967.16,3472.45,4184.75,4927.73,24.948504870753627,17.44103989773803,21.01870198622276,24.750460203971436
2025-12-09,18582.91,4521.14,3055.22,3923.13,4726.49,24.329558718198605,16.441020270775674,21.111494378436962,25.4346063130048
2025-12-10,17251.86,4014.53,2804.95,3602.45,4582.94,23.27012855425444,16.258826584495814,20.8815165437234,26.564903726322843
2025-12-11,18070.48,4324.31,3007.45,3819.34,4609.54,23.93024424365042,16.642889397514622,21.13579716753512,25.508674921750835
2025-12-12,20468.88,5238.63,3731.45,4227.79,4789.35,25.593144324457416,18.229868952282683,20.654720727269886,23.398202539660208
2025-12-15,17528.45,4243.83,3010.24,3726.59,4136.45,24.211096816889114,17.173452301829307,21.26023692910668,23.598492736094748
2025-12-16,17065.39,3905.0,2849.69,3616.22,4231.71,22.882571098580225,16.69865148115572,21.190374201820177,24.797030715383595
2025-12-17,17860.69,4525.05,3024.1,3662.64,4275.12,25.335247406455185,16.931596707629996,20.50671054701694,23.935917369373747
2025-12-18,16353.61,3821.02,2755.11,3489.84,4128.73,23.364994028841338,16.847105929516477,21.339875415886766,25.246596928751508
2025-12-19,17035.32,3715.77,2927.38,3623.45,4364.99,21.812152633469754,17.184179692544667,21.27021975519098,25.62317584876597
2025-12-22,18412.24,4482.41,3272.08,3811.86,4406.33,24.344729375676177,17.771221752486387,20.702858533236583,23.93152598488831
2025-12-23,18752.41,4331.41,3285.59,3971.82,4664.63,23.097884485247498,17.52089464767462,21.180317623174837,24.874829421924968
2025-12-24,18504.66,4063.76,3319.31,4062.86,4585.09,21.960738538292517,17.93769785556719,21.955874898539072,24.7780288856969
2025-12-25,19021.5,3853.56,3363.67,4344.19,4897.35,20.258970112767134,17.68351602134427,22.838314538811343,25.746392240359594
2025-12-26,21356.79,4604.27,3869.14,4736.66,5300.02,21.55881103855027,18.116673900899897,22.178707567944432,24.81655716987431
2025-12-29,21168.63,4826.14,3904.46,4668.73,5026.39,22.798546717477702,18.444556874960732,22.05494639945995,23.74452196481303
2025-12-30,21130.65,4571.85,4076.24,4680.24,5140.97,21.636106792739458,19.290651257770108,22.149058358356225,24.329445615728808
2025-12-31,20181.7,4444.92,3803.7,4406.72,5040.02,22.024507350718718,18.847272529073365,21.835226963040775,24.97321831163876
2026-01-05,25149.14,6305.77,5046.9,5422.31,5586.11,25.07350151933625,20.067883036954743,21.56061797739406,22.211932495504815
2026-01-06,27803.01,7254.15,5716.75,5808.15,5944.77,26.09123976145029,20.561622644454687,20.89036402893068,21.38174967386625
2026-01-07,28236.31,6648.98,5827.41,6179.17,6206.97,23.54762360945888,20.638001211914727,21.883773056748563,21.982227847760562
2026-01-08,27681.93,6306.56,5644.53,6053.89,6302.16,22.782226528280365,20.39066640223424,21.86946502646311,22.76633168279813
2026-01-09,30941.37,6687.89,6311.46,7053.23,7168.19,21.61471841744564,20.39812716760764,22.795467686143176,23.167009088479276
2026-01-12,35775.44,7999.54,6858.24,8275.65,8118.69,22.360423799120287,19.17024640367805,23.132210253738318,22.693473511436892
2026-01-13,36327.67,8010.55,7352.19,8246.52,8294.3,22.050822417182275,20.238539933885107,22.700382380703196,22.83190746887978
2026-01-14,39204.55,8913.34,8159.59,8842.81,8642.76,22.735473306032077,20.812864833291034,22.555570718194694,22.045298313588603
2026-01-15,28821.74,6740.59,6008.02,6386.6,6318.96,23.38717232200415,20.845445139675814,22.158967501615102,21.92428354429677
2026-01-16,29982.27,7856.24,6161.86,6334.11,6355.98,26.20295261166016,20.551679375844458,21.126185575675223,21.199128685052866
2026-01-19,26792.92,6551.49,5609.26,5816.76,5950.27,24.452318000426978,20.93560537634569,21.710063703396273,22.208366986502405
2026-01-20,27492.04,6719.61,5881.71,5790.37,6120.19,24.442020308423817,21.394229020472835,21.0619873970793,22.261680108133117
2026-01-21,25729.79,6653.31,5175.92,5647.21,5557.5,25.858392159438537,20.116448676806144,21.94813871391877,21.599476715511475
2026-01-22,26677.8,6902.35,5461.38,5718.06,5695.57,25.873010518108693,20.471628095270226,21.43377639835369,21.34947409456552
2026-01-23,30672.66,7556.18,6394.21,6819.48,6596.52,24.6349028744165,20.846610629792135,22.233089663563575,21.50618824712301
2026-01-26,32257.36,7968.33,6921.05,7031.82,6849.87,24.70236249959699,21.45572359300327,21.799118092739146,21.235060773727295
2026-01-27,28697.34,7152.68,6108.86,6302.08,6016.9,24.92454004447799,21.287199440784406,21.96050226257904,20.966751622275794
2026-01-28,29381.44,8294.14,6127.32,6273.57,5794.17,28.229181415206334,20.854389709966565,21.352152923750502,19.720510635285407
2026-01-29,32007.89,9179.66,6662.57,6777.36,6267.85,28.679366243760523,20.8153989531956,21.174029278406042,19.58220301306959
2026-01-30,28057.73,7505.65,6004.97,5967.49,5664.25,26.750738566519814,21.402194689306654,21.26861296334379,20.18784128295482
2026-02-02,25575.57,7259.2,5460.56,4989.41,5249.16,28.38333612896995,21.350687394259445,19.508499712811876,20.52411735105024
2026-02-03,25134.35,6666.27,5432.64,5257.6,5178.0,26.52254782797248,21.614404191872875,20.917986739263203,20.601288674662367
2026-02-04,24592.91,6360.19,5018.87,5162.15,5257.0,25.86188458380891,20.40779232713819,20.990399265479358,21.376079528612106
2026-02-05,21524.91,5504.33,4352.78,4409.65,4729.17,25.571907153154182,20.22205900047898,20.486264518643747,21.97068419798271
2026-02-06,21240.6,5057.6,4183.73,4445.9,5004.52,23.811003455646265,19.696854137830382,20.931141304859562,23.56110467689237
2026-02-09,22303.39,5227.57,4279.82,4825.57,5248.71,23.438454871658525,19.18910084969146,21.636038288349887,23.533238669099184
2026-02-10,20789.09,4503.4,3942.83,4750.51,4990.01,21.662323843900815,18.96586142058166,22.85097616105371,24.003022739331065
2026-02-11,19593.48,4334.29,3886.12,4380.65,4546.07,22.12108313581865,19.833740611672862,22.35769245687851,23.2019528945343
2026-02-12,21172.32,4904.74,4383.2,4678.6,4834.66,23.16581272151564,20.702502134862875,22.097720042017126,22.834814512533345
2026-02-13,19616.41,4528.79,4063.2,4389.24,4340.91,23.08674217147786,20.71327016513215,22.375347986711127,22.12897263056798
2026-02-24,21780.26,5260.84,4497.14,4695.16,4852.67,24.15416528544655,20.647779227612528,21.556951110776456,22.28012888735029
2026-02-25,24343.84,5969.04,5068.49,5331.41,5176.34,24.519714227500675,20.820421100368716,21.90044791618742,21.26344898750567
2026-02-26,25089.35,5998.49,5139.85,5711.86,5471.13,23.90851098175122,20.48618238415902,22.76607405134051,21.80658327138806
2026-02-27,24587.88,5788.21,5128.22,5495.74,5303.39,23.540907146122397,20.856698503490335,22.351418666432405,21.569122673447243
2026-03-02,29889.02,7526.82,6195.05,6590.07,6301.07,25.182558678738882,20.72684216478158,22.048464620118022,21.081554363441825
2026-03-03,31003.07,8016.59,6346.6,6648.64,6516.21,25.857407024530154,20.47087594873669,21.445102049571222,21.017950802936614
2026-03-04,23448.9,6089.23,4714.7,5027.02,4999.83,25.96808379071086,20.106273641833944,21.43819113050079,21.322236863989357
2026-03-05,23651.31,5704.44,4729.41,5087.29,5369.98,24.118917725910315,19.996397662539618,21.509548519722586,22.704788867931626
2026-03-06,21743.81,4878.07,4276.95,4741.28,5073.47,22.434292794133132,19.669735892651747,21.805194213893515,23.3329393514752
2026-03-09,26198.83,6658.22,5238.29,5687.61,5536.5,25.41418834352526,19.994366160626257,21.70940458028087,21.132623098054378
2026-03-10,23699.03,5576.08,4650.82,5335.11,5371.36,23.528726703160427,19.624516277670438,22.51193403274311,22.664893879622923
2026-03-11,24782.43,5795.64,4957.52,5492.67,5608.18,23.386084415450785,20.004172310786313,22.163565074127114,22.629661417383204
2026-03-12,24106.25,5721.05,4784.14,5319.66,5256.06,23.73264194970184,19.846056520611878,22.067555094633136,21.80372310085559
2026-03-13,23696.63,5803.06,4823.67,5233.0,5041.32,24.488967418573864,20.355932468034485,22.08330889244589,21.274417501560347
2026-03-16,22965.47,5987.99,4607.97,4891.25,4879.26,26.073883965797346,20.064775508622294,21.29827954751198,21.24607073140676
2026-03-17,21722.71,5785.02,4062.47,4527.54,4766.94,26.631207616360946,18.70148798193227,20.84242711889999,21.944499558296364
2026-03-18,20087.26,5241.74,3912.43,4198.93,4439.44,26.094848177401996,19.477171102479883,20.903448255262294,22.10077432163471
2026-03-19,20803.06,5478.5,3948.55,4438.07,4563.88,26.335068014032547,18.98062112016213,21.333736479152584,21.938503277883157
2026-03-20,22537.39,6154.63,4171.14,4861.14,4827.42,27.30853040214506,18.5076444078041,21.569223410519143,21.419605375777763
2026-03-23,23973.39,6717.2,4519.39,5059.38,5087.13,28.01939984290916,18.85169348181463,21.10414922545372,21.21990256697113
2026-03-24,20494.22,5301.49,3885.38,4324.17,4583.28,25.868220405558244,18.95841851995343,21.099461213942273,22.363768906550234
2026-03-25,21446.49,5504.28,4233.78,4710.83,4683.19,25.66517877750625,19.741132465032738,21.965505777402267,21.83662687927022
2026-03-26,19140.0,4711.27,3559.17,4040.53,4514.87,24.614785788923722,18.595454545454544,21.11039707419018,23.588662486938347
2026-03-27,18253.26,4405.18,3442.05,4038.04,4272.8,24.133661603461523,18.857179484650963,22.122294866779963,23.408421290224325
2026-03-30,18869.88,4446.3,3614.42,4119.74,4396.9,23.562947936075904,19.15444083375199,21.83235929428274,23.301155068288722
2026-03-31,19572.9,4845.58,3765.02,4046.52,4576.73,24.756576695328743,19.235882265785857,20.674095305243473,23.38299383331034
2026-04-01,19773.36,5037.44,3547.99,4200.61,4712.56,25.47589281740685,17.943283286199208,21.243784566709955,23.832874129637048
2026-04-02,18164.81,4299.49,3255.9,3886.77,4540.58,23.66933648081097,17.924217208988146,21.397251058502675,24.996573044254244
2026-04-03,16313.43,3732.35,2833.32,3543.79,4175.73,22.87900214731053,17.36802131740535,21.72314467282478,25.596885510895007
2026-04-07,15909.62,3782.62,2793.71,3437.72,3962.52,23.775677860313444,17.559878865742863,21.607807100358144,24.906440254386965
2026-04-08,24001.79,6417.79,4603.84,5206.58,5166.58,26.738797398027398,19.181236066143402,21.692465436952826,21.52581119991467
2026-04-09,21051.93,5004.46,3980.32,4663.54,4975.53,23.771977201140228,18.907150080776443,22.152553233836517,23.634555121549425
2026-04-10,22903.52,6257.18,4339.22,4949.92,5005.81,27.319730766275228,18.945646782677947,21.612049152270043,21.856072778332763
2026-04-13,21122.97,5566.21,4097.04,4524.32,4636.2,26.35145531144531,19.39613605473094,21.41895765604931,21.948618021045334
2026-04-14,23420.24,6057.18,4601.31,5094.65,5153.88,25.863014213347086,19.64672437174,21.753192964717694,22.006093874358246
2026-04-15,23694.85,6045.51,4569.85,5208.49,5392.27,25.514025199568685,19.286258406362567,21.981527631531748,22.75713920957508
2026-04-16,22914.7,5676.11,4299.96,5049.35,5410.36,24.770605768349572,18.765072202559928,22.035418312262436,23.610869878287737
2026-04-17,23859.38,5876.23,4534.11,5304.41,5536.82,24.6285947078256,19.003469495016216,22.231969145887277,23.206051456492162
2026-04-20,25434.54,6265.68,5073.88,5596.65,5852.22,24.63453241143736,19.94877831484273,22.004132962499025,23.008947675090642
2026-04-21,23547.44,5804.08,4415.23,5219.02,5600.39,24.648454354273756,18.750360973422165,22.163853055788657,23.78343463238467
2026-04-22,25158.65,6195.06,5019.52,5583.9,5724.92,24.6239762467382,19.951467984172442,22.194752103153387,22.755275024693294
2026-04-23,27580.58,6938.54,5650.97,6236.97,5995.1,25.15733896821604,20.488945482654824,22.613628864947728,21.736671237515672
2026-04-24,25851.2,6800.98,5186.18,5662.82,5560.77,26.308179117410408,20.06166058055332,21.90544346103856,21.510684223556353
2026-04-27,25353.48,6489.05,5242.19,5447.36,5464.21,25.5943168354009,20.676412074397675,21.48565009616037,21.552110400623505
2026-04-28,24830.8,6315.22,4945.15,5492.02,5472.13,25.43301061584806,19.915387341527456,22.117773088261355,22.03767095703723
2026-04-29,25404.17,6810.21,4897.15,5571.43,5439.47,26.807449328200843,19.276953350571972,21.931163269652192,21.411720989113206
2026-04-30,26826.09,7266.65,5350.36,5959.82,5409.98,27.08799530606212,19.944613620546264,22.216506393589224,20.166859948654462
2026-05-06,31578.93,8817.44,6356.08,6909.61,6326.78,27.921908690383113,20.12759773684542,21.8804437009107,20.034814352481227
2026-05-07,30798.39,7872.36,6204.41,6876.08,6606.08,25.560946529997185,20.145241358395683,22.326102111181786,21.44943290866828
2026-05-08,29772.83,7165.46,6090.03,6567.47,6636.95,24.067110852411407,20.454992017890135,22.05860175200006,22.291968885725673
2026-05-11,34401.99,9044.79,7091.25,7425.41,7302.57,26.291473254890203,20.612906404542297,21.58424556253868,21.227173195504097
2026-05-12,31553.69,8193.51,6335.58,6834.58,6813.1,25.96688374640177,20.078729302341504,21.66016082429662,21.592086377219275
2026-05-13,31515.56,8231.73,6370.53,6771.87,6863.03,26.119573950137642,20.213919727271225,21.487385913497967,21.776639856629547
2026-05-14,32794.48,8574.46,6582.25,7309.7,7057.01,26.146046529781835,20.071213204173382,22.289421878316105,21.5188958629623
2026-05-15,32536.84,8876.87,6430.24,7302.38,6852.35,27.282520367681684,19.76295178019746,22.44342105748438,21.06028120739445
2026-05-18,28000.34,7334.53,5592.61,6284.97,6067.95,26.194431924755197,19.97336460914403,22.44604886940659,21.670986852302505
2026-05-19,28051.78,7124.01,5713.07,6289.36,6093.88,25.395928529312577,20.366158582450026,22.420538019334245,21.72368384466155
2026-05-20,28607.58,7296.53,5744.8,6539.46,6180.31,25.505582786100746,20.08139101594752,22.85918627161053,21.603749775409177
2026-05-21,33827.0,8919.36,6876.08,7444.9,7301.1,26.367576196529402,20.32719425311142,22.00875040648003,21.58364619978124
2026-05-22,28139.89,7718.23,5564.33,6134.91,6074.38,27.428074523390105,19.773815746969873,21.80147115002937,21.586367253034748
2026-05-25,31138.6,8611.79,6293.33,6685.84,6584.76,27.656317239696072,20.210703114462437,21.471228635841047,21.146615454773176
2026-05-26,31524.07,8990.94,6472.39,6811.54,6360.81,28.520873097921683,20.531581106119866,21.607425690908567,20.17762934798711
2026-05-27,31450.78,9090.12,6769.28,6682.83,6120.74,28.902685402397022,21.523408958378777,21.248535012486176,19.461329734906414
2026-05-28,28879.9,8198.98,5962.77,6366.06,5857.15,28.389918247639358,20.646782017943277,22.043220371261675,20.281060529987982
2026-05-29,32353.72,9422.36,6614.07,7056.6,6534.21,29.12295711281423,20.44299697221834,21.81078404585315,20.1961629141873
2026-06-01,28026.34,8239.85,5842.24,6076.33,5491.32,29.4003783583586,20.845533166299987,21.680783148994838,19.593425327745255
2026-06-02,27242.26,8067.51,5480.51,5896.57,5476.59,29.61395273373061,20.11767746141473,21.644936947228313,20.103288053193825
2026-06-03,30481.33,9060.48,6081.68,6882.33,6036.35,29.72468721017094,19.95214775733211,22.57883760321482,19.8034337740512
2026-06-04,26867.52,7361.43,5701.31,5995.43,5650.93,27.39899328259549,21.220082836078657,22.314787520396376,21.03257018139374
2026-06-05,30008.56,8398.64,6122.46,6647.79,6375.86,27.987480905448308,20.40237852132858,22.152979016653916,21.246804245188706
2026-06-08,27384.76,7610.46,5625.49,6031.55,5795.01,27.79085885726222,20.542411180525228,22.025206720818442,21.161441619353248
2026-06-09,25829.01,7132.87,5064.85,6027.73,5518.06,27.61573130367753,19.609152654321633,23.33705395599754,21.363807594638747
2026-06-10,25590.26,6946.28,5091.58,5820.27,5502.43,27.144233782697015,19.8965543921789,22.744083100367096,21.502048044842066
2026-06-11,24934.21,6539.32,5126.99,5770.81,5332.19,26.22629712351023,20.56207114642894,23.144146134968786,21.385036863008693
2026-06-12,31361.9,8714.77,6686.8,7173.19,6101.4,27.78776158332244,21.321412286883128,22.87230684365424,19.454816194171904
2026-06-15,29880.47,9141.46,6244.2,6401.24,5336.44,30.59342774728777,20.897261656192153,21.422822331777244,17.859290700581347
2026-06-16,30148.21,8572.03,6375.94,6834.89,5625.76,28.432965008536165,21.148651943183356,22.67096454482704,18.66034500887449
2026-06-17,30381.55,8503.68,6556.11,6588.67,5794.84,27.989618699506774,21.579247931721717,21.686418237384203,19.073549572026444
2026-06-18,32549.24,10217.11,6674.74,6804.74,5772.02,31.389703722729013,20.506592473434093,20.905987359459083,17.733194384876576
2026-06-22,36807.6,11459.0,7598.46,7865.41,6488.84,31.132157489214187,20.64372575229029,21.36898357947815,17.62907660374488
2026-06-23,33924.45,10470.53,7138.86,7074.84,6077.3,30.86425866889515,21.043406746461624,20.8546932964278,17.914218211349045
2026-06-24,32257.43,9649.46,6840.2,6803.12,5908.62,29.913914406696378,21.205037103079817,21.090086842008184,18.31708229700878
2026-06-25,35332.67,11100.41,7441.2,7298.38,6234.09,31.416844523779268,21.0603953791208,20.656180243383815,17.64398218419384
2026-06-26,34819.87,10680.83,7455.38,7554.64,5924.56,30.674525780825718,21.41128039823239,21.696347516518586,17.014882594334786
2026-06-29,34527.25,10537.24,7415.68,7500.59,6058.68,30.518619351381883,21.477760319747446,21.72368201927463,17.547531297743088
2026-06-30,32073.83,9857.95,6950.96,6853.82,5663.08,30.735181922458278,21.671749211116975,21.368885474544197,17.65638840138518
2026-07-01,35871.14,11017.18,7576.43,7828.0,6233.71,30.713214021076556,21.121241198356117,21.822557075130593,17.37806492907669
2026-07-02,33688.6,10277.97,7329.55,7178.67,5927.68,30.508747766306705,21.756766383880603,21.308899746501787,17.595507085482925
2026-07-03,31190.08,9425.7,6611.31,6749.95,5526.98,30.22018539227857,21.196835660569,21.641335963229334,17.720313638182393
