date,cum_value,cum_yoy,source
2015-02-28,7452.4,-4.2,Wind EDB M0000556/M0000557 国家统计局
2015-03-31,12543.2,-2.7,Wind EDB M0000556/M0000557 国家统计局
2015-04-30,17341.3,-1.3,Wind EDB M0000556/M0000557 国家统计局
2015-05-31,22547.6,-0.8,Wind EDB M0000556/M0000557 国家统计局
2015-06-30,28441.8,-0.7,Wind EDB M0000556/M0000557 国家统计局
2015-07-31,33173.1,-1.0,Wind EDB M0000556/M0000557 国家统计局
2015-08-31,37662.7,-1.9,Wind EDB M0000556/M0000557 国家统计局
2015-09-30,43032.4,-1.7,Wind EDB M0000556/M0000557 国家统计局
2015-10-31,48666.0,-2.0,Wind EDB M0000556/M0000557 国家统计局
2015-11-30,55386.8,-1.9,Wind EDB M0000556/M0000557 国家统计局
2015-12-31,63554.0,-2.3,Wind EDB M0000556/M0000557 国家统计局
2016-02-29,7807.1,4.8,Wind EDB M0000556/M0000557 国家统计局
2016-03-31,13421.5,7.4,Wind EDB M0000556/M0000557 国家统计局
2016-04-30,18442.2,6.5,Wind EDB M0000556/M0000557 国家统计局
2016-05-31,23816.4,6.4,Wind EDB M0000556/M0000557 国家统计局
2016-06-30,29998.2,6.2,Wind EDB M0000556/M0000557 国家统计局
2016-07-31,35235.9,6.9,Wind EDB M0000556/M0000557 国家统计局
2016-08-31,40583.6,8.4,Wind EDB M0000556/M0000557 国家统计局
2016-09-30,46380.6,8.4,Wind EDB M0000556/M0000557 国家统计局
2016-10-31,52567.7,8.6,Wind EDB M0000556/M0000557 国家统计局
2016-11-30,60334.1,9.4,Wind EDB M0000556/M0000557 国家统计局
2016-12-31,68803.2,8.5,Wind EDB M0000556/M0000557 国家统计局
2017-02-28,10156.8,31.5,Wind EDB M0000556/M0000557 国家统计局
2017-03-31,17043.0,28.3,Wind EDB M0000556/M0000557 国家统计局
2017-04-30,22780.3,24.4,Wind EDB M0000556/M0000557 国家统计局
2017-05-31,29047.6,22.7,Wind EDB M0000556/M0000557 国家统计局
2017-06-30,36337.5,22.0,Wind EDB M0000556/M0000557 国家统计局
2017-07-31,42481.2,21.2,Wind EDB M0000556/M0000557 国家统计局
2017-08-31,49213.5,21.6,Wind EDB M0000556/M0000557 国家统计局
2017-09-30,55846.0,22.8,Wind EDB M0000556/M0000557 国家统计局
2017-10-31,62450.8,23.3,Wind EDB M0000556/M0000557 国家统计局
2017-11-30,68750.1,21.9,Wind EDB M0000556/M0000557 国家统计局
2017-12-31,75187.1,21.0,Wind EDB M0000556/M0000557 国家统计局
2018-02-28,9689.0,16.1,Wind EDB M0000556/M0000557 国家统计局
2018-03-31,15533.2,11.6,Wind EDB M0000556/M0000557 国家统计局
2018-04-30,21271.7,15.0,Wind EDB M0000556/M0000557 国家统计局
2018-05-31,27298.3,16.5,Wind EDB M0000556/M0000557 国家统计局
2018-06-30,33882.1,17.2,Wind EDB M0000556/M0000557 国家统计局
2018-07-31,39038.1,17.1,Wind EDB M0000556/M0000557 国家统计局
2018-08-31,44248.7,16.2,Wind EDB M0000556/M0000557 国家统计局
2018-09-30,49713.4,14.7,Wind EDB M0000556/M0000557 国家统计局
2018-10-31,55211.8,13.6,Wind EDB M0000556/M0000557 国家统计局
2018-11-30,61168.8,11.8,Wind EDB M0000556/M0000557 国家统计局
2018-12-31,66351.4,10.3,Wind EDB M0000556/M0000557 国家统计局
2019-02-28,7080.1,-14.0,Wind EDB M0000556/M0000557 国家统计局
2019-03-31,12972.0,-3.3,Wind EDB M0000556/M0000557 国家统计局
2019-04-30,18129.4,-3.4,Wind EDB M0000556/M0000557 国家统计局
2019-05-31,23790.2,-2.3,Wind EDB M0000556/M0000557 国家统计局
2019-06-30,29840.0,-2.4,Wind EDB M0000556/M0000557 国家统计局
2019-07-31,34977.0,-1.7,Wind EDB M0000556/M0000557 国家统计局
2019-08-31,40163.5,-1.7,Wind EDB M0000556/M0000557 国家统计局
2019-09-30,45933.5,-2.1,Wind EDB M0000556/M0000557 国家统计局
2019-10-31,50151.0,-2.9,Wind EDB M0000556/M0000557 国家统计局
2019-11-30,56100.7,-2.1,Wind EDB M0000556/M0000557 国家统计局
2019-12-31,61995.5,-3.3,Wind EDB M0000556/M0000557 国家统计局
2020-02-29,4107.0,-38.3,Wind EDB M0000556/M0000557 国家统计局
2020-03-31,7814.5,-36.7,Wind EDB M0000556/M0000557 国家统计局
2020-04-30,12597.9,-27.4,Wind EDB M0000556/M0000557 国家统计局
2020-05-31,18434.9,-19.3,Wind EDB M0000556/M0000557 国家统计局
2020-06-30,25114.9,-12.8,Wind EDB M0000556/M0000557 国家统计局
2020-07-31,31022.9,-8.1,Wind EDB M0000556/M0000557 国家统计局
2020-08-31,37166.5,-4.4,Wind EDB M0000556/M0000557 国家统计局
2020-09-30,43665.0,-2.4,Wind EDB M0000556/M0000557 国家统计局
2020-10-31,50124.2,0.7,Wind EDB M0000556/M0000557 国家统计局
2020-11-30,57445.0,2.4,Wind EDB M0000556/M0000557 国家统计局
2020-12-31,64516.1,4.1,Wind EDB M0000556/M0000557 国家统计局
2021-02-28,11140.1,178.9,Wind EDB M0000556/M0000557 国家统计局
2021-03-31,18253.8,137.3,Wind EDB M0000556/M0000557 国家统计局
2021-04-30,25943.5,106.1,Wind EDB M0000556/M0000557 国家统计局
2021-05-31,34247.4,83.4,Wind EDB M0000556/M0000557 国家统计局
2021-06-30,42183.3,66.9,Wind EDB M0000556/M0000557 国家统计局
2021-07-31,49239.5,57.3,Wind EDB M0000556/M0000557 国家统计局
2021-08-31,56051.4,49.5,Wind EDB M0000556/M0000557 国家统计局
2021-09-30,63440.8,44.7,Wind EDB M0000556/M0000557 国家统计局
2021-10-31,71649.9,42.2,Wind EDB M0000556/M0000557 国家统计局
2021-11-30,79750.1,38.0,Wind EDB M0000556/M0000557 国家统计局
2021-12-31,87092.1,34.3,Wind EDB M0000556/M0000557 国家统计局
2022-02-28,11575.6,5.0,Wind EDB M0000556/M0000557 国家统计局
2022-03-31,19555.7,8.5,Wind EDB M0000556/M0000557 国家统计局
2022-04-30,26582.3,3.5,Wind EDB M0000556/M0000557 国家统计局
2022-05-31,34410.0,1.0,Wind EDB M0000556/M0000557 国家统计局
2022-06-30,42702.2,1.0,Wind EDB M0000556/M0000557 国家统计局
2022-07-31,48929.5,-1.1,Wind EDB M0000556/M0000557 国家统计局
2022-08-31,55254.0,-2.1,Wind EDB M0000556/M0000557 国家统计局
2022-09-30,62441.8,-2.3,Wind EDB M0000556/M0000557 国家统计局
2022-10-31,69768.2,-3.0,Wind EDB M0000556/M0000557 国家统计局
2022-11-30,77179.6,-3.6,Wind EDB M0000556/M0000557 国家统计局
2022-12-31,84038.5,-4.0,Wind EDB M0000556/M0000557 国家统计局
2023-02-28,8872.1,-22.9,Wind EDB M0000556/M0000557 国家统计局
2023-03-31,15167.4,-21.4,Wind EDB M0000556/M0000557 国家统计局
2023-04-30,20328.8,-20.6,Wind EDB M0000556/M0000557 国家统计局
2023-05-31,26688.9,-18.8,Wind EDB M0000556/M0000557 国家统计局
2023-06-30,33884.6,-16.8,Wind EDB M0000556/M0000557 国家统计局
2023-07-31,39439.8,-15.5,Wind EDB M0000556/M0000557 国家统计局
2023-08-31,46558.2,-11.7,Wind EDB M0000556/M0000557 国家统计局
2023-09-30,54119.9,-9.0,Wind EDB M0000556/M0000557 国家统计局
2023-10-31,61154.2,-7.8,Wind EDB M0000556/M0000557 国家统计局
2023-11-30,69822.8,-4.4,Wind EDB M0000556/M0000557 国家统计局
2023-12-31,76858.3,-2.3,Wind EDB M0000556/M0000557 国家统计局
2024-02-29,9140.6,10.2,Wind EDB M0000556/M0000557 国家统计局
2024-03-31,15055.3,4.3,Wind EDB M0000556/M0000557 国家统计局
2024-04-30,20946.9,4.3,Wind EDB M0000556/M0000557 国家统计局
2024-05-31,27543.8,3.4,Wind EDB M0000556/M0000557 国家统计局
2024-06-30,35110.3,3.5,Wind EDB M0000556/M0000557 国家统计局
2024-07-31,40991.7,3.6,Wind EDB M0000556/M0000557 国家统计局
2024-08-31,46527.3,0.5,Wind EDB M0000556/M0000557 国家统计局
2024-09-30,52281.6,-3.5,Wind EDB M0000556/M0000557 国家统计局
2024-10-31,58680.4,-4.3,Wind EDB M0000556/M0000557 国家统计局
2024-11-30,66674.8,-4.7,Wind EDB M0000556/M0000557 国家统计局
2024-12-31,74310.5,-3.3,Wind EDB M0000556/M0000557 国家统计局
2025-02-28,9109.9,-0.3,Wind EDB M0000556/M0000557 国家统计局
2025-03-31,15093.6,0.8,Wind EDB M0000556/M0000557 国家统计局
2025-04-30,21170.2,1.4,Wind EDB M0000556/M0000557 国家统计局
2025-05-31,27204.3,-1.1,Wind EDB M0000556/M0000557 国家统计局
2025-06-30,34365.0,-1.8,Wind EDB M0000556/M0000557 国家统计局
2025-07-31,40203.5,-1.7,Wind EDB M0000556/M0000557 国家统计局
2025-08-31,46929.7,0.9,Wind EDB M0000556/M0000557 国家统计局
2025-09-30,53732.0,3.2,Wind EDB M0000556/M0000557 国家统计局
2025-10-31,59502.9,1.9,Wind EDB M0000556/M0000557 国家统计局
2025-11-30,66268.6,0.1,Wind EDB M0000556/M0000557 国家统计局
2025-12-31,73982.0,0.6,Wind EDB M0000556/M0000557 国家统计局
2026-02-28,10245.6,15.2,Wind EDB M0000556/M0000557 国家统计局
2026-03-31,16960.4,15.5,Wind EDB M0000556/M0000557 国家统计局
2026-04-30,24358.4,18.2,Wind EDB M0000556/M0000557 国家统计局
2026-05-31,31439.6,18.8,Wind EDB M0000556/M0000557 国家统计局
