代码,名称,连续涨停天数,流通市值,现价,成交额,主营业务,涨停原因
000002,万  科Ａ,1,396.3766166832,4.08,31.76619104,房地产、贸易及零售等。,公开涨停池未披露具体原因；按行情特征归纳为房地产开板块，1连板，涨停统计1/1。
000823,超声电子,1,145.16344874799998,24.4,27.48775888,印制线路板、液晶显示器及触摸屏、超薄及特种覆铜板、超声电子仪器的研制、生产和销售。,公开涨停池未披露具体原因；按行情特征归纳为元件板块，1连板，涨停统计1/1。
002815,崇达技术,1,189.9325367316,24.44,19.35714624,小批量印制电路板的研发、生产和销售。,公开涨停池未披露具体原因；按行情特征归纳为元件板块，1连板，涨停统计1/1。
002074,国轩高科,1,498.07342549199996,28.68,13.01852768,动力锂电池、输配电设备。,公开涨停池未披露具体原因；按行情特征归纳为电池板块，1连板，涨停统计1/1。
605058,澳弘电子,1,85.18337152,59.6,12.36139104,印制电路板研发、生产和销售。,公开涨停池未披露具体原因；按行情特征归纳为元件板块，1连板，涨停统计12/8。
601811,新华文轩,1,161.31082443,20.37,9.92359264,出版物的编辑和出版、图书及影音产品零售、分销以及教材和助学类读物发行业务等。,公开涨停池未披露具体原因；按行情特征归纳为出版板块，1连板，涨停统计7/6。
600488,津药药业,2,75.34018092,6.9,9.55835536,原料药的生产经营，包括皮质激素类原料药、心血管类原料药、镇痛类原料药。,公开涨停池未披露具体原因；按行情特征归纳为化学制药板块，2连板，涨停统计2/2。
002303,美盈森,1,71.513356175,6.7,9.53673792,运输包装产品、精品包装产品、标签产品、电子功能材料模切产品及创意健康纸家具产品的研发、生产与 销售,公开涨停池未披露具体原因；按行情特征归纳为包装印刷板块，1连板，涨停统计6/3。
688655,迅捷兴,1,100.97623,75.7,9.53119824,印制电路板的研发、生产和销售。,公开涨停池未披露具体原因；按行情特征归纳为元件板块，1连板，涨停统计1/1。
002913,奥士康,1,278.1937719792,91.08,8.064732,高密度印制电路板的研发、生产和销售。,公开涨停池未披露具体原因；按行情特征归纳为元件板块，1连板，涨停统计1/1。
