date,southbound_net_buy_100mn,southbound_buy_100mn,southbound_sell_100mn,southbound_cumulative_net_buy_trillion,sh_connect_net_buy_100mn,sz_connect_net_buy_100mn,h50069_close,rolling_15d_net_buy_100mn
2024-01-02,35.004,,,,23.18,11.824,2402.8448,
2024-01-03,62.1426,,,,35.75,26.3926,2388.8926,
2024-01-04,19.5867,,,,16.15,3.4367,2384.166,
2024-01-05,14.6487,,,,11.46,3.1887,2367.5073,
2024-01-08,-13.0989,,,,-2.67,-10.4289,2324.9249,
2024-01-09,-36.9006,,,,-14.3,-22.6006,2323.8634,
2024-01-10,23.4492,,,,14.25,9.1992,2312.8068,
2024-01-11,-49.577,,,,-18.28,-31.297,2336.3895,
2024-01-12,13.3938,,,,7.95,5.4438,2329.1427,
2024-01-15,38.6312,,,,22.13,16.5012,2328.8578,
2024-01-16,26.8364,,,,22.0,4.8364,2282.5983,
2024-01-17,54.2371,,,,36.44,17.7971,2196.5936,
2024-01-18,5.2824,,,,7.7,-2.4176,2210.7896,
2024-01-19,9.3748,,,,10.15,-0.7752,2192.3591,
2024-01-22,5.919,,,,9.72,-3.801,2132.3244,208.9294
2024-01-23,-48.5916,,,,-22.54,-26.0516,2184.789,125.33380000000001
2024-01-24,18.0193,,,,15.56,2.4593,2255.0329,81.2105
2024-01-25,16.6259,,,,5.02,11.6059,2300.1295,78.2497
2024-01-26,48.6396,,,,28.82,19.8196,2263.1366,112.2406
2024-01-29,-23.7398,,,,-12.23,-11.5098,2274.6569,101.59970000000001
2024-01-30,-7.8992,,,,-0.85,-7.0492,2220.5467,130.6011
2024-01-31,-5.8278,,,,2.72,-8.5478,2191.3666,101.3241
2024-02-01,-12.3299,,,,-1.32,-11.0099,2199.9996,138.57119999999998
2024-02-02,-36.4964,,,,-11.97,-24.5264,2197.7622,88.681
2024-02-05,35.6734,,,,21.85,13.8234,2190.1164,85.72319999999999
2024-02-06,-63.0493,,,,-27.63,-35.4193,2269.7093,-4.162500000000001
2024-02-07,21.351,,,,23.64,-2.289,2270.1074,-37.0486
2024-02-08,41.9387,,,,27.17,14.7687,2257.5049,-0.39230000000000587
2024-02-19,38.8543,,,,31.45,7.4043,2288.9997,29.0872
2024-02-20,31.6124,,,,27.08,4.5324,2304.9377,54.7806
2024-02-21,9.8877,,,,5.97,3.9177,2339.5952,113.25989999999999
2024-02-22,43.6903,,,,20.11,23.5803,2372.3448,138.9309
2024-02-23,58.9032,,,,34.95,23.9532,2371.7652,181.2082
2024-02-26,15.9878,,,,14.94,1.0478,2358.8061,148.5564
2024-02-27,12.0905,,,,10.73,1.3605,2376.3031,184.38670000000002
2024-02-28,12.7163,,,,13.19,-0.4737,2338.8463,205.0022
2024-02-29,12.3925,,,,13.46,-1.0675,2345.1341,223.22249999999997
2024-03-01,30.3979,,,,21.21,9.1879,2353.5071,265.95029999999997
2024-03-04,33.4681,,,,18.46,15.0081,2356.5292,335.9148
2024-03-05,54.1359,,,,33.6,20.5359,2301.8786,354.3773
2024-03-06,10.5336,,,,7.63,2.9036,2335.027,427.9602
2024-03-07,41.0202,,,,28.8,12.2202,2309.5524,447.6294
2024-03-08,17.0686,,,,15.41,1.6586,2329.6079,422.7593
2024-03-11,27.3278,,,,20.28,7.0478,2359.5881,411.2328
2024-03-12,1.7424,,,,4.57,-2.8276,2424.0168,381.3628
2024-03-13,104.2068,,,,60.05,44.1568,2424.6007,475.68190000000004
2024-03-14,23.7039,,,,16.56,7.1439,2410.6674,455.69550000000004
2024-03-15,38.037,,,,21.94,16.097,2382.4687,434.8293
2024-03-18,26.8251,,,,12.51,14.3151,2393.6102,445.6666
2024-03-19,63.3794,,,,30.13,33.2494,2359.8611,496.9555
2024-03-20,58.4084,,,,35.13,23.2784,2366.8101,542.6476
2024-03-21,43.7777,,,,14.76,29.0177,2402.2918,574.0328
2024-03-22,133.4061,,,,74.41,58.9961,2353.9271,677.041
2024-03-25,-58.151,,,,-29.23,-28.921,2350.5446,585.4218999999999
2024-03-26,41.4732,,,,22.1,19.3732,2368.0951,572.7592
2024-03-27,60.0908,,,,35.15,24.9408,2346.0569,622.3164
2024-03-28,34.7929,,,,21.05,13.7429,2361.1715,616.0890999999999
2024-04-02,33.8305,,,,19.8,14.0305,,632.851
2024-04-03,46.721,,,,34.15,12.571,,652.2442
2024-04-08,43.3484,,,,28.31,15.0384,,693.8502
2024-04-09,25.0561,,,,11.41,13.6461,,614.6995
2024-04-10,21.3943,,,,5.33,16.0643,,612.3899
2024-04-11,65.3538,,,,39.07,26.2838,,639.7067
2024-04-12,56.2612,,,,29.52,26.7412,,669.1428000000001
2024-04-15,64.5992,,,,33.92,30.6792,,670.3626
2024-04-16,90.5432,,,,51.01,39.5332,,702.4974
2024-04-17,10.3209,,,,14.2,-3.8791,,669.0406
2024-04-18,60.7259,,,,35.22,25.5059,,596.3604
2024-04-19,67.9573,,,,41.86,26.0973,,722.4687
2024-04-22,26.5681,,,,13.89,12.6781,,707.5636000000001
2024-04-23,21.3571,,,,14.88,6.4771,,668.8299
2024-04-24,18.1791,,,,14.49,3.6891,,652.2161000000001
2024-04-25,17.0953,,,,15.47,1.6253,,635.4809
2024-04-26,10.8616,,,,0.98,9.8816,,599.6215
2024-04-29,25.1191,,,,19.81,5.3091,,581.3922
2024-04-30,29.6073,,,,25.16,4.4473,,585.9434
2024-05-06,46.4854,,,,30.55,15.9354,,611.0345
2024-05-07,19.5465,,,,14.09,5.4565,,565.2272
2024-05-08,16.4685,,,,5.21,11.2585,,525.4345
2024-05-09,-37.9735,,,,-33.83,-4.1435,,422.86179999999996
2024-05-10,59.6621,,,,29.14,30.5221,,391.9807
2024-05-13,80.7248,,,,46.65,34.0748,,462.38460000000003
2024-05-14,-1.1295,,,,3.52,-4.6495,,400.5292
2024-05-16,36.4556,,,,18.68,17.7756,,369.02750000000003
2024-05-17,54.6683,,,,30.56,24.1083,,397.1277
2024-05-20,22.794,,,,16.35,6.444,,398.56460000000004
2024-05-21,4.263,,,,7.12,-2.857,,384.6485
2024-05-22,15.1348,,,,11.55,3.5848,,382.688
2024-05-23,32.1228,,,,24.83,7.2928,,403.9492
2024-05-24,23.0786,,,,14.67,8.4086,,401.9087
2024-05-27,40.7457,,,,18.59,22.1557,,413.04710000000006
2024-05-28,38.4697,,,,13.85,24.6197,,405.0314
2024-05-29,62.2651,,,,34.68,27.5851,,447.75
2024-05-30,40.5097,,,,18.78,21.7297,,471.7912
2024-05-31,90.7152,,,,60.69,30.0252,,600.4799
2024-06-03,31.2774,,,,13.16,18.1174,,572.0952
2024-06-04,81.0074,,,,42.73,38.2774,,572.3778
2024-06-05,70.96,,,,45.13,25.83,,644.4673
2024-06-06,33.7076,,,,19.55,14.1576,,641.7193
2024-06-07,33.1119,,,,19.58,13.5319,,620.1628999999999
2024-06-11,94.6033,,,,50.71,43.8933,,691.9721999999999
2024-06-12,63.2532,,,,32.78,30.4732,,750.9624
2024-06-13,36.949,,,,11.83,25.119,,772.7766
2024-06-14,53.4674,,,,27.8,25.6674,,794.1212
2024-06-17,34.8305,,,,16.7,18.1305,,805.8730999999999
2024-06-18,54.1044,,,,23.08,31.0244,,819.2318
2024-06-19,21.9036,,,,7.6,14.3036,,802.6657
2024-06-20,69.4865,,,,35.04,34.4465,,809.8870999999999
2024-06-21,42.1961,,,,23.79,18.4061,,811.5735
2024-06-24,-19.531,,,,-10.49,-9.041,,701.3273
2024-06-25,2.9085,,,,4.59,-1.6815,,672.9584
2024-06-26,35.1151,,,,19.74,15.3751,,627.0661
2024-06-27,33.7582,,,,18.63,15.1282,,589.8643
2024-06-28,33.9255,,,,13.03,20.8955,,590.0822000000001
2024-07-02,55.1559,,,,21.15,34.0059,,612.1262
2024-07-03,33.8979,,,,7.73,26.1679,,551.4208
2024-07-04,8.836,,,,-0.17,9.006,,497.0036
2024-07-05,3.034,,,,10.56,-7.526,,463.08860000000004
2024-07-08,20.1143,,,,8.36,11.7543,,429.73550000000006
2024-07-09,33.6398,,,,19.84,13.7998,,428.5448
2024-07-10,7.9015,,,,7.51,0.3915,,382.3419
2024-07-11,4.2358,,,,8.77,-4.5342,,364.6741
2024-07-12,1.6447,,,,-2.04,3.6847,,296.8323
2024-07-15,44.8963,,,,24.64,20.2563,,299.53249999999997
2024-07-16,56.4925,,,,31.94,24.5525,,375.556
2024-07-17,-3.2606,,,,15.66,-18.9206,,369.38689999999997
2024-07-18,22.0138,,,,15.29,6.7238,,356.2856
2024-07-19,56.3082,,,,37.5,18.8082,,378.8356
2024-07-22,33.9961,,,,21.83,12.1661,,378.9062
2024-07-23,0.8534,,,,1.49,-0.6366,,324.6037
2024-07-24,-0.8005,,,,4.68,-5.4805,,289.9053
2024-07-25,-42.8708,,,,-16.79,-26.0808,,238.19849999999997
2024-07-26,80.8045,,,,44.57,36.2345,,315.969
2024-07-29,6.8746,,,,2.95,3.9246,,302.72929999999997
2024-07-30,-3.2584,,,,5.57,-8.8284,,265.8311
2024-07-31,21.0068,,,,14.73,6.2768,,278.9364
2024-08-01,77.0828,,,,39.94,37.1428,,351.78340000000003
2024-08-02,-17.3421,,,,-14.98,-2.3621,,332.7966
2024-08-05,12.7275,,,,12.98,-0.2525,,300.62780000000004
2024-08-06,54.839,,,,29.37,25.469,,298.9743
2024-08-07,107.2278,,,,60.8,46.4278,,409.46270000000004
2024-08-08,-55.9056,,,,-20.87,-35.0356,,331.54330000000004
2024-08-09,20.9144,,,,12.18,8.7344,,296.14950000000005
2024-08-12,39.9085,,,,24.66,15.2485,,302.06190000000004
2024-08-13,17.6172,,,,11.58,6.0372,,318.8257
2024-08-14,-9.5414,,,,-8.2,-1.3414,,310.0848
2024-08-15,60.8601,,,,40.99,19.8701,,413.81570000000005
2024-08-16,43.385,,,,25.85,17.535,,376.3962
2024-08-19,-56.5649,,,,-32.623,-23.9419,,312.9567
2024-08-20,16.4484,,,,11.5533,4.8951,,332.6635
2024-08-21,2.5763,,,,5.1844,-2.6081,,314.233
2024-08-22,-0.7543,,,,14.3278,-15.0821,,236.3959
2024-08-23,24.9958,,,,23.6225,1.3733,,278.7338
2024-08-26,-0.3747,,,,0.1317,-0.5064,,265.63160000000005
2024-08-27,26.3001,,,,16.5382,9.7619,,237.0927
2024-08-28,24.3894,,,,18.0941,6.2953,,154.2543
2024-08-29,-16.7522,,,,-10.7851,-5.9671,,193.40769999999998
2024-08-30,12.414,,,,12.9712,-0.5572,,184.9073
2024-09-02,108.929,,,,73.075,35.854,,253.92780000000002
2024-09-03,23.9175,,,,13.7202,10.1973,,260.2281
2024-09-04,-33.7717,,,,-14.4218,-19.3499,,235.99779999999998
2024-09-05,-14.4772,,,,-6.3015,-8.1757,,160.6605
2024-09-09,53.2472,,,,29.9199,23.3273,,170.5227
2024-09-10,84.9925,,,,37.7113,47.2812,,312.0801
2024-09-11,-53.8782,,,,-24.1426,-29.7356,,241.75350000000003
2024-09-12,28.1286,,,,11.1239,17.0047,,267.3058
2024-09-13,2.1766,,,,-5.6623,7.8389,,270.2367
2024-09-19,23.6275,,,,-2.1125,25.74,,268.8684
2024-09-20,30.7961,,,,2.0125,28.7836,,300.0392
2024-09-23,76.3647,,,,42.6242,33.7405,,350.1038
2024-09-24,-38.9512,,,,-32.0127,-6.9385,,286.76320000000004
2024-09-25,-48.4741,,,,-32.6378,-15.8363,,255.04129999999998
2024-09-26,54.0267,,,,57.0149,-2.9882,,296.654
2024-09-27,-20.946,,,,-3.8587,-17.0873,,166.779
2024-09-30,109.584,,,,69.6313,39.9527,,252.4455
2024-10-08,18.7656,,,,3.9728,14.7928,,304.9828
2024-10-09,-5.7866,,,,-28.1699,22.3833,,313.6734
2024-10-10,96.4159,,,,37.3404,59.0755,,356.8421
2024-10-14,111.0962,,,,68.946,42.1502,,382.94579999999996
2024-10-15,78.4293,,,,45.5763,32.853,,515.2533
2024-10-16,-14.1793,,,,-21.0817,6.9024,,472.94539999999995
2024-10-17,76.8328,,,,41.5725,35.2603,,547.6016
2024-10-18,-28.402,,,,-26.9744,-1.4276,,495.57210000000003
2024-10-21,114.0514,,,,92.5929,21.4585,,578.8274
2024-10-22,54.2149,,,,36.7205,17.4944,,556.6776
2024-10-23,86.405,,,,60.7025,25.7025,,682.0337999999999
2024-10-24,-4.2915,,,,22.0608,-26.3523,,726.2164
2024-10-25,84.5098,,,,48.9684,35.5414,,756.6995
2024-10-28,57.7534,,,,36.0648,21.6886,,835.3989
2024-10-29,62.2696,,,,35.9457,26.3239,,788.0845
2024-10-30,-43.8622,,,,-13.2513,-30.6109,,725.4567
2024-10-31,24.5915,,,,19.4007,5.1908,,755.8348
2024-11-01,39.0116,,,,24.4959,14.5157,,698.4305
2024-11-04,29.9607,,,,20.7419,9.2188,,617.295
2024-11-05,86.302,,,,42.6168,43.6852,,625.1677
2024-11-06,198.6108,,,,109.4306,89.1802,,837.9578
2024-11-07,10.9172,,,,17.9489,-7.0317,,772.0422
2024-11-08,-28.0913,,,,-0.9983,-27.093,,772.3529
2024-11-11,91.4948,,,,56.3127,35.1821,,749.7963000000001
2024-11-12,91.3088,,,,41.8311,49.4777,,786.8902
2024-11-13,-42.3036,,,,5.9434,-48.247,,658.1816
2024-11-14,183.341,,,,93.7588,89.5822,,845.8140999999999
2024-11-15,8.5812,,,,-14.0948,22.676,,769.8855000000001
2024-11-18,126.278,,,,73.278,53.0,,838.4100999999999
2024-11-19,18.3555,,,,1.8323,16.5232,,794.496
2024-11-20,51.8781,,,,28.0534,23.8247,,890.2363
2024-11-21,43.4474,,,,24.9862,18.4612,,909.0922
2024-11-22,23.9257,,,,10.861,13.0647,,894.0063
2024-11-25,11.2133,,,,6.5388,4.6745,,875.2589
2024-11-26,64.1337,,,,38.1715,25.9622,,853.0906
2024-11-27,49.1432,,,,17.8484,31.2948,,703.6229999999999
2024-11-28,72.8612,,,,43.0403,29.8209,,765.567
2024-11-29,30.4974,,,,2.736,27.7614,,824.1557
2024-12-02,184.0703,,,,103.5686,80.5017,,916.7312
2024-12-03,2.764,,,,1.6522,1.1118,,828.1863999999999
2024-12-04,-96.8218,,,,-40.7951,-56.0267,,773.6682000000001
2024-12-05,34.7309,,,,27.6666,7.0643,,625.0581000000001
2024-12-06,46.508,,,,26.442,20.066,,662.9848999999999
2024-12-09,119.6973,,,,69.3923,50.305,,656.4042000000001
2024-12-10,-96.2461,,,,-67.621,-28.6251,,541.8026000000001
2024-12-11,68.2192,,,,44.2572,23.962,,558.1437000000001
2024-12-12,-27.3423,,,,1.6099,-28.9522,,487.35400000000004
2024-12-13,134.1601,,,,87.7826,46.3775,,597.5884
2024-12-16,-3.6216,,,,9.4303,-13.0519,,582.7535
2024-12-17,74.8354,,,,56.9638,17.8716,,593.4552
2024-12-18,19.4365,,,,25.2844,-5.8479,,563.7485
2024-12-19,137.5013,,,,86.2026,51.2987,,628.3886
2024-12-20,15.3423,,,,11.4813,3.861,,613.2335
2024-12-23,24.9404,,,,29.9048,-4.9644,,454.1036
2024-12-24,49.1941,,,,27.3176,21.8765,,500.53369999999995
2024-12-27,79.9872,,,,36.9008,43.0864,,677.3427
2024-12-30,69.2604,,,,45.3595,23.9009,,711.8722
2024-12-31,60.7892,,,,46.3911,14.3981,,726.1534
2025-01-02,61.3605,,,,62.4402,-1.0797,,667.8166000000001
2025-01-03,87.6995,,,,53.3454,34.3541,,851.7622
2025-01-06,48.4898,,,,41.2365,7.2533,,832.0328
2025-01-07,121.8502,,,,125.3929,-3.5427,,981.2253000000001
2025-01-08,140.6614,,,,89.8957,50.7657,,987.7266
2025-01-09,107.4863,,,,75.1676,32.3187,,1098.8345
2025-01-10,43.9401,,,,39.0079,4.9322,,1067.9392
2025-01-13,62.0983,,,,52.1209,9.9774,,1110.6009999999999
2025-01-14,115.0014,,,,78.6412,36.3602,,1088.1011
2025-01-15,88.2348,,,,57.7638,30.471,,1160.9936
2025-01-16,59.45,,,,45.4324,14.0176,,1195.5032
2025-01-17,78.5876,,,,48.3705,30.2171,,1224.8967
2025-01-20,12.6903,,,,19.2495,-6.5592,,1157.5998000000002
2025-01-21,14.377,,,,24.2414,-9.8644,,1102.7164
2025-01-22,39.0239,,,,30.04,8.9839,,1080.9511
2025-01-23,50.6035,,,,37.6869,12.9166,,1070.1941
2025-01-24,-31.2697,,,,-16.1197,-15.15,,951.2249
2025-01-27,84.8264,,,,60.5239,24.3025,,987.5615
2025-02-05,-49.4811,,,,-16.1265,-33.3546,,816.2302
2025-02-06,84.9181,,,,48.0804,36.8377,,760.4869
2025-02-07,9.9975,,,,21.531,-11.5335,,662.9981
2025-02-10,154.7561,,,,98.8105,55.9456,,773.8140999999999
2025-02-11,-83.4273,,,,-15.906,-67.5213,,628.2885
2025-02-12,70.5601,,,,55.6033,14.9568,,583.8471999999999
2025-02-13,-9.5724,,,,21.8769,-31.4493,,486.04
2025-02-14,72.0156,,,,37.755,34.2606,,498.6056
2025-02-17,100.5652,,,,71.6064,28.9588,,520.5832
2025-02-18,210.0859,,,,126.6175,83.4684,,717.9788000000001
2025-02-19,96.8691,,,,81.9036,14.9655,,800.4709
2025-02-20,-59.1978,,,,-1.9655,-57.2323,,702.2492000000001
2025-02-21,131.062,,,,80.7633,50.2987,,782.7077
2025-02-24,128.1552,,,,100.5012,27.654,,942.1326000000001
2025-02-25,206.0986,,,,120.5776,85.521,,1063.4048
2025-02-26,97.1433,,,,19.8655,77.2778,,1210.0292
2025-02-27,158.2339,,,,93.1134,65.1205,,1283.3450000000003
2025-02-28,111.5882,,,,52.5363,59.0519,,1384.9357
2025-03-03,91.5467,,,,56.383,35.1637,,1321.7263
2025-03-04,-11.2361,,,,-20.9036,9.6675,,1393.9175
2025-03-05,78.1884,,,,42.7891,35.3993,,1401.5458
2025-03-06,60.8872,,,,11.5622,49.325,,1472.0054
2025-03-07,112.9046,,,,72.3976,40.507,,1512.8944000000001
2025-03-10,277.3636,,,,168.4909,108.8727,,1689.6928000000003
2025-03-11,-37.6059,,,,-19.5922,-18.0137,,1442.0010000000002
2025-03-12,244.6104,,,,151.5809,93.0295,,1589.7423
2025-03-13,50.9704,,,,35.5799,15.3905,,1699.9105000000002
2025-03-14,40.4651,,,,15.2297,25.2354,,1609.3136
2025-03-17,97.7059,,,,59.4089,38.297,,1578.8643000000002
2025-03-18,-10.2364,,,,-22.2057,11.9693,,1362.5293000000001
2025-03-19,109.8277,,,,72.0574,37.7703,,1375.2137
2025-03-20,-3.7916,,,,-3.6521,-0.1395,,1213.1882
2025-03-21,21.1784,,,,18.2373,2.9411,,1122.7784
2025-03-24,23.6441,,,,20.4254,3.2187,,1054.8758000000003
2025-03-25,129.9869,,,,79.3189,50.668,,1196.0988
2025-03-26,78.2932,,,,47.5009,30.7923,,1196.2036
2025-03-27,38.7614,,,,30.1248,8.6366,,1174.0778
2025-03-28,77.0816,,,,52.2903,24.7913,,1138.2548
2025-03-31,27.2182,,,,50.1192,-22.901,,888.1094
2025-04-01,185.9299,,,,111.4369,74.493,,1111.6452
2025-04-02,109.6597,,,,72.8268,36.8329,,976.6945
2025-04-03,270.9823,,,,159.9478,111.0345,,1196.7064
2025-04-07,145.0548,,,,86.5353,58.5195,,1301.2961
2025-04-08,223.8191,,,,130.6537,93.1654,,1427.4092999999998
2025-04-09,338.5674,,,,204.7875,133.7799,,1776.2131
2025-04-10,-38.1978,,,,-53.7049,15.5071,,1628.1876000000002
2025-04-11,110.4912,,,,65.9209,44.5703,,1742.4704000000002
2025-04-14,54.4628,,,,52.0083,2.4545,,1775.7548000000002
2025-04-15,67.989,,,,54.3616,13.6274,,1820.0997000000002
2025-04-16,74.5531,,,,75.9447,-1.3916,,1764.6659
2025-04-17,21.7245,,,,4.7832,16.9413,,1708.0972
2025-04-22,201.6109,,,,111.4297,90.1812,,1870.9467000000002
2025-04-23,-170.2452,,,,-88.7443,-81.5009,,1623.6199000000001
2025-04-24,31.856,,,,36.58,-4.724,,1628.2577
2025-04-25,-65.8815,,,,-20.262,-45.6195,,1376.4463
2025-04-28,19.1172,,,,22.0557,-2.9385,,1285.9038
2025-04-29,-60.1074,,,,-30.4165,-29.6909,,954.8140999999999
2025-04-30,52.8353,,,,44.8894,7.9459,,862.5945999999999
2025-05-06,125.4272,,,,71.5825,53.8447,,764.2027
2025-05-07,-73.1802,,,,-38.8677,-34.3125,,352.4551
2025-05-08,-22.1915,,,,-10.2081,-11.9834,,368.4614
2025-05-09,37.6976,,,,30.2563,7.4413,,295.6678
2025-05-12,-171.4019,,,,-74.0927,-97.3092,,69.8031
2025-05-13,20.9002,,,,35.4098,-14.5096,,22.714299999999998
2025-05-14,61.9455,,,,46.2058,15.7397,,10.106699999999996
2025-05-15,-2.0328,,,,18.1266,-20.1594,,-13.650600000000003
2025-05-16,10.1056,,,,19.5478,-9.4422,,-205.15589999999997
2025-05-19,78.0506,,,,67.0527,10.9979,,43.139900000000026
2025-05-20,58.4146,,,,39.7141,18.7005,,69.69850000000002
2025-05-21,13.1373,,,,25.4499,-12.3126,,148.71730000000005
2025-05-22,35.7268,,,,27.8442,7.8826,,165.32690000000002
2025-05-23,-10.4489,,,,15.5487,-25.9976,,214.98540000000003
2025-05-26,-13.794,,,,17.0047,-30.7987,,148.35610000000003
2025-05-27,109.9352,,,,74.9786,34.9566,,132.8641
2025-05-28,32.8274,,,,36.0027,-3.1753,,238.87170000000003
2025-05-29,40.2243,,,,38.4234,1.8009,,301.2875
2025-05-30,88.5816,,,,74.9961,13.5855,,352.17150000000004
2025-06-03,35.8086,,,,27.2864,8.5222,,559.382
2025-06-04,32.2354,,,,25.4298,6.8056,,570.7172
2025-06-05,6.789,,,,22.234,-15.445,,515.5607
2025-06-06,61.9758,,,,71.2413,-9.2655,,579.5693000000001
2025-06-09,6.5704,,,,-4.8492,11.4196,,576.0341
2025-06-10,69.5507,,,,43.9357,25.615,,567.5342
2025-06-11,12.6046,,,,2.7449,9.8597,,521.7242
2025-06-12,51.1384,,,,35.2668,15.8716,,559.7253000000001
2025-06-13,1.7408,,,,-25.5219,27.2627,,525.7393
2025-06-16,52.5598,,,,24.4134,28.1464,,588.7479999999999
2025-06-17,57.7127,,,,32.7845,24.9282,,660.2547000000001
2025-06-18,11.3808,,,,13.4812,-2.1004,,561.7003000000001
2025-06-19,13.082,,,,9.7578,3.3242,,541.9549000000001
2025-06-20,14.207,,,,-11.3612,25.5682,,515.9376
2025-06-23,72.3023,,,,40.2004,32.1019,,499.65830000000005
2025-06-24,23.6782,,,,7.4233,16.2549,,487.52790000000005
2025-06-25,87.49,,,,43.4444,44.0456,,542.7825
2025-06-26,48.2602,,,,29.5833,18.6769,,584.2537000000001
2025-06-27,27.7496,,,,2.6843,25.0653,,550.0275
2025-06-30,47.6448,,,,21.8485,25.7963,,591.1019000000001
2025-07-02,45.9941,,,,11.6849,34.3092,,567.5453000000001
2025-07-03,-27.7758,,,,-17.0099,-10.7659,,527.1649000000001
2025-07-04,61.0289,,,,27.436,33.5929,,537.0554
2025-07-07,110.369,,,,52.9673,57.4017,,645.6836000000001
2025-07-08,3.5423,,,,-2.1679,5.7102,,596.6661000000001
2025-07-09,84.784,,,,60.3112,24.4728,,623.7374000000001
2025-07-10,26.5517,,,,14.4448,12.1069,,638.9083
2025-07-11,15.9392,,,,-20.0691,36.0083,,641.7655000000001
2025-07-14,75.299,,,,28.3379,46.9611,,702.8575000000001
2025-07-15,34.9702,,,,14.5389,20.4313,,665.5254
2025-07-16,14.6701,,,,18.3856,-3.7155,,656.5173000000001
2025-07-17,16.9918,,,,15.2802,1.7116,,586.0191000000001
2025-07-18,54.2902,,,,30.1008,24.1894,,592.0491000000001
2025-07-21,64.5075,,,,35.678,28.8295,,628.8070000000001
2025-07-22,24.8557,,,,27.2998,-2.4441,,606.0179
2025-07-23,-12.0285,,,,-8.4613,-3.5672,,547.9953
2025-07-24,33.884,,,,19.6093,14.2747,,609.6551000000001
2025-07-25,184.4379,,,,104.852,79.5859,,733.0641
2025-07-28,84.6036,,,,57.9495,26.6541,,707.2987
2025-07-29,116.3817,,,,53.7854,62.5963,,820.1381000000001
2025-07-30,107.2927,,,,58.8593,48.4334,,842.6468000000001
2025-07-31,120.4508,,,,69.7822,50.6686,,936.5459000000001
2025-08-01,112.3266,,,,51.3027,61.0239,,1032.9333000000001
2025-08-04,-165.4018,,,,-101.7048,-63.697,,792.2325000000001
2025-08-05,214.739,,,,127.7469,86.9921,,972.0013
2025-08-06,86.9687,,,,40.976,45.9927,,1044.2999
2025-08-07,6.0634,,,,-30.7578,36.8212,,1033.3715
2025-08-08,57.4287,,,,30.0348,27.3939,,1036.51
2025-08-11,0.3512,,,,-1.6521,2.0033,,972.3537000000001
2025-08-12,86.6701,,,,42.2997,44.3704,,1034.1681
2025-08-13,-75.6728,,,,-77.3369,1.6641,,970.5238000000002
2025-08-14,9.459,,,,15.0454,-5.5864,,946.0988
2025-08-15,329.9139,,,,181.2596,148.6543,,1091.5748
2025-08-18,12.7437,,,,17.8367,-5.093,,1019.7149000000001
2025-08-19,171.2073,,,,82.1544,89.0529,,1074.5405
2025-08-20,-134.9359,,,,-69.731,-65.2049,,832.3119
2025-08-21,68.6078,,,,20.2457,48.3621,,780.4689
2025-08-22,47.5068,,,,5.446,42.0608,,715.6491
2025-08-25,-12.5908,,,,-22.3056,9.7148,,868.4601
2025-08-26,152.2306,,,,88.2281,64.0025,,805.9517000000001
2025-08-27,141.5256,,,,82.9128,58.6128,,860.5086000000001
2025-08-28,-187.0778,,,,-121.6876,-65.3902,,667.3674000000001
2025-08-29,110.2216,,,,12.2769,97.9447,,720.1603
2025-09-01,109.2925,,,,51.7916,57.5009,,829.1016000000001
2025-09-02,85.0361,,,,51.6363,33.3998,,827.4676000000001
2025-09-03,50.4427,,,,29.3219,21.1208,,953.5831000000001
2025-09-04,6.478,,,,12.7027,-6.2247,,950.6021000000001
2025-09-05,51.4436,,,,6.7625,44.6811,,672.1318
2025-09-08,152.8343,,,,74.7227,78.1116,,812.2224
2025-09-09,93.5782,,,,19.3658,74.2124,,734.5933000000001
2025-09-10,69.1692,,,,23.1873,45.9819,,938.6984
2025-09-11,173.7372,,,,73.861,99.8762,,1043.8278
2025-09-12,67.1201,,,,-13.6035,80.7236,,1063.4411
2025-09-15,132.6407,,,,63.8625,68.7782,,1208.6725999999999
2025-09-16,-29.1464,,,,-27.1964,-1.95,,1027.2956000000001
2025-09-17,86.2554,,,,19.6978,66.5576,,972.0254000000001
2025-09-18,57.4765,,,,17.4283,40.0482,,1216.5797
2025-09-19,90.0369,,,,48.3533,41.6836,,1196.3950000000002
2025-09-22,116.7259,,,,74.728,41.9979,,1203.8284
2025-09-23,-37.2355,,,,-21.2469,-15.9886,,1081.5568
2025-09-24,125.6508,,,,47.9085,77.7423,,1156.7649000000001
2025-09-25,101.3268,,,,44.3078,57.019,,1251.6136999999999
2025-09-26,96.8311,,,,67.6725,29.1586,,1297.0012000000002
2025-09-29,-15.1341,,,,-21.5845,6.4504,,1129.0328000000002
2025-09-30,141.9673,,,,83.2644,58.7029,,1177.4219
2025-10-09,27.9116,,,,44.4972,-16.5856,,1136.1643
2025-10-10,-3.644,,,,-11.1723,7.5283,,958.7831
2025-10-13,181.9495,,,,69.8129,112.1366,,1073.6125
2025-10-14,79.1283,,,,45.7366,33.3917,,1020.1001000000001
2025-10-15,-49.8779,,,,-57.821,7.9431,,999.3686
2025-10-16,145.1581,,,,79.5593,65.5988,,1058.2713
2025-10-17,57.8828,,,,51.941,5.9418,,1058.6776
2025-10-20,-24.4861,,,,-20.9666,-3.5195,,944.1546
2025-10-21,10.7378,,,,23.1383,-12.4005,,838.1665
2025-10-22,91.9411,,,,61.4278,30.5133,,967.3431
2025-10-23,49.0086,,,,43.7367,5.2719,,890.7009
2025-10-24,31.3295,,,,6.464,24.8655,,820.7036
2025-10-27,26.32,,,,15.0768,11.2432,,750.1925000000001
2025-10-28,20.6465,,,,16.5661,4.0804,,785.9731
2025-10-30,124.9046,,,,60.5423,64.3623,,768.9104
2025-10-31,79.8996,,,,52.8878,27.0118,,820.8984
2025-11-03,50.1687,,,,11.9531,38.2156,,874.7111
2025-11-04,90.1586,,,,47.6953,42.4633,,782.9202000000001
2025-11-05,95.1665,,,,30.8178,64.3487,,798.9584000000001
2025-11-06,50.2418,,,,12.393,37.8488,,899.0781000000001
2025-11-07,68.955,,,,33.7884,35.1666,,822.8750000000001
2025-11-10,60.9747,,,,10.5583,50.4164,,825.9669000000001
2025-11-11,40.9523,,,,24.58,16.3723,,891.4053000000001
2025-11-12,39.2843,,,,31.1333,8.151,,919.9518
2025-11-13,-32.1312,,,,-19.4186,-12.7126,,795.8795000000001
2025-11-14,117.7979,,,,66.4803,51.3176,,864.6688
2025-11-17,77.2813,,,,39.6568,37.6245,,910.6206
2025-11-18,68.2528,,,,25.094,43.1588,,952.5534000000001
2025-11-19,60.1899,,,,22.7355,37.4544,,992.0968
2025-11-20,146.3732,,,,71.4687,74.9045,,1013.5654000000001
2025-11-21,0.9646,,,,4.5485,-3.5839,,934.6304000000001
2025-11-24,78.3011,,,,18.9802,59.3209,,962.7628000000001
2025-11-25,101.8877,,,,65.1274,36.7603,,974.4919000000001
2025-11-26,-35.9456,,,,-13.0376,-22.908,,843.3798
2025-11-27,12.0957,,,,5.7851,6.3106,,805.2337
2025-11-28,24.7949,,,,8.4797,16.3152,,761.0736
2025-12-01,19.5036,,,,-6.9434,26.447,,719.6025000000001
2025-12-02,37.221,,,,9.3517,27.8693,,715.8712
2025-12-03,20.6851,,,,4.9691,15.716,,697.272
2025-12-04,13.4385,,,,-9.0764,22.5149,,742.8417000000001
2025-12-05,12.1801,,,,-3.5779,15.758,,637.2239000000001
2025-12-08,13.9991,,,,10.0723,3.9268,,573.9417000000001
2025-12-09,4.8251,,,,-3.2024,8.0275,,510.51400000000007
2025-12-10,-9.2313,,,,-29.2179,19.9866,,441.09280000000007
2025-12-11,7.1785,,,,-2.9001,10.0786,,301.89810000000006
2025-12-12,-47.8759,,,,-59.7341,11.8582,,253.05760000000004
2025-12-15,33.1095,,,,4.429,28.6805,,207.86600000000004
2025-12-16,0.7497,,,,-10.0031,10.7528,,106.72800000000005
2025-12-17,71.6387,,,,20.092,51.5467,,214.31230000000005
2025-12-18,11.3785,,,,-9.9022,21.2807,,213.59510000000006
2025-12-19,30.4918,,,,-8.3744,38.8662,,219.29200000000003
2025-12-22,28.2649,,,,-7.4453,35.7102,,228.05330000000004
2025-12-23,5.5173,,,,-5.2528,10.7701,,196.34960000000007
2025-12-24,-10.5807,,,,-4.9655,-5.6152,,165.08380000000005
2025-12-29,-30.7402,,,,-2.9728,-27.7674,,120.90510000000005
2025-12-30,-34.4911,,,,-11.9025,-22.5886,,74.23390000000005
2025-12-31,30.9851,,,,27.8274,3.1577,,91.21990000000005
2026-01-05,167.809,811.6422,624.413,5.121357219999999,87.9122,79.8968,,254.20380000000006
2026-01-06,25.8101,681.1576,652.3718,5.1242358,8.7452,17.0649,,289.2452
2026-01-07,82.4085,717.8589999999999,626.0756,5.133414139999999,31.3388,51.0697,,364.47520000000003
2026-01-08,-43.896,565.0251999999999,614.0344,5.12851322,-35.542,-8.354,,368.4551
2026-01-09,61.0664,591.0222,522.87,5.13532844,14.8758,46.1906,,396.41200000000003
2026-01-12,65.3679,773.9985,700.9397,5.14263432,13.8406,51.5273,,461.03020000000004
2026-01-13,11.5967,693.2213,680.2571,5.143930740000001,1.3321,10.2646,,400.98820000000006
2026-01-14,25.6354,817.4058,788.752,5.146796119999999,22.4859,3.1495,,415.24510000000004
2026-01-15,-13.5219,591.5943,606.748,5.14528075,17.2527,-30.7746,,371.23140000000006
2026-01-16,0.8444,555.1658,554.23,5.14537433,8.9902,-8.1458,,343.8109
2026-01-19,20.4633,515.9526000000001,493.0374,5.14766585,27.1561,-6.6928,,358.75690000000003
2026-01-20,32.6648,504.7274,468.1016,5.1513284299999995,30.7149,1.9499,,402.0024
2026-01-21,124.4314,614.6332,475.333,5.1652584500000005,69.5774,54.854,,557.174
2026-01-22,46.7864,491.992,439.5982,5.17049783,24.7864,22.0,,638.4515
2026-01-23,-14.2838,513.5724,529.5792,5.16889715,-4.9956,-9.2882,,593.1826
2026-01-26,-7.3534,568.5471,576.8021,5.16807165,-1.6654,-5.688,,418.02020000000005
2026-01-27,-5.6537,507.861,514.2062999999999,5.16743712,-12.2493,6.5956,,386.55640000000005
2026-01-28,-30.4715,672.087,706.3609,5.16400973,-42.4348,11.9633,,273.67640000000006
2026-01-29,38.9214,684.2816,640.5455000000001,5.168383339999999,21.1174,17.804,,356.4938000000001
2026-01-30,28.679,598.5545,566.339,5.171604889999999,18.1514,10.5276,,324.1064
2026-02-02,16.9763,700.961,681.8896000000001,5.17351203,24.3641,-7.3878,,275.7148000000001
2026-02-03,8.4547,636.7592,627.2369,5.17446426,15.3824,-6.9277,,272.5728000000001
2026-02-04,118.766,637.2388,503.5111,5.18783703,65.6585,53.1075,,365.70340000000004
2026-02-05,222.0563,691.9392999999999,442.1646,5.2128144999999995,110.9592,111.0971,,601.2816
2026-02-06,132.033,516.3777,367.7861,5.227673660000001,63.1987,68.8343,,732.4702000000001
2026-02-09,-16.7062,492.7297,511.5948,5.22578715,-14.5644,-2.1418,,695.3007
2026-02-10,0.7561,479.00769999999994,478.1612,5.2258718,9.7589,-9.0028,,663.392
2026-02-11,42.5884,477.9926,429.8308,5.23068798,24.9732,17.6152,,581.5490000000001
2026-02-12,40.351,496.7198,451.0472,5.23525524,41.1353,-0.7843,,575.1136
2026-02-13,178.9291,604.8999,402.7085,5.25547438,101.5607,77.3684,,768.3265000000001
2026-02-24,27.5602,557.8695,526.5616,5.25860517,8.4579,19.1023,,803.2401
2026-02-25,-35.5958,442.2817,482.8486,5.25454848,-48.2219,12.6261,,773.298
2026-02-26,-64.3456,462.8128,536.4723,5.247182530000001,-20.1855,-44.1601,,739.4239000000001
2026-02-27,131.386,542.4154,392.4437,5.2621797,67.6055,63.7805,,831.8885
2026-03-02,142.817,854.7732000000001,692.6352,5.2783935,71.4154,71.4016,,946.0265
2026-03-03,53.7807,925.5606,864.7482000000001,5.28447474,24.3691,29.4116,,982.8309
2026-03-04,-4.1139,708.3002,712.9605,5.284008709999999,-9.6451,5.5312,,970.2623
2026-03-05,-244.6644,614.1108,891.4586999999999,5.25627392,-143.2478,-101.4166,,606.8319
2026-03-06,-19.2917,581.5713,603.4501,5.25408604,-12.9084,-6.3833,,365.4839
2026-03-09,329.9382,1035.1172,662.987,5.29129906,231.1001,98.8381,,563.3891
2026-03-10,-157.6483,669.3753999999999,848.9028999999999,5.273346309999999,-99.426,-58.2223,,422.447
2026-03-11,30.2809,597.3818,562.8978,5.27679471,13.8914,16.3895,,451.97180000000003
2026-03-12,99.1576,623.7462,510.9195,5.28807738,54.0515,45.1061,,508.54100000000005
2026-03-13,162.8341,673.7186,489.2336,5.30652588,104.263,58.5711,,631.0241000000001
2026-03-16,-11.0057,553.7901,566.2875,5.305276139999999,-24.0961,13.0904,,441.08930000000004
2026-03-17,-100.8636,592.9542,707.7608,5.293795480000001,-51.8395,-49.0241,,312.6655
2026-03-18,10.6806,524.6793,512.514,5.29501201,3.5041,7.1765,,358.94190000000003
2026-03-19,230.8824,905.0943,643.1941,5.32120203,149.9865,80.8959,,654.1699
2026-03-20,-184.3784,591.3322000000001,801.3827,5.300196980000001,-130.7715,-53.6069,,338.4055
2026-03-23,262.5539,986.832,689.5527999999999,5.3299249,131.698,130.8559,,458.1424
2026-03-24,-240.5394,581.9573,855.5661,5.302564019999999,-150.5398,-89.9996,,163.82229999999998
2026-03-25,197.0946,939.3938,716.1682000000001,5.32488658,125.6573,71.4373,,365.0308
2026-03-26,29.5094,602.4726999999999,569.0748,5.32822637,32.7612,-3.2518,,639.2046
2026-03-27,-25.4593,490.8049,519.6385,5.32534301,-1.5998,-23.8595,,633.037
2026-03-30,-21.7612,592.7334,617.4008,5.322876269999999,14.7235,-36.4847,,281.3376
2026-03-31,6.2173,548.0613,541.0279,5.32357961,22.2504,-16.0331,,445.20320000000004
2026-04-01,-111.3111,577.236,704.1721000000001,5.310886,-59.4904,-51.8207,,303.61120000000005
2026-04-02,174.5924,674.9159,476.6392,5.330713670000001,97.5999,76.9925,,379.04600000000005
2026-04-08,-187.9359,664.5392999999999,880.2773,5.30913987,-118.3285,-69.6074,,28.27600000000001
2026-04-09,109.9831,528.6001,402.672,5.321732679999999,71.4578,38.5253,,149.2648
2026-04-10,-24.5469,549.6141,577.7674,5.3189173499999995,-13.7457,-10.8012,,225.58149999999998
2026-04-13,19.6372,476.4038,453.9145,5.321166280000001,37.2341,-17.5969,,234.5381
2026-04-14,-17.5329,505.6851,525.8503,5.319149759999999,-5.2094,-12.3235,,-13.877200000000006
2026-04-15,36.7217,553.4133,511.2066,5.32337043,18.5175,18.2042,,207.22289999999998
2026-04-16,37.3949,553.9137999999999,511.0032,5.32766149,30.5591,6.8358,,-17.936100000000017
2026-04-17,148.3757,603.7832,433.6861,5.3446712,108.2718,40.1039,,370.979
2026-04-20,-34.0192,481.3542,520.4467,5.34076195,7.9358,-41.955,,139.86519999999996
2026-04-21,32.549,431.9583,394.579,5.34449988,39.0514,-6.5024,,142.90479999999997
2026-04-22,42.6334,519.3335,470.4286,5.34939037,37.0711,5.5623,,210.99749999999995
2026-04-23,75.0731,595.717,509.7357,5.3579885,52.3543,22.7188,,307.83179999999993
2026-04-24,30.2007,556.8439,522.2425,5.361448639999999,36.3875,-6.1868,,331.8152
2026-04-27,-35.5982,510.9428,551.8629,5.35735663,42.5135,-78.1117,,407.52809999999994
2026-04-28,126.8072,622.7218,477.494,5.37187941,94.5822,32.225,,359.74289999999996
2026-04-29,-34.4488,458.6427,498.1602,5.36792766,10.4851,-44.9339,,513.2299999999999
2026-04-30,106.4825,666.6922999999999,544.7739,5.3801195,88.5097,17.9728,,509.72939999999994
2026-05-06,-74.4504,649.4231,735.0694,5.37155487,-11.8306,-62.6198,,459.82589999999993
2026-05-07,-41.6322,628.3483,676.3162,5.36675808,-18.1829,-23.4493,,398.55649999999997
2026-05-08,114.4286,683.1425999999999,551.4586,5.379926480000001,87.9877,26.4409,,530.5179999999999
2026-05-11,0.6297,664.695,663.9851,5.37999747,30.5945,-29.9648,,494.42599999999993
2026-05-12,6.8695,557.1983,549.2979,5.380787509999999,29.5731,-22.7036,,463.90059999999994
2026-05-13,-58.6813,581.9503,649.6645,5.37401609,4.3256,-63.0069,,256.8436
2026-05-14,-84.1029,624.7254,721.8491,5.36430372,-48.7986,-35.3043,,206.75989999999996
2026-05-15,217.0964,890.6714999999999,641.1172,5.38925915,149.2033,67.8931,,391.30729999999994
2026-05-18,-68.3836,643.0012,721.7636,5.38138291,-17.0293,-51.3543,,280.2903
2026-05-19,11.0102,596.2715000000001,583.6152,5.38264854,2.9122,8.098,,216.22739999999996
2026-05-20,49.6343,606.581,549.5,5.38835664,26.0687,23.5656,,235.66099999999994
2026-05-21,-52.9768,646.0191,707.069,5.382251650000001,-10.9349,-42.0419,,218.28239999999997
2026-05-22,-56.3121,574.0287000000001,638.9652,5.375758,-19.9212,-36.3909,,35.163099999999964
2026-05-26,-8.3643,782.3588000000001,792.0354,5.37479034,24.7901,-33.1544,,61.24759999999996
2026-05-27,-66.7699,638.5872,715.7616,5.367072900000001,13.9728,-80.7427,,-112.00480000000005
2026-05-28,65.8859,787.3711999999999,711.2836,5.37468166,65.4633,0.4226,,28.331499999999963
2026-05-29,16.2866,789.3946000000001,770.554,5.376565719999999,36.4746,-20.188,,86.25029999999995
2026-06-01,40.2166,687.581,641.0079000000001,5.38122303,24.7812,15.4354,,12.038299999999957
2026-06-02,19.1885,770.3330000000001,748.1010000000001,5.3834462300000006,17.4136,1.7749,,30.59709999999996
2026-06-03,161.5963,821.0572,634.2375,5.4021282,140.2819,21.3144,,185.32389999999998
2026-06-04,-2.7066,541.192,544.3412999999999,5.40181327,34.0275,-36.7341,,241.29859999999996
2026-06-05,-20.9501,618.5851,642.8494000000001,5.39938684,43.12,-64.0701,,304.4513999999999
2026-06-08,98.0863,673.6776,560.4986,5.41070474,86.377,11.7093,,185.44129999999998
2026-06-09,-74.3884,605.5304,691.6685000000001,5.40209093,-0.8495,-73.5389,,179.43649999999997
2026-06-10,71.3502,666.5902000000001,584.1569999999999,5.41033425,78.0584,-6.7082,,239.7765
2026-06-11,-23.8193,516.0183000000001,543.5614,5.407579940000001,-3.6315,-20.1878,,166.3229
2026-06-12,-34.0106,602.4123999999999,641.8354,5.4036376399999995,-13.3078,-20.7028,,185.2891
2026-06-15,18.2063,597.2961,576.1965,5.4057476,7.5299,10.6764,,259.8075
2026-06-16,29.9029,570.9999,536.3697,5.4092106200000005,42.2082,-12.3053,,298.0747
2026-06-17,-27.7753,572.2413,604.4576000000001,5.40598899,-8.9364,-18.8389,,337.0693
2026-06-18,-58.5983,690.5058,758.427,5.39919687,-3.0184,-55.5799,,212.5851
2026-06-22,-50.2927,737.7647000000001,795.9602,5.39337732,14.0633,-64.356,,146.00579999999997
2026-06-23,89.8576,746.0989,642.3912,5.40374809,61.3937,28.4639,,195.64679999999998
2026-06-24,136.8666,781.1858,623.6785,5.41949882,115.1875,21.6791,,313.32489999999996
2026-06-25,-76.9688,664.7826,753.5263,5.41062445,-40.0663,-36.9025,,74.75979999999997
2026-06-26,-21.7063,627.13,652.168,5.40812065,31.1174,-52.8237,,55.760099999999966
2026-06-29,-89.5604,627.7708,731.1587,5.39778186,-47.4231,-42.1373,,-12.85020000000003
2026-06-30,51.0722,668.5261999999999,609.5740000000001,5.40367708,48.292,2.7802,,-59.86430000000002
2026-07-02,-17.0672,704.2575999999999,723.9989999999999,5.401702940000001,19.7162,-36.7834,,-2.543100000000017
2026-07-03,39.264,649.9431,604.5653,5.40624072,38.6611,0.6029,,-34.62930000000001
2026-07-06,177.9393,839.5916000000001,634.3136,5.4267685199999995,108.8062,69.1331,,167.1293
2026-07-07,4.3235,649.7564,644.7841000000001,5.42726575,15.7905,-11.467,,205.4634
2026-07-08,123.2166,864.6421,722.6985000000001,5.44146011,61.0248,62.1918,,310.4737
2026-07-09,85.2713,841.1511999999999,742.8465,5.45129058,28.1721,57.0992,,365.84209999999996
2026-07-10,-51.8368,747.3055,807.2509,5.445296040000001,-28.9141,-22.9227,,341.7806
2026-07-13,78.2362,681.3175,590.9333,5.45433446,68.1569,10.0793,,478.6151
2026-07-14,95.1486,699.8432,589.8744,5.46533134,70.9871,24.1615,,624.0563999999999
2026-07-15,115.5204,737.9236999999999,604.2864,5.4786950700000006,38.8781,76.6423,,649.7192
2026-07-16,43.5356,723.2323,672.8375,5.483734549999999,17.2954,26.2402,,556.3882
2026-07-17,-12.5749,768.6836,783.2494,5.48227797,16.5222,-29.0971,,620.7820999999999
2026-07-20,-51.4473,595.557,655.1801,5.47631566,-27.309,-24.1383,3530.9927,591.0411
2026-07-21,61.8749,693.2521,621.5784,5.48348303,11.3005,50.5744,3539.2607,742.4764
2026-07-22,64.9787,784.972,709.8023,5.491,33.1763,31.8024,3503.2376,756.3829000000001
2026-07-23,-36.4769,465.6188,507.88,5.48677388,-16.2716,-20.2053,3545.7115,736.9732
2026-07-24,-13.1111,436.2789,451.4608,5.485255690000001,-4.7621,-8.349,3500.4766,684.5980999999999
2026-07-27,-13.5809,406.1538,421.8978,5.48368129,-17.3066,3.7257,3535.1649,493.07789999999994
2026-07-28,-21.5146,467.9609,492.9064,5.48118674,-4.7621,-16.7525,3539.8797,467.2398
2026-07-29,-48.1999,,,,-35.2957,-12.9042,3610.9673,295.82329999999996
2026-07-30,-73.7829,,,,-30.0794,-43.7035,3610.803,136.7691
