date,wind_all_a_proxy_amount,tmt_amount,tmt_share_pct,dividend_low_vol_amount,dividend_low_vol_share_pct
2024-01-01,7698.27,582.76,7.570012483324175,184.86,2.4013187378462955
2024-01-02,7698.27,582.76,7.570012483324175,184.86,2.4013187378462955
2024-01-03,7186.54,593.78,8.262390524508316,178.91,2.4895151213240307
2024-01-04,6561.39,517.16,7.881866494751873,187.27,2.8541208493931927
2024-01-05,7163.49,495.74,6.920369819738703,239.67,3.3457155660160063
2024-01-08,6390.85,529.07,8.27855449588083,187.7,2.9370115086412603
2024-01-09,6552.89,519.24,7.923832080196676,161.68,2.467308317398888
2024-01-10,6277.23,423.72,6.750111115890291,131.47,2.094395139257284
2024-01-11,6875.73,508.87,7.4009596071980726,167.68,2.4387228701534243
2024-01-12,6525.32,421.88,6.465276798685735,130.0,1.992239461053251
2024-01-15,5910.79,440.39,7.450611508783089,128.97,2.1819418385698017
2024-01-16,6633.64,516.93,7.792554314071912,167.29,2.5218432112686244
2024-01-17,6195.7,455.45,7.351066061946189,180.72,2.9168616944009558
2024-01-18,8429.09,687.29,8.153786470425633,280.86,3.332032283437477
2024-01-19,6468.89,560.56,8.665474293116747,184.3,2.8490204656440286
2024-01-22,7751.18,624.26,8.053741494843365,238.31,3.0744996245732907
2024-01-23,6855.73,657.51,9.590663576307703,175.82,2.5645700749591946
2024-01-24,7454.6,637.13,8.546803316073296,208.79,2.800820969602661
2024-01-25,8692.38,752.16,8.65309616008504,267.16,3.073496556754307
2024-01-26,8053.97,665.1,8.258039203026582,295.45,3.668377210245382
2024-01-29,7803.21,616.6,7.901876279121028,311.38,3.990409075239549
2024-01-30,6401.3,510.28,7.9715057878868345,227.26,3.5502163623014074
2024-01-31,7382.13,605.45,8.201562421685884,239.79,3.2482494889686313
2024-02-01,6855.56,619.12,9.030917970231462,223.08,3.2540011319279536
2024-02-02,7866.58,645.2,8.20178527390556,285.06,3.6236839897388697
2024-02-05,8604.13,739.46,8.594244856830384,359.26,4.175436679827014
2024-02-06,9083.58,781.18,8.5999132500622,335.35,3.6918263504036957
2024-02-07,10001.76,800.32,8.0017916846635,402.27,4.021992129385228
2024-02-08,9930.8,816.1,8.217867644097153,322.73,3.2497885366737833
2024-02-19,9338.24,959.34,10.27324206702762,331.9,3.5542029333150573
2024-02-20,7683.96,807.15,10.504349319881936,231.27,3.0097762091421614
2024-02-21,9547.07,851.29,8.916767133790787,304.71,3.191659849566411
2024-02-22,8001.7,851.96,10.647237462039318,234.09,2.92550333054226
2024-02-23,8969.85,827.79,9.228582417766184,260.28,2.9017207645612797
2024-02-26,9602.29,831.38,8.658143005470569,270.16,2.8134955307536016
2024-02-27,9619.44,1154.66,12.003401445406386,196.36,2.041283068453049
2024-02-28,13190.2,1417.79,10.748813513062727,254.68,1.930827432487756
2024-02-29,10259.32,1275.58,12.433377650760479,202.06,1.9695262454041789
2024-03-01,10283.81,1490.61,14.49472520398568,191.98,1.8668178428033966
2024-03-04,10505.36,1457.53,13.874155669106056,231.66,2.205160032592886
2024-03-05,10398.97,1430.39,13.755112285159013,247.59,2.3809088784754646
2024-03-06,9062.77,1148.18,12.669194959157078,211.28,2.3312960606966744
2024-03-07,9510.8,1076.86,11.322496530260336,197.19,2.0733271649072633
2024-03-08,8343.16,1061.62,12.724435345840185,184.46,2.210912891518322
2024-03-11,9795.12,1075.08,10.97566951706564,217.65,2.2220248450248694
2024-03-12,11181.88,1138.33,10.180130711472488,283.27,2.5332949378816445
2024-03-13,10287.93,1209.76,11.759022466132642,199.54,1.939554409876428
2024-03-14,9823.89,1057.27,10.762233697649302,176.84,1.8001015890853826
2024-03-15,9215.52,917.15,9.952232755178219,184.05,1.9971743319964583
2024-03-18,11101.35,1216.47,10.95785647691497,178.06,1.6039490692573426
2024-03-19,10495.34,1121.5,10.68569479407051,184.94,1.7621153769196614
2024-03-20,9714.44,1035.2,10.656301341096347,168.79,1.7375165217964184
2024-03-21,10370.46,1106.96,10.674164887574902,157.93,1.522883266508911
2024-03-22,10692.46,1120.97,10.483742749563712,179.5,1.678753065244107
2024-03-25,10180.64,1058.36,10.395810086595734,201.56,1.9798362381932766
2024-03-26,9341.37,1004.33,10.751420830135194,197.7,2.1163919210993676
2024-03-27,8681.56,905.55,10.430729039481383,194.72,2.242914867834813
2024-03-28,9092.47,1018.05,11.196627539051546,217.21,2.3888998258998932
2024-03-29,8359.15,743.4,8.893248715479444,205.54,2.4588624441480293
2024-04-01,9760.32,924.93,9.476431100619651,205.95,2.1100742598603324
2024-04-02,9434.98,784.99,8.319996438784184,219.53,2.3267669883772943
2024-04-03,8947.3,733.67,8.199903881617919,205.06,2.2918645848468255
2024-04-08,9082.79,641.57,7.063578481942223,238.43,2.6250744539948627
2024-04-09,7757.11,541.16,6.976309476080654,205.44,2.6484090079939566
2024-04-10,8074.78,584.22,7.235119718431958,204.49,2.5324528965495037
2024-04-11,7905.44,642.24,8.12402598716833,187.14,2.367230666477767
2024-04-12,7868.16,738.17,9.381736009435498,180.3,2.291514153245486
2024-04-15,9674.47,789.59,8.161584045430912,278.32,2.876850101349221
2024-04-16,9219.51,744.56,8.075917266752787,307.27,3.3328235448521664
2024-04-17,8918.34,812.64,9.112009634079884,283.61,3.1800761128192017
2024-04-18,9224.88,765.71,8.300487377613585,316.29,3.4286624866664934
2024-04-19,8363.38,708.16,8.467389978692825,255.52,3.0552240840425764
2024-04-22,7999.3,678.05,8.476366682084683,272.49,3.406423062017926
2024-04-23,7555.97,571.19,7.559452988828702,241.44,3.1953541371921803
2024-04-24,7741.27,716.5,9.255587261521688,192.3,2.4840885281097287
2024-04-25,7520.17,612.41,8.143565903430373,191.53,2.5468839135285504
2024-04-26,10607.73,1017.39,9.59102465843305,345.31,3.2552676208764746
2024-04-29,11865.14,1083.65,9.13305700564848,354.11,2.9844569891295007
2024-04-30,10102.13,874.45,8.656095298714233,270.01,2.67280266636838
2024-05-06,10807.93,949.54,8.785586139066409,324.99,3.006958779340725
2024-05-07,9472.69,883.68,9.328712329866171,237.65,2.5087910614619497
2024-05-08,8446.2,673.44,7.9732897634439155,224.97,2.663564679974426
2024-05-09,8802.77,700.89,7.9621528223502365,206.2,2.342444480544192
2024-05-10,8918.94,701.54,7.8657329234191495,224.76,2.5200304072008555
2024-05-13,8883.86,712.92,8.024890081563644,229.17,2.579621921101863
2024-05-14,8045.13,672.95,8.364687705481453,214.26,2.663226075899333
2024-05-15,7407.78,581.49,7.849720159075998,157.95,2.1322177494472028
2024-05-16,8272.92,789.48,9.54294251606446,234.09,2.829593420460974
2024-05-17,8642.75,653.23,7.558126753637443,227.62,2.6336524832952475
2024-05-20,9707.47,769.55,7.927400239197237,270.54,2.7869259446591137
2024-05-21,7760.77,575.91,7.420784277848718,199.71,2.5733271311996107
2024-05-22,8065.18,586.51,7.2721253586404755,214.28,2.6568532878373454
2024-05-23,8181.33,654.63,8.00151075680849,181.41,2.2173656361496237
2024-05-24,7364.51,648.77,8.809411624127064,179.07,2.4315263337275663
2024-05-27,7514.33,704.49,9.375286951730894,215.86,2.872644666923066
2024-05-28,7192.81,695.35,9.667292754848244,186.97,2.5994013466225296
2024-05-29,6865.72,507.99,7.3989326683872925,186.81,2.7209090962054963
2024-05-30,7006.68,593.42,8.469346395154338,198.55,2.833724388726187
2024-05-31,6895.06,598.91,8.686073797762454,176.97,2.5666201599405953
2024-06-03,8012.76,768.46,9.590453227102772,239.92,2.9942242123812517
2024-06-04,7185.0,574.1,7.99025748086291,204.14,2.841196938065414
2024-06-05,6614.15,614.33,9.288117142792347,189.99,2.872477945011831
2024-06-06,8157.85,838.02,10.272559559197582,213.84,2.62127889088424
2024-06-07,6916.34,729.32,10.544883565585266,206.83,2.9904544889348994
2024-06-11,6777.5,732.11,10.802065658428624,234.9,3.465879749170048
2024-06-12,6630.8,764.61,11.531187790311877,222.13,3.3499728539542737
2024-06-13,7180.59,831.44,11.578992812568327,183.11,2.5500690054716952
2024-06-14,8139.0,924.29,11.356309128885613,284.41,3.494409632633002
2024-06-17,7356.74,1038.96,14.122559720745876,222.06,3.0184565446107925
2024-06-18,7204.52,1006.13,13.965260697451043,162.74,2.2588597158450527
2024-06-19,6878.7,908.06,13.201040894355037,173.82,2.52693096079201
2024-06-20,7025.43,873.23,12.429559471804573,175.03,2.4913777519667835
2024-06-21,6048.14,725.59,11.996911447155654,177.22,2.930157040015608
2024-06-24,6808.58,822.58,12.08152066950818,186.98,2.7462407726721283
2024-06-25,6360.67,810.42,12.74111060627261,179.28,2.8185709995959543
2024-06-26,6281.19,810.08,12.896919214352694,162.32,2.5842236900969406
2024-06-27,6124.28,787.66,12.861266957095365,202.02,3.2986734767188963
2024-06-28,6897.61,856.01,12.410240648572476,207.61,3.009883133433175
2024-07-01,6462.71,736.37,11.394136515486537,196.89,3.0465547734619065
2024-07-02,6335.59,693.61,10.947835955293824,212.13,3.348228026119114
2024-07-03,5680.61,644.3,11.342091782396608,173.1,3.047207958300253
2024-07-04,5700.67,610.57,10.710495432992964,169.05,2.965440904314756
2024-07-05,5603.45,631.96,11.278051914445566,218.04,3.8911741873310195
2024-07-08,5699.24,674.31,11.83157754367249,193.19,3.3897502123090097
2024-07-09,7109.89,1035.2,14.560000225038644,193.81,2.7259212167839446
2024-07-10,6656.55,842.24,12.65280062494836,201.69,3.0299479460080674
2024-07-11,7733.84,1046.8,13.535320099717604,201.17,2.601165785689903
2024-07-12,6744.62,749.11,11.106778439704536,204.34,3.0296740216646754
2024-07-15,5917.7,707.91,11.962586815823716,206.5,3.489531405782652
2024-07-16,6309.88,1012.51,16.04642243592588,193.7,3.0697889658757376
2024-07-17,6681.79,913.38,13.669690307537351,186.58,2.7923655188205556
2024-07-18,6614.68,995.63,15.05182412452303,166.94,2.523780439870107
2024-07-19,6582.63,1007.68,15.308167100383887,197.32,2.9975860712207734
2024-07-22,6446.6,912.19,14.149939502993828,213.49,3.31166816616511
2024-07-23,6483.71,817.02,12.601118803894684,223.08,3.440622729887673
2024-07-24,6155.99,722.13,11.730525878047237,213.88,3.474339626932468
2024-07-25,5786.12,705.06,12.185367742113886,225.21,3.8922455808037166
2024-07-26,5955.98,642.8,10.792514414084668,205.42,3.4489706144077044
2024-07-29,5761.26,613.5,10.648712260859604,175.12,3.039612862464114
2024-07-30,5883.55,573.92,9.754654927722207,171.56,2.9159266089350817
2024-07-31,8875.13,935.46,10.54023997394968,230.66,2.5989478463977433
2024-08-01,7669.24,792.58,10.334531192138988,203.68,2.6558042257120653
2024-08-02,7069.53,774.79,10.959568740779089,155.6,2.200994974206206
2024-08-05,7734.15,947.39,12.249439175604302,207.76,2.6862680449693888
2024-08-06,6395.44,659.0,10.304216754437537,175.06,2.7372627997448182
2024-08-07,5797.63,531.33,9.164606916964345,153.57,2.6488409919225613
2024-08-08,6058.88,547.61,9.03813906200486,115.31,1.903157019119045
2024-08-09,5498.36,564.52,10.267061451050859,125.76,2.287227464189322
2024-08-12,4851.4,418.24,8.621016613760977,127.18,2.6215113163210626
2024-08-13,4679.9,411.44,8.791640847026647,139.1,2.972285732601124
2024-08-14,4672.61,466.95,9.993344190933975,115.8,2.4782723146164565
2024-08-15,5800.73,512.56,8.836129245801821,154.79,2.6684572458983613
2024-08-16,5784.21,509.42,8.807079964247496,166.21,2.8735125453605592
2024-08-19,5586.57,492.37,8.813457989428217,197.87,3.5418870612916336
2024-08-20,5464.28,453.06,8.291302788290498,198.77,3.637624719084674
2024-08-21,4984.18,507.61,10.184423516004639,165.33,3.317095289495965
2024-08-22,5379.48,524.01,9.740904325325126,176.28,3.276896651720985
2024-08-23,4991.99,461.89,9.252622701567912,163.76,3.2804552893735766
2024-08-26,5157.71,464.56,9.007098111371132,162.48,3.150235278834987
2024-08-27,5005.49,449.25,8.975145290471064,194.04,3.8765435551764162
2024-08-28,4832.15,405.34,8.388398538952641,176.42,3.650962821932266
2024-08-29,5930.68,567.78,9.573607073725103,259.56,4.376563901609933
2024-08-30,8606.16,889.37,10.334109521552005,355.12,4.126346709798563
2024-09-02,6919.04,652.12,9.425006937378596,284.26,4.108373415965221
2024-09-03,5667.15,463.32,8.175537968820306,259.78,4.58396195618609
2024-09-04,5442.55,463.1,8.508879109976023,193.17,3.5492554041763507
2024-09-05,5232.57,460.01,8.791282295315686,179.65,3.4333033289568995
2024-09-06,5286.66,422.0,7.982355589351312,147.41,2.788338951247101
2024-09-09,5069.0,404.8,7.985796014993094,195.96,3.865851252712567
2024-09-10,5166.83,494.75,9.575503742139766,177.99,3.4448588399463507
2024-09-11,4897.61,398.78,8.142338814237965,205.97,4.20552065190981
2024-09-12,5048.47,429.27,8.502972187613276,170.93,3.3857782654942983
2024-09-13,5143.61,506.15,9.840365035451756,148.49,2.886882947968451
2024-09-18,4697.31,402.12,8.56064428364319,137.81,2.933806795804407
2024-09-19,6156.38,527.88,8.574519441619913,167.31,2.7176684999951273
2024-09-20,5624.5,498.57,8.864254600408925,173.7,3.08827451329007
2024-09-23,5391.62,470.76,8.731327504534816,149.66,2.775789094928797
2024-09-24,9547.66,892.27,9.345431236554298,309.74,3.244145685958654
2024-09-25,11378.69,992.45,8.722005784497162,358.54,3.150977836640246
2024-09-26,11430.82,1000.79,8.755189916383951,360.36,3.1525297397736995
2024-09-27,14224.36,1365.56,9.600150727343795,334.56,2.352021461774027
2024-09-30,25432.71,2417.17,9.504177887452812,842.89,3.314196560256457
2024-10-08,33777.8,3204.09,9.485786522508867,981.81,2.906672429820769
2024-10-09,28892.93,3954.08,13.685285639081949,616.03,2.132113288614204
2024-10-10,21036.83,2579.18,12.260307280136788,633.94,3.0134768403794676
2024-10-11,15363.92,1749.35,11.386091570380476,403.87,2.628691115288286
2024-10-14,16053.45,1815.75,11.310652850321892,517.25,3.222048843083574
2024-10-15,16044.73,1847.66,11.515681472982095,364.29,2.2704651309183763
2024-10-16,13467.8,1325.51,9.842067746773788,372.47,2.7656335852923273
2024-10-17,14677.1,1581.49,10.775221263056054,326.02,2.2212834960584855
2024-10-18,20643.88,2743.47,13.289507592564961,387.96,1.879297883924921
2024-10-21,21482.08,3165.23,14.734280851761095,380.49,1.77119720250553
2024-10-22,18866.23,2247.34,11.911971814188634,266.38,1.411940806403823
2024-10-23,19020.99,1941.94,10.209458077628977,253.37,1.3320547458360472
2024-10-24,14947.57,1532.57,10.252970884230681,200.41,1.3407530454782952
2024-10-25,17482.0,1636.1,9.35876901956298,215.96,1.2353277657018649
2024-10-28,18367.68,1553.84,8.459642154044495,290.62,1.582235753236119
2024-10-29,20345.05,2121.28,10.426516523675293,285.86,1.405059215878064
2024-10-30,18196.33,2027.43,11.141972035020247,234.57,1.2891060999663118
2024-10-31,21831.52,2455.73,11.248552551540158,305.66,1.4000857475796464
2024-11-01,21904.16,2330.54,10.639714099970051,356.95,1.6295991263759944
2024-11-04,16674.76,1679.54,10.072348867389996,237.25,1.422809083908854
2024-11-05,22692.72,2582.85,11.381844045138704,283.93,1.2511942155898454
2024-11-06,25263.99,2930.57,11.599790848555593,305.3,1.208439363695125
2024-11-07,24686.07,2563.39,10.383953379375493,370.48,1.5007654114243378
2024-11-08,26328.94,3092.82,11.746845866183751,375.34,1.4255796093576119
2024-11-11,24472.1,3560.24,14.548158923835716,333.41,1.3624086204289785
2024-11-12,24886.73,3371.3,13.546576830302737,305.51,1.2276020192287214
2024-11-13,19550.49,2904.75,14.857683873908018,248.22,1.2696356971104048
2024-11-14,17893.78,2506.8,14.009337322801557,268.07,1.4981183405630336
2024-11-15,17801.35,2555.6,14.356214556761145,283.16,1.590665876464426
2024-11-18,17255.6,2149.42,12.456361992628482,496.85,2.879355107906999
2024-11-19,15318.51,1862.23,12.156730648085224,353.38,2.30688232732818
2024-11-20,15839.83,1733.91,10.946518996731658,248.16,1.5666834808201857
2024-11-21,15844.55,1699.52,10.726211852024829,203.92,1.2870040487107555
2024-11-22,17541.95,1922.09,10.95710568095337,274.65,1.5656754237698771
2024-11-25,14645.94,1658.76,11.325732592104023,244.08,1.6665369378817612
2024-11-26,12788.15,1156.62,9.044466947916625,226.36,1.7700762033601423
2024-11-27,14293.01,1576.21,11.027838083090966,239.57,1.676133998367034
2024-11-28,14607.44,1577.57,10.799770527895374,205.42,1.406269681751217
2024-11-29,16724.17,1793.16,10.721967069217786,252.15,1.5076981398777938
2024-12-02,17500.94,1773.48,10.133627108029627,294.4,1.682195356363715
2024-12-03,16771.85,1525.33,9.094584079871929,293.8,1.7517447389524714
2024-12-04,16221.85,1533.24,9.45169632316906,316.83,1.9531064582646245
2024-12-05,14591.0,1327.11,9.095401274758412,219.02,1.5010622986772668
2024-12-06,17453.86,1542.19,8.835810531309408,287.0,1.6443354077550754
2024-12-09,15899.97,1356.19,8.529512948766572,264.17,1.6614496756912123
2024-12-10,21482.86,2031.56,9.456655212574116,340.13,1.583262191346962
2024-12-11,17323.56,1561.8,9.01546795231465,296.02,1.7087711763632878
2024-12-12,18209.58,1501.81,8.247362102805225,284.83,1.564176658659892
2024-12-13,20148.09,1918.25,9.52075358011603,387.93,1.9253934243891109
2024-12-16,16878.76,1539.31,9.119805009372726,442.83,2.623593202344248
2024-12-17,14980.03,1489.17,9.94103483103839,379.52,2.533506274687033
2024-12-18,13517.02,1450.55,10.731285446052457,401.45,2.969959354946578
2024-12-19,14382.0,2062.22,14.338895842024751,324.17,2.253998053121958
2024-12-20,15037.9,2144.23,14.258839332619583,320.78,2.133143590527933
2024-12-23,15176.86,2000.05,13.178285890493816,411.06,2.7084653874385083
2024-12-24,12924.85,1613.14,12.480918540640703,362.58,2.805293678456616
2024-12-25,12690.42,1661.15,13.089795294403181,378.71,2.984219592416957
2024-12-26,12606.52,1919.95,15.229817586455264,297.39,2.3590173973467694
2024-12-27,14214.37,1976.96,13.90817883592449,343.23,2.4146690989470514
2024-12-30,12603.87,1641.44,13.023301573246949,358.96,2.8480141416882274
2024-12-31,13314.87,1696.05,12.738013964837808,385.63,2.896235562194749
2025-01-02,13826.2,1706.67,12.343738698991768,442.48,3.200300878043136
2025-01-03,12512.62,1331.4,10.6404573942148,360.57,2.8816506854679513
2025-01-06,10466.75,1066.02,10.184823369240691,338.96,3.238445553777438
2025-01-07,10649.81,1374.99,12.910934561273866,282.86,2.656009825527404
2025-01-08,12322.01,1410.16,11.444236776305166,343.19,2.785178716784031
2025-01-09,11005.48,1350.42,12.270432548148742,260.84,2.3700919905356237
2025-01-10,11326.01,1499.43,13.238819319424936,264.76,2.337628167377567
2025-01-13,9534.1,1123.17,11.780556109124092,275.78,2.8925645839670233
2025-01-14,13392.3,1771.1,13.224763483494248,309.57,2.31155216056988
2025-01-15,11786.64,1397.74,11.858680675748136,298.87,2.5356675015101846
2025-01-16,12634.53,1736.6,13.744872187568511,275.24,2.178474387254611
2025-01-17,11257.03,1527.11,13.565833972193374,263.99,2.3451123431313587
2025-01-20,11732.51,1475.75,12.578297397573069,273.56,2.331640885028012
2025-01-21,11934.8,1648.65,13.81380500720582,243.79,2.0426819050172607
2025-01-22,11233.98,1719.07,15.302412858132202,287.95,2.563205560273385
2025-01-23,13402.86,1799.73,13.427954929022611,389.04,2.9026640582681607
2025-01-24,12093.47,1586.21,13.116251993844614,293.09,2.423539315018766
2025-01-27,11036.97,1554.68,14.086112402226336,310.05,2.8091949149087116
2025-02-05,12773.81,2220.97,17.386903359295307,301.27,2.358497582162252
2025-02-06,15242.73,2366.06,15.522547470171025,251.43,1.6495076669336792
2025-02-07,19502.31,2936.59,15.057652144797206,329.4,1.6890306840574267
2025-02-10,17247.57,2405.63,13.947645958242235,304.46,1.7652341750171183
2025-02-11,16339.13,2009.61,12.29936967268147,318.94,1.9520011163385076
2025-02-12,16729.03,2280.9,13.634382866191286,294.55,1.760711768703864
2025-02-13,18149.87,2153.15,11.863170369815322,312.12,1.7196817387672751
2025-02-14,17094.07,2301.97,13.466482821235667,329.07,1.9250535419592878
2025-02-17,19330.09,2851.23,14.750215855177085,346.13,1.7906279794869036
2025-02-18,17881.61,2433.72,13.610183870468036,381.57,2.1338682590661575
2025-02-19,17145.23,2197.04,12.814292954950151,297.57,1.735584766141953
2025-02-20,17540.64,1977.8,11.275529285134409,256.4,1.4617482600406826
2025-02-21,21884.07,3240.41,14.80716338414198,408.64,1.8672943378448343
2025-02-24,20740.55,2879.54,13.883624108328855,375.23,1.8091612806796349
2025-02-25,18883.04,2405.76,12.74032147366102,316.66,1.6769545581643632
2025-02-26,19308.74,2215.65,11.474855428163618,300.01,1.5537523422035822
2025-02-27,19977.24,2245.6,11.240792021320262,325.34,1.6285532936481713
2025-02-28,18585.23,2154.68,11.59350731736976,359.78,1.9358382974006778
2025-03-03,16185.28,1758.04,10.86196840586014,298.36,1.8434033887581802
2025-03-04,14327.86,1589.29,11.092305480371806,244.02,1.703115468744111
2025-03-05,14975.64,1433.9,9.574882943233145,335.2,2.2383016685764345
2025-03-06,19034.4,2167.88,11.389274156264447,346.5,1.820388349514563
2025-03-07,18134.85,1773.75,9.780891487936213,271.78,1.4986614171057384
2025-03-10,15038.36,1382.78,9.195018605752223,271.64,1.8063139863655344
2025-03-11,14723.43,1304.15,8.857650696882452,251.83,1.7104030786304552
2025-03-12,16765.06,1551.84,9.256393952661067,254.51,1.5180977580754258
2025-03-13,15999.02,1457.24,9.108307883857886,290.45,1.8154236947013003
2025-03-14,17929.61,1605.15,8.952509284920309,452.39,2.5231446752048705
2025-03-17,15734.7,1235.94,7.854868538961658,309.45,1.9666723865087987
2025-03-18,15149.31,1366.3,9.018892609630406,229.7,1.5162406736676455
2025-03-19,14610.17,1277.98,8.747194591164922,284.3,1.9459048046668863
2025-03-20,14328.43,1050.02,7.328227865858297,307.15,2.1436403011355742
2025-03-21,15387.94,1303.84,8.473128956832428,348.06,2.261901203149999
2025-03-24,14368.78,1162.61,8.0912227760464,300.05,2.0882079063079817
2025-03-25,12491.93,975.74,7.810962757556278,247.11,1.9781570982226124
2025-03-26,11454.29,751.04,6.556844640741591,286.24,2.4989763660602273
2025-03-27,11770.88,900.05,7.646412162896913,244.71,2.078943970204437
2025-03-28,11092.52,782.11,7.050787377439932,242.21,2.183543504992554
2025-03-31,12080.52,937.39,7.7595169744348755,364.09,3.0138603305155733
2025-04-01,11207.14,819.96,7.316407218969337,290.59,2.592900597297794
2025-04-02,9616.0,713.62,7.421173044925125,252.26,2.6233361064891847
2025-04-03,11231.0,1133.7,10.094381622295433,277.39,2.469860208351883
2025-04-07,15738.88,1572.28,9.989783262849707,728.01,4.625551500487964
2025-04-08,16101.66,1623.82,10.084798710195098,589.98,3.664094261088608
2025-04-09,16846.06,1889.82,11.218172082967767,455.05,2.701225093582713
2025-04-10,16020.54,1809.72,11.296248441063785,379.77,2.370519345789842
2025-04-11,13423.52,1688.56,12.579114867039346,294.91,2.1969647305624758
2025-04-14,12686.67,1440.79,11.356723237855165,295.76,2.3312658089159726
2025-04-15,10650.56,941.4,8.83897184748971,309.48,2.9057627016795364
2025-04-16,10965.38,1038.76,9.47308711599598,348.38,3.177090078045631
2025-04-17,9861.49,839.78,8.515751676470797,240.64,2.4401991991068286
2025-04-18,9057.23,764.94,8.445628519977962,235.58,2.6010159839156124
2025-04-21,10330.79,919.21,8.897770644839358,260.16,2.518297245418792
2025-04-22,10794.3,867.94,8.040725197557972,245.66,2.2758307625320775
2025-04-23,12165.4,1136.65,9.343301494402159,224.31,1.843835796603482
2025-04-24,10928.19,853.2,7.807331314700789,258.15,2.3622393095288423
2025-04-25,10956.89,955.21,8.717893489849766,239.49,2.185747963153778
2025-04-28,10390.24,765.46,7.367106053373167,274.67,2.6435385515637755
2025-04-29,10048.71,768.29,7.645657999882573,247.25,2.4605148322521004
2025-04-30,11549.05,982.05,8.50329680796256,410.05,3.55050848338175
2025-05-06,13222.31,1191.47,9.01105782575057,330.03,2.496008639942642
2025-05-07,14559.3,1151.2,7.906973549552521,330.2,2.267966179692705
2025-05-08,12806.43,1137.27,8.880460831004426,297.8,2.3253943526806453
2025-05-09,11783.35,915.45,7.769013056558618,282.16,2.3945652127790487
2025-05-12,12889.07,1121.72,8.70287770956322,302.18,2.344467056195676
2025-05-13,12687.75,1069.11,8.426316722823195,314.42,2.4781383618056787
2025-05-14,12966.72,1060.09,8.175467658744848,395.01,3.046337084474717
2025-05-15,11342.22,838.77,7.395113126001789,282.76,2.4929863818546987
2025-05-16,10715.01,681.38,6.359116790371637,279.26,2.606250484133939
2025-05-19,10694.8,667.11,6.237704304895838,223.75,2.092138235404122
2025-05-20,11549.75,705.66,6.109742635121973,225.3,1.95069157341068
2025-05-21,11587.64,677.21,5.844244384533866,242.26,2.0906759271085398
2025-05-22,10831.87,708.56,6.541437443396199,243.1,2.244303153564435
2025-05-23,11337.97,731.45,6.451331234780125,269.04,2.372911552949955
2025-05-26,9933.15,708.73,7.134997458006776,239.69,2.4130311129903403
2025-05-27,9829.27,703.17,7.153837467075378,215.54,2.192838328787387
2025-05-28,9892.78,645.72,6.527184471907795,219.05,2.2142410929991367
2025-05-29,11648.86,900.04,7.726421297878075,238.48,2.047238957288524
2025-05-30,11176.71,715.65,6.4030470505184445,292.74,2.6191965256323195
2025-06-03,11213.13,714.15,6.368872919514891,364.94,3.25457744626166
2025-06-04,11317.07,830.9,7.342006367372473,263.06,2.3244532374545708
2025-06-05,12631.08,1119.13,8.860129141767766,262.69,2.0797113152636193
2025-06-06,11297.93,841.94,7.452161590663069,234.2,2.072946106056596
2025-06-09,12616.9,950.15,7.530772218215251,283.76,2.249046913267126
2025-06-10,13874.2,1063.61,7.666099667007827,333.41,2.4030935116979717
2025-06-11,12281.3,876.9,7.140123602550219,278.36,2.266535301637449
2025-06-12,12440.07,1027.84,8.262332928994772,293.56,2.3597937953725343
2025-06-13,14375.42,1083.59,7.537797156535252,436.43,3.0359460801840923
2025-06-16,12087.55,1091.43,9.029373198042615,328.96,2.721477884269351
2025-06-17,11978.52,987.16,8.241084875260048,260.41,2.173974748132491
2025-06-18,11823.46,1077.85,9.116197796584078,297.22,2.5138157527491956
2025-06-19,12420.05,1055.55,8.498758056529564,282.84,2.2772855181742426
2025-06-20,10578.24,882.59,8.343448437547266,337.8,3.193347853707233
2025-06-23,11138.08,981.36,8.810854294456496,378.04,3.3941217875971446
2025-06-24,14085.74,1163.5,8.260126908490431,434.68,3.0859578552493514
2025-06-25,15976.25,1495.99,9.363836945465925,404.59,2.532446600422502
2025-06-26,15791.74,1537.83,9.738192244806463,344.85,2.1837365610122763
2025-06-27,15325.06,1481.26,9.6656065294361,493.44,3.2198242616994652
2025-06-30,14744.59,1398.43,9.484360026287607,321.47,2.1802573011524906
2025-07-01,14511.43,1195.11,8.2356459701077,274.55,1.8919568919120995
2025-07-02,13638.66,1021.74,7.491498431664108,277.91,2.0376635241292034
2025-07-03,12941.18,1274.79,9.850647313459824,256.65,1.983204004580726
2025-07-04,14149.17,1350.0,9.541195702645455,349.66,2.4712403625088966
2025-07-07,11928.89,1033.55,8.664259625162106,291.37,2.4425575221164753
2025-07-08,14309.42,1388.38,9.702559572645153,286.23,2.0002907175832427
2025-07-09,14822.52,1255.94,8.473188094871857,326.02,2.1994910447076474
2025-07-10,14698.12,1245.6,8.474553208165398,471.78,3.209798259913512
2025-07-11,16932.64,1436.21,8.481902408602556,614.71,3.6303258086157864
2025-07-14,14422.15,1080.98,7.495276363094268,399.32,2.7687966079953408
2025-07-15,15949.96,1778.08,11.147864947623694,329.01,2.062763793765
2025-07-16,14139.63,1644.06,11.627319809641412,309.05,2.18570075737484
2025-07-17,15177.11,1795.4,11.829656634234054,264.26,1.741174703220837
2025-07-18,15495.73,1672.63,10.794134900388688,282.68,1.824244485416305
2025-07-21,16817.89,1434.37,8.528834473290049,341.51,2.030635234265416
2025-07-22,18785.12,1528.12,8.134736429684772,508.39,2.706344170279455
2025-07-23,18492.38,1427.05,7.71696233800084,504.38,2.7275018142607927
2025-07-24,18289.57,1499.39,8.198060424602657,470.73,2.573761985656306
2025-07-25,17720.85,1482.28,8.364610049743664,373.39,2.1070659703118078
2025-07-28,17255.14,1754.14,10.16589839317444,385.96,2.2367827789284815
2025-07-29,17894.22,1916.88,10.712285866609442,357.47,1.9976841684074522
2025-07-30,18278.93,1739.02,9.51379539174339,395.88,2.1657722853580594
2025-07-31,19161.81,2278.3,11.88979537945528,417.95,2.18116138298
2025-08-01,15821.58,1736.25,10.973935599352277,350.04,2.21242126260462
2025-08-04,14813.17,1343.23,9.067809253522373,331.83,2.2401012072365334
2025-08-05,15761.33,1455.07,9.231898577087087,346.21,2.196578588228278
2025-08-06,17128.12,1410.87,8.237156208620677,298.98,1.7455505916586294
2025-08-07,18031.8,1770.6,9.819319202741823,306.72,1.7009949089941108
2025-08-08,16887.08,1369.21,8.108032886680231,287.63,1.7032547959742004
2025-08-11,18030.14,1627.58,9.026995907963,350.19,1.9422478139382169
2025-08-12,18557.45,1993.06,10.739945412758757,323.46,1.7430196497902457
2025-08-13,21249.01,2364.66,11.128330213972323,424.91,1.9996696316675462
2025-08-14,22461.99,2641.69,11.760712207600484,380.77,1.6951748264512627
2025-08-15,22150.35,2315.98,10.455726433216633,539.11,2.4338667334827666
2025-08-18,27400.93,3364.67,12.27940073566846,463.27,1.690709037977908
2025-08-19,25711.79,2832.45,11.016152512135482,424.77,1.6520436733498522
2025-08-20,23864.92,2985.99,12.512046971035309,418.41,1.753242835090166
2025-08-21,23960.28,3307.07,13.802301141722886,381.56,1.592468869312045
2025-08-22,25223.13,4208.86,16.68650956483196,422.35,1.6744551528696083
2025-08-25,31094.51,4808.62,15.464530555393862,470.87,1.5143187655955987
2025-08-26,26441.24,3842.87,14.533622477614513,378.48,1.4314003427978415
2025-08-27,31202.55,4819.9,15.447134929677219,510.87,1.6372700308147894
2025-08-28,29286.58,4894.5,16.712432793450105,454.73,1.552690686314346
2025-08-29,27669.17,4327.1,15.638705461710636,605.85,2.189621155965286
2025-09-01,27185.23,4327.14,15.917246239961921,579.34,2.13108368036614
2025-09-02,28481.98,4651.97,16.333028813305816,569.52,1.999580085373278
2025-09-03,23393.99,3435.61,14.685865899746045,405.28,1.7324107601995213
2025-09-04,25239.72,4144.95,16.422329566255094,570.53,2.260445044556754
2025-09-05,22906.8,3518.45,15.359849477011192,383.18,1.6727783889500063
2025-09-08,24057.07,3333.71,13.857506338053637,405.47,1.6854504725637827
2025-09-09,20976.63,2638.61,12.578807940074263,333.84,1.5914853815889394
2025-09-10,19522.82,3152.74,16.148998966337853,310.75,1.5917270148472402
2025-09-11,24077.65,4265.4,17.715183998438384,396.26,1.6457586184698256
2025-09-12,24932.27,4276.23,17.151386536404427,408.57,1.6387196191923157
2025-09-15,22531.91,3369.55,14.95456887587426,378.84,1.6813488070918088
2025-09-16,23171.2,3482.34,15.02874257699213,428.44,1.8490194724485567
2025-09-17,23464.61,3321.64,14.155956566079725,375.16,1.5988333068395342
2025-09-18,31045.92,5145.76,16.574673902400058,502.98,1.6201162664852582
2025-09-19,22960.05,3701.92,16.123309835997745,397.25,1.730179159017511
2025-09-22,20970.88,3808.94,18.162995544297615,302.44,1.4421903134250922
2025-09-23,24645.2,4449.39,18.053779234901725,493.35,2.0018096830214405
2025-09-24,23013.14,4306.58,18.71356972581751,356.68,1.5498971457176205
2025-09-25,23370.66,4427.5,18.944693902525643,326.24,1.3959383260892075
2025-09-26,21108.33,3739.98,17.71802885401166,321.43,1.5227637619840129
2025-09-29,21279.09,3424.14,16.091571585063082,432.28,2.0314778498516617
2025-09-30,21415.97,3719.24,17.366666090772444,356.19,1.6631980713458228
2025-10-09,26123.7,4787.59,18.326615295689354,432.39,1.6551637019258374
2025-10-10,24799.05,4345.64,17.52341319526353,456.66,1.8414415068319152
2025-10-13,23215.63,3803.67,16.384091235086018,484.81,2.0882913795576514
2025-10-14,25411.32,3985.26,15.68301056379598,634.23,2.4958561774831063
2025-10-15,20412.99,2927.58,14.341750032699766,453.13,2.219811992265709
2025-10-16,19014.24,2738.22,14.400891121601491,472.39,2.484401164600846
2025-10-17,19022.69,2739.5,14.401222960580235,439.31,2.309399984965323
2025-10-20,17068.69,2830.59,16.583522226954734,397.31,2.327712320043308
2025-10-21,18474.93,3286.25,17.787618139825156,420.54,2.2762738478576106
2025-10-22,16395.4,2536.98,15.47373043658587,376.8,2.298205594252046
2025-10-23,16089.3,2148.58,13.354092471394033,456.57,2.8377244504111427
2025-10-24,19351.27,3431.7,17.73371980236956,415.89,2.1491612695187445
2025-10-27,22966.26,4020.63,17.506681540660082,462.3,2.0129529144057416
2025-10-28,21008.5,3555.9,16.926006140371754,360.83,1.7175428993026634
2025-10-29,22178.73,3532.14,15.92579917786095,452.47,2.0401077969748496
2025-10-30,23926.2,3826.83,15.994307495548812,415.17,1.7352107731273665
2025-10-31,22882.98,3512.57,15.350142332860495,431.69,1.886511284806437
2025-11-03,20754.61,2832.44,13.647281254622467,412.89,1.989389345306898
2025-11-04,18805.24,2466.41,13.115546517885438,483.72,2.572261773846013
2025-11-05,18355.67,2112.79,11.51028537776066,360.23,1.962499870612187
2025-11-06,20202.56,2820.77,13.962438423645319,347.75,1.721316506422948
2025-11-07,19641.43,2246.74,11.438780170282916,302.52,1.5402137217096716
2025-11-10,21424.18,2662.81,12.428993781792348,331.31,1.5464302484389134
2025-11-11,19615.74,2356.66,12.014127430318712,288.51,1.4708086465256982
2025-11-12,19055.96,2202.22,11.556594367326548,465.98,2.4453241925360887
2025-11-13,19999.34,1966.79,9.834274531059526,410.76,2.053867777636662
2025-11-14,19120.11,1933.63,10.113069433177948,376.09,1.9669865916043368
2025-11-17,18676.6,1805.13,9.665196020688992,359.67,1.9257787820052903
2025-11-18,18854.42,1960.28,10.396925495454116,293.22,1.5551791038918197
2025-11-19,16861.18,1685.79,9.99805470317024,336.43,1.9952933305972655
2025-11-20,16725.6,1733.83,10.366324675945856,434.87,2.600026306978524
2025-11-21,19254.93,2135.52,11.090770000202545,470.99,2.446074849402205
2025-11-24,16948.9,2116.0,12.484586020331703,404.44,2.386231554850167
2025-11-25,17739.49,2282.95,12.86931022255995,343.91,1.9386690372722102
2025-11-26,17458.45,2662.27,15.249177332466513,312.97,1.792656278191936
2025-11-27,16711.37,2517.61,15.0652519811362,297.62,1.780943154271613
2025-11-28,15509.85,1838.6,11.85440220247133,286.68,1.8483737753750034
2025-12-01,18360.92,2505.9,13.648008923300143,366.27,1.9948346814865485
2025-12-02,15566.12,2142.01,13.76071879183766,276.56,1.7766790953686595
2025-12-03,16245.24,2106.35,12.965951872671624,288.43,1.7754739234384964
2025-12-04,15107.47,1864.1,12.338929019882217,236.06,1.5625382674928363
2025-12-05,16725.58,2094.99,12.52566428189635,358.47,2.1432440608935535
2025-12-08,19909.65,2843.18,14.280411760126368,342.75,1.7215269982144337
2025-12-09,18582.91,2813.35,15.139448019712736,301.34,1.6215974785434573
2025-12-10,17251.86,2484.01,14.398505436515252,348.74,2.021463192954267
2025-12-11,18070.48,2587.35,14.318103337598115,320.31,1.7725594450175093
2025-12-12,20468.88,3142.74,15.353746760936602,518.1,2.5311594967580056
2025-12-15,17528.45,2226.86,12.704260787462667,420.09,2.396618069481329
2025-12-16,17065.39,2008.59,11.769962479615174,348.77,2.043727099116985
2025-12-17,17860.69,2464.14,13.796443474468232,348.05,1.948692911640032
2025-12-18,16353.61,2067.59,12.643018880846494,327.0,1.999558507265368
2025-12-19,17035.32,1809.69,10.623164108452322,330.74,1.941495668998293
2025-12-22,18412.24,2518.62,13.679052630206861,300.92,1.6343475861709384
2025-12-23,18752.41,2278.58,12.150864875501336,319.66,1.7046342310135072
2025-12-24,18504.66,2389.38,12.912315060098376,278.38,1.5043778161825183
2025-12-25,19021.5,2141.8,11.259890124332992,275.79,1.449885655705386
2025-12-26,21356.79,2127.91,9.9636228103568,263.19,1.2323481197314765
2025-12-29,21168.63,2397.7,11.326665920279204,374.84,1.7707333918160977
2025-12-30,21130.65,2327.31,11.013906339842833,359.57,1.7016513926452803
2025-12-31,20181.7,2159.33,10.699445537293686,315.01,1.5608695005871653
2026-01-05,25149.14,3166.75,12.591881869519197,498.75,1.9831692057859631
2026-01-06,27803.01,3596.34,12.935074295912566,500.42,1.7998770636704444
2026-01-07,28236.31,3446.42,12.205631684876671,452.2,1.6014840466052398
2026-01-08,27681.93,3278.96,11.845127850550883,442.15,1.5972513477203358
2026-01-09,30941.37,3592.94,11.612090867340392,473.18,1.5292794081192915
2026-01-12,35775.44,4513.85,12.617175358290492,498.87,1.3944482583582478
2026-01-13,36327.67,4254.73,11.7120916370359,576.8,1.5877704240321495
2026-01-14,39204.55,4667.59,11.90573543121908,618.05,1.5764751795391094
2026-01-15,28821.74,3767.92,13.07318711500416,443.11,1.5374158534495141
2026-01-16,29982.27,4362.47,14.550165814663133,517.7,1.7266871387656775
2026-01-19,26792.92,3473.26,12.963350019333467,383.37,1.430863078753641
2026-01-20,27492.04,3296.95,11.992380339909296,462.77,1.6832872351415173
2026-01-21,25729.79,3662.57,14.234745017351482,476.8,1.8531049029160362
2026-01-22,26677.8,4066.35,15.242448777635337,494.07,1.8519892944695588
2026-01-23,30672.66,3896.52,12.70356076062526,515.09,1.6793131081556019
2026-01-26,32257.36,3442.67,10.672510087620314,664.47,2.0599019882594236
2026-01-27,28697.34,3592.3,12.51788493288925,552.88,1.9265897117990725
2026-01-28,29381.44,3783.87,12.878436182841957,717.6,2.4423581689665315
2026-01-29,32007.89,3697.52,11.551901734228656,801.78,2.504944874529374
2026-01-30,28057.73,3459.47,12.329828535665571,621.91,2.2165371182914657
2026-02-02,25575.57,3623.55,14.168012677723313,602.91,2.357366815285055
2026-02-03,25134.35,3428.38,13.640217471309185,449.52,1.7884687688362737
2026-02-04,24592.91,2981.49,12.123372142621593,427.73,1.739241106481502
2026-02-05,21524.91,2354.17,10.936956298539693,467.88,2.1736676250911153
2026-02-06,21240.6,2389.65,11.250388407107145,388.37,1.8284323418359183
2026-02-09,22303.39,2786.84,12.495140873203582,346.43,1.5532616342179375
2026-02-10,20789.09,2418.14,11.631774166161192,307.56,1.4794298355531676
2026-02-11,19593.48,2190.53,11.179892494850328,267.78,1.3666791197888277
2026-02-12,21172.32,2633.6,12.438882465407664,342.32,1.6168280094009537
2026-02-13,19616.41,2313.87,11.79558339166035,336.23,1.714024125719232
2026-02-24,21780.26,2921.51,13.413568065762302,353.66,1.6237639036448603
2026-02-25,24343.84,2966.68,12.186573687635146,390.63,1.6046359161085517
2026-02-26,25089.35,3372.29,13.441121432002026,358.51,1.4289329934812978
2026-02-27,24587.88,3330.5,13.54529142000042,298.07,1.2122639284070038
2026-03-02,29889.02,3383.18,11.319139938345252,570.86,1.9099321423051006
2026-03-03,31003.07,3657.23,11.796347910061812,773.52,2.4949787230748437
2026-03-04,23448.9,2550.36,10.876245794045776,712.23,3.037370622929007
2026-03-05,23651.31,3014.86,12.747116333091062,470.07,1.9875009037554365
2026-03-06,21743.81,2355.21,10.831634382382846,386.54,1.7777013320112711
2026-03-09,26198.83,3008.49,11.483299063355117,593.62,2.2658263746892513
2026-03-10,23699.03,2860.46,12.0699454787812,415.5,1.7532363138913283
2026-03-11,24782.43,2792.35,11.267458437288031,419.27,1.6918034268633058
2026-03-12,24106.25,2805.73,11.639014778325123,423.46,1.756639875550946
2026-03-13,23696.63,2653.77,11.198934194440307,451.85,1.9068112216800448
2026-03-16,22965.47,2754.13,11.992482627178978,407.65,1.7750562039444435
2026-03-17,21722.71,2818.46,12.974716322226831,436.16,2.0078526113914887
2026-03-18,20087.26,2874.81,14.311608452322519,388.47,1.9339123404585794
2026-03-19,20803.06,2664.68,12.809077126153554,479.24,2.3036995518928465
2026-03-20,22537.39,3171.16,14.070662130796865,413.8,1.8360599874253407
2026-03-23,23973.39,2744.07,11.446316102979178,608.7,2.5390651885277804
2026-03-24,20494.22,2369.33,11.560966945802278,417.73,2.038282013172495
2026-03-25,21446.49,2757.06,12.85553020564204,385.09,1.795585198323828
2026-03-26,19140.0,2339.99,12.225653082549632,354.38,1.8515151515151516
2026-03-27,18253.26,1956.12,10.716551454370343,327.79,1.7957888070404961
2026-03-30,18869.88,1901.95,10.079290382344773,374.85,1.9864991192312826
2026-03-31,19572.9,2175.09,11.112763055040388,475.73,2.430554491158694
2026-04-01,19773.36,2325.25,11.759508753191161,397.96,2.0126068609482655
2026-04-02,18164.81,1953.7,10.755411149359668,365.64,2.0129029700833643
2026-04-03,16313.43,2001.33,12.267990238717424,284.06,1.741264712571176
2026-04-07,15909.62,2020.69,12.701057599112989,295.36,1.8564868299808543
2026-04-08,24001.79,3510.0,14.623909300098035,448.08,1.8668607633014038
2026-04-09,21051.93,3116.08,14.801873272426802,290.6,1.3803960016967567
2026-04-10,22903.52,3750.83,16.37665302102035,277.55,1.2118224622241471
2026-04-13,21122.97,3331.57,15.77226119243648,280.57,1.3282696514742007
2026-04-14,23420.24,3680.51,15.715082339036663,287.3,1.2267167202385627
2026-04-15,23694.85,3590.37,15.152533145388134,345.8,1.4593888545401217
2026-04-16,22914.7,3227.24,14.083710456606457,302.11,1.318411325481023
2026-04-17,23859.38,3662.13,15.348806213740676,282.01,1.1819670083631677
2026-04-20,25434.54,4014.74,15.784598424032831,325.64,1.2803062292457421
2026-04-21,23547.44,3586.29,15.230063225556577,323.77,1.3749689987531555
2026-04-22,25158.65,4105.8,16.319635592529806,289.71,1.1515323755447926
2026-04-23,27580.58,4522.65,16.397951022059722,360.65,1.3076229723957942
2026-04-24,25851.2,4806.88,18.594417280435724,304.77,1.1789394689608217
2026-04-27,25353.48,4580.88,18.068052196384876,366.7,1.446349771313445
2026-04-28,24830.8,3877.87,15.617177054303527,358.49,1.4437311725759945
2026-04-29,25404.17,3707.76,14.5950841928707,567.16,2.232546861401101
2026-04-30,26826.09,4354.15,16.231027331974207,444.26,1.656074366409715
2026-05-06,31578.93,5675.83,17.97347155207602,476.39,1.508569163046373
2026-05-07,30798.39,5130.64,16.658792878458907,412.18,1.3383167107111769
2026-05-08,29772.83,4739.3,15.918204618103148,322.57,1.0834374831012032
2026-05-11,34401.99,6276.38,18.24423528987713,427.94,1.2439396674436567
2026-05-12,31553.69,5617.86,17.804130039941445,365.38,1.1579628246331888
2026-05-13,31515.56,5771.93,18.31454049999429,362.21,1.1493052955429
2026-05-14,32794.48,6086.3,18.55891601269482,397.84,1.2131309903373981
2026-05-15,32536.84,6196.12,19.043398191096614,412.47,1.2677014731608849
2026-05-18,28000.34,5242.3,18.722272658117724,359.34,1.2833415594239213
2026-05-19,28051.78,5569.0,19.852572635319397,346.64,1.235714810254465
2026-05-20,28607.58,5608.55,19.605118643380532,337.2,1.1787085800336832
2026-05-21,33827.0,6640.34,19.630295326218704,392.72,1.16096609217489
2026-05-22,28139.89,5869.92,20.859783033977745,336.67,1.1964154799467945
2026-05-25,31138.6,6878.79,22.090877560327055,315.83,1.0142716756694263
2026-05-26,31524.07,7031.14,22.30403624912646,344.71,1.09348190129003
2026-05-27,31450.78,7267.8,23.108488883264585,361.46,1.149287871397784
2026-05-28,28879.9,6496.19,22.493810574136337,364.31,1.261465586792198
2026-05-29,32353.72,7002.8,21.64449713974158,493.51,1.5253578259316085
2026-06-01,28026.34,6112.54,21.809983037385543,463.97,1.655478382121961
2026-06-02,27242.26,5910.29,21.695299876001478,437.31,1.605263293133536
2026-06-03,30481.33,7183.77,23.567770828897558,390.33,1.2805543590125494
2026-06-04,26867.52,5722.09,21.29742529269542,320.9,1.1943789378401877
2026-06-05,30008.56,6616.32,22.04810893958257,367.02,1.2230510227748348
2026-06-08,27384.76,5527.1,20.18312375204311,442.82,1.6170307864666333
2026-06-09,25829.01,5396.09,20.891586630691616,405.29,1.569127117144637
2026-06-10,25590.26,5008.57,19.57217316275802,436.64,1.7062741840059463
2026-06-11,24934.21,4604.12,18.46507268527858,378.01,1.5160295834518118
2026-06-12,31361.9,5699.99,18.17488736332939,520.74,1.6604223596146919
2026-06-15,29880.47,6023.06,20.157179589209942,507.72,1.6991700599086963
2026-06-16,30148.21,5952.18,19.743062689293993,379.35,1.2582836592951956
2026-06-17,30381.55,6540.52,21.527933894090328,336.95,1.1090612559267055
2026-06-18,32549.24,7479.1,22.9778022466884,494.49,1.5192059783884355
2026-06-22,36807.6,7816.07,21.234935176430955,469.47,1.2754702833110554
2026-06-23,33924.45,7284.03,21.47132820134151,471.02,1.388438132379449
2026-06-24,32257.43,7175.22,22.243619531996195,431.59,1.3379553175810968
2026-06-25,35332.67,8555.95,24.215407440196284,432.75,1.2247871445888465
2026-06-26,34819.87,8398.73,24.12050935284939,417.48,1.1989705877707182
2026-06-29,34527.25,8021.69,23.232924718881463,450.14,1.3037238702763758
2026-06-30,32073.83,7737.09,24.122750541485065,415.52,1.2955110131842689
2026-07-01,35871.14,8245.64,22.98683565674244,381.48,1.0634733102990317
2026-07-02,33688.6,7535.21,22.367239956543163,410.81,1.2194332801006869
2026-07-03,31190.08,6845.79,21.948613148796024,363.34,1.1649216674019431
