date,index_name,pe_ttm
2020-01-02,沪深300指数,12.45
2020-01-03,沪深300指数,12.44
2020-01-06,沪深300指数,12.4
2020-01-07,沪深300指数,12.47
2020-01-08,沪深300指数,12.32
2020-01-09,沪深300指数,12.42
2020-01-10,沪深300指数,12.43
2020-01-13,沪深300指数,12.53
2020-01-14,沪深300指数,12.49
2020-01-15,沪深300指数,12.42
2020-01-16,沪深300指数,12.34
2020-01-17,沪深300指数,12.35
2020-01-20,沪深300指数,12.42
2020-01-21,沪深300指数,12.23
2020-01-22,沪深300指数,12.28
2020-01-23,沪深300指数,11.96
2020-02-03,沪深300指数,11.04
2020-02-04,沪深300指数,11.29
2020-02-05,沪深300指数,11.4
2020-02-06,沪深300指数,11.58
2020-02-07,沪深300指数,11.57
2020-02-10,沪深300指数,11.61
2020-02-11,沪深300指数,11.71
2020-02-12,沪深300指数,11.78
2020-02-13,沪深300指数,11.71
2020-02-14,沪深300指数,11.78
2020-02-17,沪深300指数,12.03
2020-02-18,沪深300指数,11.96
2020-02-19,沪深300指数,11.96
2020-02-20,沪深300指数,12.19
2020-02-21,沪深300指数,12.24
2020-02-24,沪深300指数,12.17
2020-02-25,沪深300指数,12.08
2020-02-26,沪深300指数,11.98
2020-02-27,沪深300指数,11.98
2020-02-28,沪深300指数,11.57
2020-03-02,沪深300指数,11.88
2020-03-03,沪深300指数,11.94
2020-03-04,沪深300指数,12.0
2020-03-05,沪深300指数,12.25
2020-03-06,沪深300指数,12.07
2020-03-09,沪深300指数,11.7
2020-03-10,沪深300指数,11.91
2020-03-11,沪深300指数,11.78
2020-03-12,沪深300指数,11.59
2020-03-13,沪深300指数,11.44
2020-03-16,沪深300指数,11.07
2020-03-17,沪深300指数,11.02
2020-03-18,沪深300指数,10.82
2020-03-19,沪深300指数,10.66
2020-03-20,沪深300指数,10.84
2020-03-23,沪深300指数,10.5
2020-03-24,沪深300指数,10.78
2020-03-25,沪深300指数,11.04
2020-03-26,沪深300指数,10.94
2020-03-27,沪深300指数,10.96
2020-03-30,沪深300指数,10.88
2020-03-31,沪深300指数,10.85
2020-04-01,沪深300指数,10.81
2020-04-02,沪深300指数,10.98
2020-04-03,沪深300指数,10.92
2020-04-07,沪深300指数,11.13
2020-04-08,沪深300指数,11.07
2020-04-09,沪深300指数,11.1
2020-04-10,沪深300指数,11.03
2020-04-13,沪深300指数,10.99
2020-04-14,沪深300指数,11.17
2020-04-15,沪深300指数,11.1
2020-04-16,沪深300指数,11.11
2020-04-17,沪深300指数,11.2
2020-04-20,沪深300指数,11.25
2020-04-21,沪深300指数,11.13
2020-04-22,沪深300指数,11.2
2020-04-23,沪深300指数,11.16
2020-04-24,沪深300指数,11.15
2020-04-27,沪深300指数,11.24
2020-04-28,沪深300指数,11.28
2020-04-29,沪深300指数,11.4
2020-04-30,沪深300指数,11.77
2020-05-06,沪深300指数,11.8
2020-05-07,沪深300指数,11.76
2020-05-08,沪深300指数,11.86
2020-05-11,沪深300指数,11.87
2020-05-12,沪深300指数,11.85
2020-05-13,沪深300指数,11.87
2020-05-14,沪深300指数,11.75
2020-05-15,沪深300指数,11.72
2020-05-18,沪深300指数,11.75
2020-05-19,沪深300指数,11.84
2020-05-20,沪深300指数,11.79
2020-05-21,沪深300指数,11.73
2020-05-22,沪深300指数,11.49
2020-05-25,沪深300指数,11.5
2020-05-26,沪深300指数,11.6
2020-05-27,沪深300指数,11.55
2020-05-28,沪深300指数,11.59
2020-05-29,沪深300指数,11.6
2020-06-01,沪深300指数,11.86
2020-06-02,沪深300指数,11.91
2020-06-03,沪深300指数,11.92
2020-06-04,沪深300指数,11.89
2020-06-05,沪深300指数,11.95
2020-06-08,沪深300指数,12.0
2020-06-09,沪深300指数,12.08
2020-06-10,沪深300指数,12.04
2020-06-11,沪深300指数,11.92
2020-06-12,沪深300指数,11.93
2020-06-15,沪深300指数,11.92
2020-06-16,沪深300指数,12.07
2020-06-17,沪深300指数,12.07
2020-06-18,沪深300指数,12.13
2020-06-19,沪深300指数,12.27
2020-06-22,沪深300指数,12.27
2020-06-23,沪深300指数,12.3
2020-06-24,沪深300指数,12.37
2020-06-29,沪深300指数,12.29
2020-06-30,沪深300指数,12.38
2020-07-01,沪深300指数,12.61
2020-07-02,沪深300指数,12.9
2020-07-03,沪深300指数,13.19
2020-07-06,沪深300指数,14.0
2020-07-07,沪深300指数,14.05
2020-07-08,沪深300指数,14.25
2020-07-09,沪深300指数,14.41
2020-07-10,沪深300指数,14.05
2020-07-13,沪深300指数,14.28
2020-07-14,沪深300指数,14.15
2020-07-15,沪深300指数,13.94
2020-07-16,沪深300指数,13.34
2020-07-17,沪深300指数,13.39
2020-07-20,沪深300指数,13.76
2020-07-21,沪深300指数,13.78
2020-07-22,沪深300指数,13.82
2020-07-23,沪深300指数,13.78
2020-07-24,沪深300指数,13.23
2020-07-27,沪深300指数,13.29
2020-07-28,沪深300指数,13.38
2020-07-29,沪深300指数,13.67
2020-07-30,沪深300指数,13.58
2020-07-31,沪深300指数,13.67
2020-08-03,沪深300指数,13.87
2020-08-04,沪深300指数,13.92
2020-08-05,沪深300指数,13.9
2020-08-06,沪深300指数,13.89
2020-08-07,沪深300指数,13.75
2020-08-10,沪深300指数,13.84
2020-08-11,沪深300指数,13.73
2020-08-12,沪深300指数,13.64
2020-08-13,沪深300指数,13.6
2020-08-14,沪深300指数,13.81
2020-08-17,沪深300指数,14.15
2020-08-18,沪深300指数,14.14
2020-08-19,沪深300指数,13.94
2020-08-20,沪深300指数,13.76
2020-08-21,沪深300指数,13.84
2020-08-24,沪深300指数,13.92
2020-08-25,沪深300指数,13.92
2020-08-26,沪深300指数,13.79
2020-08-27,沪深300指数,13.84
2020-08-28,沪深300指数,13.96
2020-08-31,沪深300指数,14.45
2020-09-01,沪深300指数,14.52
2020-09-02,沪深300指数,14.51
2020-09-03,沪深300指数,14.43
2020-09-04,沪深300指数,14.3
2020-09-07,沪深300指数,14.03
2020-09-08,沪深300指数,14.14
2020-09-09,沪深300指数,13.86
2020-09-10,沪深300指数,13.86
2020-09-11,沪深300指数,13.97
2020-09-14,沪深300指数,14.02
2020-09-15,沪深300指数,14.11
2020-09-16,沪深300指数,14.04
2020-09-17,沪深300指数,13.97
2020-09-18,沪深300指数,14.29
2020-09-21,沪深300指数,14.15
2020-09-22,沪深300指数,14.0
2020-09-23,沪深300指数,14.03
2020-09-24,沪深300指数,13.8
2020-09-25,沪深300指数,13.82
2020-09-28,沪深300指数,13.87
2020-09-29,沪深300指数,13.89
2020-09-30,沪深300指数,13.87
2020-10-09,沪深300指数,14.1
2020-10-12,沪深300指数,14.5
2020-10-13,沪深300指数,14.52
2020-10-14,沪深300指数,14.44
2020-10-15,沪深300指数,14.44
2020-10-16,沪深300指数,14.46
2020-10-19,沪深300指数,14.4
2020-10-20,沪深300指数,14.41
2020-10-21,沪深300指数,14.44
2020-10-22,沪深300指数,14.4
2020-10-23,沪深300指数,14.23
2020-10-26,沪深300指数,14.13
2020-10-27,沪深300指数,14.13
2020-10-28,沪深300指数,14.16
2020-10-29,沪深300指数,14.03
2020-10-30,沪深300指数,13.92
2020-11-02,沪深300指数,13.96
2020-11-03,沪深300指数,14.13
2020-11-04,沪深300指数,14.2
2020-11-05,沪深300指数,14.38
2020-11-06,沪深300指数,14.38
2020-11-09,沪深300指数,14.63
2020-11-10,沪深300指数,14.58
2020-11-11,沪深300指数,14.48
2020-11-12,沪深300指数,14.46
2020-11-13,沪深300指数,14.3
2020-11-16,沪深300指数,14.44
2020-11-17,沪深300指数,14.42
2020-11-18,沪深300指数,14.44
2020-11-19,沪深300指数,14.53
2020-11-20,沪深300指数,14.56
2020-11-23,沪深300指数,14.75
2020-11-24,沪深300指数,14.66
2020-11-25,沪深300指数,14.51
2020-11-26,沪深300指数,14.55
2020-11-27,沪深300指数,14.78
2020-11-30,沪深300指数,14.71
2020-12-01,沪深300指数,15.0
2020-12-02,沪深300指数,14.98
2020-12-03,沪深300指数,14.95
2020-12-04,沪深300指数,14.95
2020-12-07,沪深300指数,14.8
2020-12-08,沪深300指数,14.74
2020-12-09,沪深300指数,14.58
2020-12-10,沪深300指数,14.56
2020-12-11,沪深300指数,14.45
2020-12-14,沪深300指数,15.01
2020-12-15,沪深300指数,15.01
2020-12-16,沪深300指数,15.03
2020-12-17,沪深300指数,15.2
2020-12-18,沪深300指数,15.15
2020-12-21,沪深300指数,15.27
2020-12-22,沪深300指数,15.01
2020-12-23,沪深300指数,15.14
2020-12-24,沪深300指数,15.12
2020-12-25,沪深300指数,15.23
2020-12-28,沪深300指数,15.29
2020-12-29,沪深300指数,15.22
2020-12-30,沪深300指数,15.39
2020-12-31,沪深300指数,15.66
2021-01-04,沪深300指数,15.79
2021-01-05,沪深300指数,16.03
2021-01-06,沪深300指数,16.19
2021-01-07,沪深300指数,16.45
2021-01-08,沪深300指数,16.42
2021-01-11,沪深300指数,16.26
2021-01-12,沪深300指数,16.68
2021-01-13,沪深300指数,16.66
2021-01-14,沪深300指数,16.41
2021-01-15,沪深300指数,16.34
2021-01-18,沪深300指数,16.46
2021-01-19,沪深300指数,16.28
2021-01-20,沪深300指数,16.35
2021-01-21,沪深300指数,16.58
2021-01-22,沪深300指数,16.52
2021-01-25,沪深300指数,16.65
2021-01-26,沪深300指数,16.37
2021-01-27,沪深300指数,16.41
2021-01-28,沪深300指数,16.0
2021-01-29,沪深300指数,15.95
2021-02-01,沪深300指数,16.1
2021-02-02,沪深300指数,16.29
2021-02-03,沪深300指数,16.22
2021-02-04,沪深300指数,16.09
2021-02-05,沪深300指数,16.15
2021-02-08,沪深300指数,16.33
2021-02-09,沪深300指数,16.64
2021-02-10,沪深300指数,16.99
2021-02-18,沪深300指数,16.92
2021-02-19,沪深300指数,16.95
2021-02-22,沪深300指数,16.59
2021-02-23,沪深300指数,16.54
2021-02-24,沪深300指数,16.13
2021-02-25,沪深300指数,16.26
2021-02-26,沪深300指数,15.87
2021-03-01,沪深300指数,16.0
2021-03-02,沪深300指数,15.78
2021-03-03,沪深300指数,16.12
2021-03-04,沪深300指数,15.69
2021-03-05,沪深300指数,15.69
2021-03-08,沪深300指数,15.22
2021-03-09,沪深300指数,14.93
2021-03-10,沪深300指数,14.97
2021-03-11,沪深300指数,15.31
2021-03-12,沪深300指数,15.35
2021-03-15,沪深300指数,15.11
2021-03-16,沪深300指数,15.23
2021-03-17,沪深300指数,15.25
2021-03-18,沪深300指数,15.34
2021-03-19,沪深300指数,14.95
2021-03-22,沪深300指数,15.09
2021-03-23,沪深300指数,14.96
2021-03-24,沪深300指数,14.76
2021-03-25,沪深300指数,14.71
2021-03-26,沪深300指数,14.98
2021-03-29,沪深300指数,14.78
2021-03-30,沪深300指数,14.87
2021-03-31,沪深300指数,14.61
2021-04-01,沪深300指数,14.74
2021-04-02,沪深300指数,14.85
2021-04-06,沪深300指数,14.81
2021-04-07,沪深300指数,14.73
2021-04-08,沪深300指数,14.75
2021-04-09,沪深300指数,14.56
2021-04-12,沪深300指数,14.35
2021-04-13,沪深300指数,14.32
2021-04-14,沪深300指数,14.42
2021-04-15,沪深300指数,14.29
2021-04-16,沪深300指数,14.34
2021-04-19,沪深300指数,14.6
2021-04-20,沪深300指数,14.57
2021-04-21,沪深300指数,14.58
2021-04-22,沪深300指数,14.5
2021-04-23,沪深300指数,14.56
2021-04-26,沪深300指数,14.36
2021-04-27,沪深300指数,14.31
2021-04-28,沪深300指数,14.35
2021-04-29,沪深300指数,14.14
2021-04-30,沪深300指数,13.52
2021-05-06,沪深300指数,13.41
2021-05-07,沪深300指数,13.29
2021-05-10,沪深300指数,13.31
2021-05-11,沪深300指数,13.38
2021-05-12,沪深300指数,13.45
2021-05-13,沪深300指数,13.32
2021-05-14,沪深300指数,13.6
2021-05-17,沪深300指数,13.77
2021-05-18,沪深300指数,13.78
2021-05-19,沪深300指数,13.73
2021-05-20,沪深300指数,13.76
2021-05-21,沪深300指数,13.63
2021-05-24,沪深300指数,13.68
2021-05-25,沪深300指数,14.07
2021-05-26,沪深300指数,14.09
2021-05-27,沪深300指数,14.12
2021-05-28,沪深300指数,14.1
2021-05-31,沪深300指数,14.09
2021-06-01,沪深300指数,14.12
2021-06-02,沪深300指数,14.01
2021-06-03,沪深300指数,13.93
2021-06-04,沪深300指数,13.99
2021-06-07,沪深300指数,13.99
2021-06-08,沪深300指数,13.9
2021-06-09,沪深300指数,13.92
2021-06-10,沪深300指数,13.99
2021-06-11,沪深300指数,13.89
2021-06-15,沪深300指数,14.23
2021-06-16,沪深300指数,14.04
2021-06-17,沪深300指数,14.05
2021-06-18,沪深300指数,14.04
2021-06-21,沪深300指数,14.01
2021-06-22,沪深300指数,14.1
2021-06-23,沪深300指数,14.15
2021-06-24,沪深300指数,14.18
2021-06-25,沪深300指数,14.39
2021-06-28,沪深300指数,14.4
2021-06-29,沪深300指数,14.24
2021-06-30,沪深300指数,14.32
2021-07-01,沪深300指数,14.33
2021-07-02,沪深300指数,13.98
2021-07-05,沪深300指数,14.01
2021-07-06,沪深300指数,14.0
2021-07-07,沪深300指数,14.11
2021-07-08,沪深300指数,13.95
2021-07-09,沪深300指数,13.89
2021-07-12,沪深300指数,14.01
2021-07-13,沪深300指数,14.03
2021-07-14,沪深300指数,13.87
2021-07-15,沪深300指数,14.01
2021-07-16,沪深300指数,13.87
2021-07-19,沪深300指数,13.89
2021-07-20,沪深300指数,13.87
2021-07-21,沪深300指数,13.95
2021-07-22,沪深300指数,13.99
2021-07-23,沪深300指数,13.87
2021-07-26,沪深300指数,13.45
2021-07-27,沪深300指数,13.03
2021-07-28,沪深300指数,13.06
2021-07-29,沪深300指数,13.23
2021-07-30,沪深300指数,13.12
2021-08-02,沪深300指数,13.42
2021-08-03,沪深300指数,13.39
2021-08-04,沪深300指数,13.49
2021-08-05,沪深300指数,13.41
2021-08-06,沪深300指数,13.35
2021-08-09,沪深300指数,13.51
2021-08-10,沪深300指数,13.64
2021-08-11,沪深300指数,13.6
2021-08-12,沪深300指数,13.52
2021-08-13,沪深300指数,13.45
2021-08-16,沪深300指数,13.41
2021-08-17,沪深300指数,13.15
2021-08-18,沪深300指数,13.31
2021-08-19,沪深300指数,13.22
2021-08-20,沪深300指数,13.0
2021-08-23,沪深300指数,13.14
2021-08-24,沪深300指数,13.25
2021-08-25,沪深300指数,13.26
2021-08-26,沪深300指数,13.03
2021-08-27,沪深300指数,12.96
2021-08-30,沪深300指数,12.6
2021-08-31,沪深300指数,12.41
2021-09-01,沪深300指数,12.59
2021-09-02,沪深300指数,12.6
2021-09-03,沪深300指数,12.55
2021-09-06,沪深300指数,12.75
2021-09-07,沪深300指数,12.9
2021-09-08,沪深300指数,12.87
2021-09-09,沪深300指数,12.9
2021-09-10,沪深300指数,12.98
2021-09-13,沪深300指数,12.98
2021-09-14,沪深300指数,12.79
2021-09-15,沪深300指数,12.68
2021-09-16,沪深300指数,12.54
2021-09-17,沪深300指数,12.62
2021-09-22,沪深300指数,12.56
2021-09-23,沪深300指数,12.62
2021-09-24,沪深300指数,12.58
2021-09-27,沪深300指数,12.64
2021-09-28,沪深300指数,12.69
2021-09-29,沪深300指数,12.55
2021-09-30,沪深300指数,12.61
2021-10-08,沪深300指数,12.77
2021-10-11,沪深300指数,12.8
2021-10-12,沪深300指数,12.67
2021-10-13,沪深300指数,12.76
2021-10-14,沪深300指数,12.7
2021-10-15,沪深300指数,12.76
2021-10-18,沪深300指数,12.64
2021-10-19,沪深300指数,12.77
2021-10-20,沪深300指数,12.73
2021-10-21,沪深300指数,12.78
2021-10-22,沪深300指数,12.82
2021-10-25,沪深300指数,12.86
2021-10-26,沪深300指数,12.8
2021-10-27,沪深300指数,12.62
2021-10-28,沪深300指数,12.5
2021-10-29,沪深300指数,12.67
2021-11-01,沪深300指数,12.43
2021-11-02,沪深300指数,12.3
2021-11-03,沪深300指数,12.24
2021-11-04,沪深300指数,12.35
2021-11-05,沪深300指数,12.27
2021-11-08,沪深300指数,12.28
2021-11-09,沪深300指数,12.28
2021-11-10,沪深300指数,12.21
2021-11-11,沪深300指数,12.39
2021-11-12,沪深300指数,12.35
2021-11-15,沪深300指数,12.33
2021-11-16,沪深300指数,12.34
2021-11-17,沪深300指数,12.35
2021-11-18,沪深300指数,12.25
2021-11-19,沪深300指数,12.38
2021-11-22,沪深300指数,12.43
2021-11-23,沪深300指数,12.44
2021-11-24,沪深300指数,12.46
2021-11-25,沪深300指数,12.4
2021-11-26,沪深300指数,12.31
2021-11-29,沪深300指数,12.28
2021-11-30,沪深300指数,12.25
2021-12-01,沪深300指数,12.3
2021-12-02,沪深300指数,12.34
2021-12-03,沪深300指数,12.44
2021-12-06,沪深300指数,12.43
2021-12-07,沪深300指数,12.49
2021-12-08,沪深300指数,12.65
2021-12-09,沪深300指数,12.84
2021-12-10,沪深300指数,12.78
2021-12-13,沪深300指数,13.72
2021-12-14,沪深300指数,13.62
2021-12-15,沪深300指数,13.52
2021-12-16,沪深300指数,13.6
2021-12-17,沪深300指数,13.42
2021-12-20,沪深300指数,13.25
2021-12-21,沪深300指数,13.35
2021-12-22,沪深300指数,13.34
2021-12-23,沪深300指数,13.43
2021-12-24,沪深300指数,13.36
2021-12-27,沪深300指数,13.35
2021-12-28,沪深300指数,13.43
2021-12-29,沪深300指数,13.25
2021-12-30,沪深300指数,13.33
2021-12-31,沪深300指数,13.37
2022-01-04,沪深300指数,13.33
2022-01-05,沪深300指数,13.23
2022-01-06,沪深300指数,13.12
2022-01-07,沪深300指数,13.16
2022-01-10,沪深300指数,13.21
2022-01-11,沪深300指数,13.09
2022-01-12,沪深300指数,13.19
2022-01-13,沪深300指数,13.02
2022-01-14,沪深300指数,12.88
2022-01-17,沪深300指数,12.94
2022-01-18,沪深300指数,13.08
2022-01-19,沪深300指数,13.0
2022-01-20,沪深300指数,13.11
2022-01-21,沪深300指数,12.99
2022-01-24,沪深300指数,13.0
2022-01-25,沪深300指数,12.72
2022-01-26,沪深300指数,12.82
2022-01-27,沪深300指数,12.6
2022-01-28,沪深300指数,12.44
2022-02-07,沪深300指数,12.69
2022-02-08,沪深300指数,12.69
2022-02-09,沪深300指数,12.79
2022-02-10,沪深300指数,12.77
2022-02-11,沪深300指数,12.72
2022-02-14,沪深300指数,12.56
2022-02-15,沪深300指数,12.65
2022-02-16,沪深300指数,12.7
2022-02-17,沪深300指数,12.71
2022-02-18,沪深300指数,12.78
2022-02-21,沪深300指数,12.73
2022-02-22,沪深300指数,12.59
2022-02-23,沪深300指数,12.68
2022-02-24,沪深300指数,12.45
2022-02-25,沪深300指数,12.53
2022-02-28,沪深300指数,12.57
2022-03-01,沪深300指数,12.66
2022-03-02,沪深300指数,12.58
2022-03-03,沪深300指数,12.54
2022-03-04,沪深300指数,12.4
2022-03-07,沪深300指数,12.06
2022-03-08,沪深300指数,11.83
2022-03-09,沪深300指数,11.71
2022-03-10,沪深300指数,11.84
2022-03-11,沪深300指数,11.83
2022-03-14,沪深300指数,11.5
2022-03-15,沪深300指数,10.98
2022-03-16,沪深300指数,11.38
2022-03-17,沪深300指数,11.56
2022-03-18,沪深300指数,11.72
2022-03-21,沪深300指数,11.69
2022-03-22,沪深300指数,11.71
2022-03-23,沪深300指数,11.76
2022-03-24,沪深300指数,11.7
2022-03-25,沪深300指数,11.54
2022-03-28,沪深300指数,11.52
2022-03-29,沪深300指数,11.5
2022-03-30,沪深300指数,11.73
2022-03-31,沪深300指数,11.72
2022-04-01,沪深300指数,11.83
2022-04-06,沪深300指数,11.82
2022-04-07,沪深300指数,11.68
2022-04-08,沪深300指数,11.76
2022-04-11,沪深300指数,11.45
2022-04-12,沪深300指数,11.63
2022-04-13,沪深300指数,11.55
2022-04-14,沪深300指数,11.68
2022-04-15,沪深300指数,11.66
2022-04-18,沪深300指数,11.56
2022-04-19,沪深300指数,11.51
2022-04-20,沪深300指数,11.36
2022-04-21,沪深300指数,11.18
2022-04-22,沪深300指数,11.24
2022-04-25,沪深300指数,10.76
2022-04-26,沪深300指数,10.67
2022-04-27,沪深300指数,10.87
2022-04-28,沪深300指数,10.92
2022-04-29,沪深300指数,11.21
2022-05-05,沪深300指数,11.11
2022-05-06,沪深300指数,10.85
2022-05-09,沪深300指数,10.79
2022-05-10,沪深300指数,10.87
2022-05-11,沪深300指数,10.99
2022-05-12,沪深300指数,10.96
2022-05-13,沪深300指数,11.05
2022-05-16,沪深300指数,10.97
2022-05-17,沪深300指数,11.09
2022-05-18,沪深300指数,11.05
2022-05-19,沪深300指数,11.07
2022-05-20,沪深300指数,11.26
2022-05-23,沪深300指数,11.2
2022-05-24,沪深300指数,10.99
2022-05-25,沪深300指数,11.06
2022-05-26,沪深300指数,11.09
2022-05-27,沪深300指数,11.12
2022-05-30,沪深300指数,11.18
2022-05-31,沪深300指数,11.32
2022-06-01,沪深300指数,11.3
2022-06-02,沪深300指数,11.31
2022-06-06,沪深300指数,11.47
2022-06-07,沪深300指数,11.5
2022-06-08,沪深300指数,11.61
2022-06-09,沪深300指数,11.53
2022-06-10,沪深300指数,11.7
2022-06-13,沪深300指数,11.7
2022-06-14,沪深300指数,11.82
2022-06-15,沪深300指数,11.95
2022-06-16,沪深300指数,11.84
2022-06-17,沪深300指数,11.97
2022-06-20,沪深300指数,11.97
2022-06-21,沪深300指数,11.98
2022-06-22,沪深300指数,11.83
2022-06-23,沪深300指数,12.02
2022-06-24,沪深300指数,12.12
2022-06-27,沪深300指数,12.23
2022-06-28,沪深300指数,12.32
2022-06-29,沪深300指数,12.18
2022-06-30,沪深300指数,12.31
2022-07-01,沪深300指数,12.26
2022-07-04,沪深300指数,12.33
2022-07-05,沪深300指数,12.31
2022-07-06,沪深300指数,12.15
2022-07-07,沪深300指数,12.18
2022-07-08,沪深300指数,12.13
2022-07-11,沪深300指数,11.95
2022-07-12,沪深300指数,11.84
2022-07-13,沪深300指数,11.84
2022-07-14,沪深300指数,11.81
2022-07-15,沪深300指数,11.61
2022-07-18,沪深300指数,11.74
2022-07-19,沪深300指数,11.7
2022-07-20,沪深300指数,11.75
2022-07-21,沪深300指数,11.62
2022-07-22,沪深300指数,11.63
2022-07-25,沪深300指数,11.58
2022-07-26,沪深300指数,11.65
2022-07-27,沪深300指数,11.58
2022-07-28,沪深300指数,11.58
2022-07-29,沪深300指数,11.44
2022-08-01,沪深300指数,11.48
2022-08-02,沪深300指数,11.28
2022-08-03,沪深300指数,11.18
2022-08-04,沪深300指数,11.28
2022-08-05,沪深300指数,11.41
2022-08-08,沪深300指数,11.39
2022-08-09,沪深300指数,11.41
2022-08-10,沪深300指数,11.3
2022-08-11,沪深300指数,11.52
2022-08-12,沪深300指数,11.5
2022-08-15,沪深300指数,11.47
2022-08-16,沪深300指数,11.43
2022-08-17,沪深300指数,11.53
2022-08-18,沪深300指数,11.43
2022-08-19,沪深300指数,11.38
2022-08-22,沪深300指数,11.45
2022-08-23,沪深300指数,11.39
2022-08-24,沪深300指数,11.18
2022-08-25,沪深300指数,11.29
2022-08-26,沪深300指数,11.21
2022-08-29,沪深300指数,11.11
2022-08-30,沪深300指数,11.1
2022-08-31,沪深300指数,11.02
2022-09-01,沪深300指数,10.95
2022-09-02,沪深300指数,10.89
2022-09-05,沪深300指数,10.9
2022-09-06,沪深300指数,10.98
2022-09-07,沪深300指数,10.99
2022-09-08,沪深300指数,10.96
2022-09-09,沪深300指数,11.1
2022-09-13,沪深300指数,11.13
2022-09-14,沪深300指数,11.02
2022-09-15,沪深300指数,10.95
2022-09-16,沪深300指数,10.7
2022-09-19,沪深300指数,10.7
2022-09-20,沪深300指数,10.7
2022-09-21,沪深300指数,10.65
2022-09-22,沪深300指数,10.59
2022-09-23,沪深300指数,10.6
2022-09-26,沪深300指数,10.51
2022-09-27,沪深300指数,10.64
2022-09-28,沪深300指数,10.51
2022-09-29,沪深300指数,10.5
2022-09-30,沪深300指数,10.47
2022-10-10,沪深300指数,10.29
2022-10-11,沪深300指数,10.3
2022-10-12,沪深300指数,10.43
2022-10-13,沪深300指数,10.34
2022-10-14,沪深300指数,10.52
2022-10-17,沪深300指数,10.51
2022-10-18,沪深300指数,10.48
2022-10-19,沪深300指数,10.34
2022-10-20,沪深300指数,10.3
2022-10-21,沪深300指数,10.25
2022-10-24,沪深300指数,9.98
2022-10-25,沪深300指数,9.97
2022-10-26,沪深300指数,10.04
2022-10-27,沪深300指数,10.0
2022-10-28,沪深300指数,9.73
2022-10-31,沪深300指数,9.61
2022-11-01,沪深300指数,9.89
2022-11-02,沪深300指数,9.99
2022-11-03,沪深300指数,9.92
2022-11-04,沪深300指数,10.2
2022-11-07,沪深300指数,10.22
2022-11-08,沪深300指数,10.17
2022-11-09,沪深300指数,10.08
2022-11-10,沪深300指数,10.03
2022-11-11,沪深300指数,10.28
2022-11-14,沪深300指数,10.29
2022-11-15,沪深300指数,10.45
2022-11-16,沪深300指数,10.38
2022-11-17,沪深300指数,10.33
2022-11-18,沪深300指数,10.3
2022-11-21,沪深300指数,10.22
2022-11-22,沪深300指数,10.28
2022-11-23,沪深300指数,10.31
2022-11-24,沪深300指数,10.26
2022-11-25,沪深300指数,10.37
2022-11-28,沪深300指数,10.25
2022-11-29,沪深300指数,10.54
2022-11-30,沪深300指数,10.57
2022-12-01,沪深300指数,10.64
2022-12-02,沪深300指数,10.57
2022-12-05,沪深300指数,10.81
2022-12-06,沪深300指数,10.86
2022-12-07,沪深300指数,10.8
2022-12-08,沪深300指数,10.8
2022-12-09,沪深300指数,10.88
2022-12-12,沪深300指数,10.8
2022-12-13,沪深300指数,10.8
2022-12-14,沪深300指数,10.81
2022-12-15,沪深300指数,10.79
2022-12-16,沪深300指数,10.81
2022-12-19,沪深300指数,10.63
2022-12-20,沪深300指数,10.48
2022-12-21,沪深300指数,10.49
2022-12-22,沪深300指数,10.51
2022-12-23,沪深300指数,10.5
2022-12-26,沪深300指数,10.52
2022-12-27,沪深300指数,10.64
2022-12-28,沪深300指数,10.62
2022-12-29,沪深300指数,10.56
2022-12-30,沪深300指数,10.59
2023-01-03,沪深300指数,10.65
2023-01-04,沪深300指数,10.69
2023-01-05,沪深300指数,10.85
2023-01-06,沪深300指数,10.89
2023-01-09,沪深300指数,10.96
2023-01-10,沪深300指数,10.95
2023-01-11,沪深300指数,10.96
2023-01-12,沪深300指数,10.99
2023-01-13,沪深300指数,11.13
2023-01-16,沪深300指数,11.23
2023-01-17,沪深300指数,11.2
2023-01-18,沪深300指数,11.2
2023-01-19,沪深300指数,11.25
2023-01-20,沪深300指数,11.33
2023-01-30,沪深300指数,11.35
2023-01-31,沪深300指数,11.26
2023-02-01,沪深300指数,11.36
2023-02-02,沪深300指数,11.33
2023-02-03,沪深300指数,11.24
2023-02-06,沪深300指数,11.12
2023-02-07,沪深300指数,11.13
2023-02-08,沪深300指数,11.08
2023-02-09,沪深300指数,11.22
2023-02-10,沪深300指数,11.17
2023-02-13,沪深300指数,11.24
2023-02-14,沪深300指数,11.26
2023-02-15,沪深300指数,11.21
2023-02-16,沪深300指数,11.16
2023-02-17,沪深300指数,11.03
2023-02-20,沪深300指数,11.31
2023-02-21,沪深300指数,11.34
2023-02-22,沪深300指数,11.24
2023-02-23,沪深300指数,11.23
2023-02-24,沪深300指数,11.12
2023-02-27,沪深300指数,11.09
2023-02-28,沪深300指数,11.17
2023-03-01,沪深300指数,11.34
2023-03-02,沪深300指数,11.33
2023-03-03,沪深300指数,11.42
2023-03-06,沪深300指数,11.37
2023-03-07,沪深300指数,11.25
2023-03-08,沪深300指数,11.22
2023-03-09,沪深300指数,11.2
2023-03-10,沪深300指数,11.03
2023-03-13,沪深300指数,11.2
2023-03-14,沪深300指数,11.12
2023-03-15,沪深300指数,11.16
2023-03-16,沪深300指数,11.1
2023-03-17,沪深300指数,11.18
2023-03-20,沪深300指数,11.1
2023-03-21,沪深300指数,11.17
2023-03-22,沪深300指数,11.23
2023-03-23,沪深300指数,11.34
2023-03-24,沪深300指数,11.27
2023-03-27,沪深300指数,11.19
2023-03-28,沪深300指数,11.2
2023-03-29,沪深300指数,11.2
2023-03-30,沪深300指数,11.27
2023-03-31,沪深300指数,11.27
2023-04-03,沪深300指数,11.38
2023-04-04,沪深300指数,11.48
2023-04-06,沪深300指数,11.47
2023-04-07,沪深300指数,11.52
2023-04-10,沪深300指数,11.5
2023-04-11,沪深300指数,11.48
2023-04-12,沪深300指数,11.52
2023-04-13,沪深300指数,11.47
2023-04-14,沪深300指数,11.56
2023-04-17,沪深300指数,11.78
2023-04-18,沪深300指数,11.89
2023-04-19,沪深300指数,11.79
2023-04-20,沪深300指数,11.79
2023-04-21,沪深300指数,11.56
2023-04-24,沪深300指数,11.48
2023-04-25,沪深300指数,11.44
2023-04-26,沪深300指数,11.39
2023-04-27,沪深300指数,11.42
2023-04-28,沪深300指数,11.47
2023-05-04,沪深300指数,11.56
2023-05-05,沪深300指数,11.53
2023-05-08,沪深300指数,11.8
2023-05-09,沪深300指数,11.67
2023-05-10,沪深300指数,11.5
2023-05-11,沪深300指数,11.45
2023-05-12,沪深300指数,11.31
2023-05-15,沪深300指数,11.47
2023-05-16,沪深300指数,11.4
2023-05-17,沪深300指数,11.32
2023-05-18,沪深300指数,11.38
2023-05-19,沪深300指数,11.32
2023-05-22,沪深300指数,11.38
2023-05-23,沪深300指数,11.19
2023-05-24,沪深300指数,11.0
2023-05-25,沪深300指数,10.97
2023-05-26,沪深300指数,11.0
2023-05-29,沪深300指数,11.02
2023-05-30,沪深300指数,11.03
2023-05-31,沪深300指数,10.93
2023-06-01,沪深300指数,10.97
2023-06-02,沪深300指数,11.08
2023-06-05,沪深300指数,11.07
2023-06-06,沪深300指数,11.0
2023-06-07,沪深300指数,10.96
2023-06-08,沪深300指数,11.08
2023-06-09,沪深300指数,11.14
2023-06-12,沪深300指数,11.1
2023-06-13,沪深300指数,11.12
2023-06-14,沪深300指数,11.08
2023-06-15,沪深300指数,11.22
2023-06-16,沪深300指数,11.29
2023-06-19,沪深300指数,11.2
2023-06-20,沪深300指数,11.14
2023-06-21,沪深300指数,11.0
2023-06-26,沪深300指数,10.86
2023-06-27,沪深300指数,10.98
2023-06-28,沪深300指数,10.96
2023-06-29,沪深300指数,10.92
2023-06-30,沪深300指数,10.97
2023-07-03,沪深300指数,11.13
2023-07-04,沪深300指数,11.13
2023-07-05,沪深300指数,11.04
2023-07-06,沪深300指数,10.97
2023-07-07,沪深300指数,10.93
2023-07-10,沪深300指数,10.96
2023-07-11,沪深300指数,11.02
2023-07-12,沪深300指数,10.95
2023-07-13,沪深300指数,11.12
2023-07-14,沪深300指数,11.12
2023-07-17,沪深300指数,10.99
2023-07-18,沪深300指数,10.94
2023-07-19,沪深300指数,10.94
2023-07-20,沪深300指数,10.86
2023-07-21,沪深300指数,10.85
2023-07-24,沪深300指数,10.82
2023-07-25,沪深300指数,11.11
2023-07-26,沪深300指数,11.07
2023-07-27,沪深300指数,11.07
2023-07-28,沪深300指数,11.33
2023-07-31,沪深300指数,11.36
2023-08-01,沪深300指数,11.34
2023-08-02,沪深300指数,11.21
2023-08-03,沪深300指数,11.29
2023-08-04,沪深300指数,11.36
2023-08-07,沪深300指数,11.28
2023-08-08,沪深300指数,11.26
2023-08-09,沪深300指数,11.23
2023-08-10,沪深300指数,11.26
2023-08-11,沪深300指数,11.02
2023-08-14,沪深300指数,10.94
2023-08-15,沪深300指数,10.93
2023-08-16,沪深300指数,10.84
2023-08-17,沪深300指数,10.85
2023-08-18,沪深300指数,10.75
2023-08-21,沪深300指数,10.62
2023-08-22,沪深300指数,10.75
2023-08-23,沪深300指数,10.62
2023-08-24,沪深300指数,10.66
2023-08-25,沪深300指数,10.63
2023-08-28,沪深300指数,10.84
2023-08-29,沪深300指数,10.87
2023-08-30,沪深300指数,10.95
2023-08-31,沪深300指数,10.99
2023-09-01,沪深300指数,11.05
2023-09-04,沪深300指数,11.22
2023-09-05,沪深300指数,11.13
2023-09-06,沪深300指数,11.12
2023-09-07,沪深300指数,11.0
2023-09-08,沪深300指数,10.96
2023-09-11,沪深300指数,11.03
2023-09-12,沪深300指数,11.01
2023-09-13,沪深300指数,10.97
2023-09-14,沪深300指数,11.0
2023-09-15,沪深300指数,10.93
2023-09-18,沪深300指数,10.96
2023-09-19,沪深300指数,10.98
2023-09-20,沪深300指数,10.95
2023-09-21,沪深300指数,10.86
2023-09-22,沪深300指数,11.02
2023-09-25,沪深300指数,10.96
2023-09-26,沪深300指数,10.9
2023-09-27,沪深300指数,10.9
2023-09-28,沪深300指数,10.87
2023-10-09,沪深300指数,10.87
2023-10-10,沪深300指数,10.79
2023-10-11,沪深300指数,10.81
2023-10-12,沪深300指数,10.94
2023-10-13,沪深300指数,10.88
2023-10-16,沪深300指数,10.81
2023-10-17,沪深300指数,10.88
2023-10-18,沪深300指数,10.82
2023-10-19,沪深300指数,10.59
2023-10-20,沪深300指数,10.5
2023-10-23,沪深300指数,10.4
2023-10-24,沪深300指数,10.4
2023-10-25,沪深300指数,10.38
2023-10-26,沪深300指数,10.46
2023-10-27,沪深300指数,10.54
2023-10-30,沪深300指数,10.59
2023-10-31,沪深300指数,10.64
2023-11-01,沪深300指数,10.66
2023-11-02,沪深300指数,10.63
2023-11-03,沪深300指数,10.69
2023-11-06,沪深300指数,10.75
2023-11-07,沪深300指数,10.72
2023-11-08,沪深300指数,10.69
2023-11-09,沪深300指数,10.72
2023-11-10,沪深300指数,10.67
2023-11-13,沪深300指数,10.65
2023-11-14,沪深300指数,10.66
2023-11-15,沪深300指数,10.73
2023-11-16,沪深300指数,10.65
2023-11-17,沪深300指数,10.62
2023-11-20,沪深300指数,10.64
2023-11-21,沪深300指数,10.66
2023-11-22,沪深300指数,10.58
2023-11-23,沪深300指数,10.62
2023-11-24,沪深300指数,10.57
2023-11-27,沪深300指数,10.49
2023-11-28,沪深300指数,10.5
2023-11-29,沪深300指数,10.42
2023-11-30,沪深300指数,10.48
2023-12-01,沪深300指数,10.46
2023-12-04,沪深300指数,10.4
2023-12-05,沪深300指数,10.23
2023-12-06,沪深300指数,10.2
2023-12-07,沪深300指数,10.19
2023-12-08,沪深300指数,10.22
2023-12-11,沪深300指数,10.28
2023-12-12,沪深300指数,10.32
2023-12-13,沪深300指数,10.18
2023-12-14,沪深300指数,10.13
2023-12-15,沪深300指数,10.09
2023-12-18,沪深300指数,10.09
2023-12-19,沪深300指数,10.11
2023-12-20,沪深300指数,10.02
2023-12-21,沪深300指数,10.08
2023-12-22,沪深300指数,10.12
2023-12-25,沪深300指数,10.16
2023-12-26,沪深300指数,10.12
2023-12-27,沪深300指数,10.18
2023-12-28,沪深300指数,10.33
2023-12-29,沪深300指数,10.38
2024-01-02,沪深300指数,10.37
2024-01-03,沪深300指数,10.31
2024-01-04,沪深300指数,10.27
2024-01-05,沪深300指数,10.22
2024-01-08,沪深300指数,10.12
2024-01-09,沪深300指数,10.12
2024-01-10,沪深300指数,10.06
2024-01-11,沪深300指数,10.05
2024-01-12,沪深300指数,10.04
2024-01-15,沪深300指数,10.06
2024-01-16,沪深300指数,10.12
2024-01-17,沪深300指数,9.93
2024-01-18,沪深300指数,10.03
2024-01-19,沪深300指数,10.01
2024-01-22,沪深300指数,9.89
2024-01-23,沪深300指数,9.91
2024-01-24,沪深300指数,10.09
2024-01-25,沪深300指数,10.34
2024-01-26,沪深300指数,10.38
2024-01-29,沪深300指数,10.35
2024-01-30,沪深300指数,10.19
2024-01-31,沪深300指数,10.16
2024-02-01,沪深300指数,10.11
2024-02-02,沪深300指数,10.06
2024-02-05,沪深300指数,10.17
2024-02-06,沪深300指数,10.42
2024-02-07,沪深300指数,10.47
2024-02-08,沪深300指数,10.49
2024-02-19,沪深300指数,10.69
2024-02-20,沪深300指数,10.73
2024-02-21,沪深300指数,10.85
2024-02-22,沪深300指数,10.96
2024-02-23,沪深300指数,10.96
2024-02-26,沪深300指数,10.79
2024-02-27,沪深300指数,10.9
2024-02-28,沪深300指数,10.76
2024-02-29,沪深300指数,10.91
2024-03-01,沪深300指数,10.95
2024-03-04,沪深300指数,11.0
2024-03-05,沪深300指数,11.1
2024-03-06,沪深300指数,11.04
2024-03-07,沪深300指数,11.03
2024-03-08,沪深300指数,11.1
2024-03-11,沪深300指数,11.15
2024-03-12,沪深300指数,11.07
2024-03-13,沪深300指数,10.99
2024-03-14,沪深300指数,10.99
2024-03-15,沪深300指数,11.0
2024-03-18,沪深300指数,11.08
2024-03-19,沪深300指数,11.02
2024-03-20,沪深300指数,11.09
2024-03-21,沪深300指数,11.07
2024-03-22,沪深300指数,11.03
2024-03-25,沪深300指数,11.01
2024-03-26,沪深300指数,11.07
2024-03-27,沪深300指数,10.98
2024-03-28,沪深300指数,11.04
2024-03-29,沪深300指数,11.21
2024-04-01,沪深300指数,11.36
2024-04-02,沪深300指数,11.37
2024-04-03,沪深300指数,11.34
2024-04-08,沪深300指数,11.29
2024-04-09,沪深300指数,11.25
2024-04-10,沪深300指数,11.19
2024-04-11,沪深300指数,11.18
2024-04-12,沪深300指数,11.1
2024-04-15,沪深300指数,11.37
2024-04-16,沪深300指数,11.29
2024-04-17,沪深300指数,11.44
2024-04-18,沪深300指数,11.44
2024-04-19,沪深300指数,11.43
2024-04-22,沪深300指数,11.34
2024-04-23,沪深300指数,11.26
2024-04-24,沪深300指数,11.29
2024-04-25,沪深300指数,11.32
2024-04-26,沪深300指数,11.47
2024-04-29,沪深300指数,11.47
2024-04-30,沪深300指数,11.63
2024-05-06,沪深300指数,11.72
2024-05-07,沪深300指数,11.74
2024-05-08,沪深300指数,11.68
2024-05-09,沪深300指数,11.74
2024-05-10,沪深300指数,11.76
2024-05-13,沪深300指数,11.76
2024-05-14,沪深300指数,11.72
2024-05-15,沪深300指数,11.63
2024-05-16,沪深300指数,11.67
2024-05-17,沪深300指数,11.77
2024-05-20,沪深300指数,11.82
2024-05-21,沪深300指数,11.79
2024-05-22,沪深300指数,11.8
2024-05-23,沪深300指数,11.69
2024-05-24,沪深300指数,11.58
2024-05-27,沪深300指数,11.72
2024-05-28,沪深300指数,11.67
2024-05-29,沪深300指数,11.69
2024-05-30,沪深300指数,11.61
2024-05-31,沪深300指数,11.57
2024-06-03,沪深300指数,11.62
2024-06-04,沪深300指数,11.67
2024-06-05,沪深300指数,11.61
2024-06-06,沪深300指数,11.63
2024-06-07,沪深300指数,11.6
2024-06-11,沪深300指数,11.48
2024-06-12,沪深300指数,11.5
2024-06-13,沪深300指数,11.48
2024-06-14,沪深300指数,11.51
2024-06-17,沪深300指数,11.46
2024-06-18,沪深300指数,11.51
2024-06-19,沪深300指数,11.51
2024-06-20,沪深300指数,11.48
2024-06-21,沪深300指数,11.46
2024-06-24,沪深300指数,11.43
2024-06-25,沪深300指数,11.39
2024-06-26,沪深300指数,11.43
2024-06-27,沪深300指数,11.39
2024-06-28,沪深300指数,11.48
2024-07-01,沪深300指数,11.57
2024-07-02,沪深300指数,11.62
2024-07-03,沪深300指数,11.58
2024-07-04,沪深300指数,11.56
2024-07-05,沪深300指数,11.46
2024-07-08,沪深300指数,11.43
2024-07-09,沪深300指数,11.53
2024-07-10,沪深300指数,11.47
2024-07-11,沪深300指数,11.54
2024-07-12,沪深300指数,11.55
2024-07-15,沪深300指数,11.63
2024-07-16,沪深300指数,11.65
2024-07-17,沪深300指数,11.6
2024-07-18,沪深300指数,11.69
2024-07-19,沪深300指数,11.7
2024-07-22,沪深300指数,11.58
2024-07-23,沪深300指数,11.43
2024-07-24,沪深300指数,11.41
2024-07-25,沪深300指数,11.32
2024-07-26,沪深300指数,11.27
2024-07-29,沪深300指数,11.27
2024-07-30,沪深300指数,11.18
2024-07-31,沪深300指数,11.32
2024-08-01,沪深300指数,11.29
2024-08-02,沪深300指数,11.19
2024-08-05,沪深300指数,11.05
2024-08-06,沪深300指数,11.01
2024-08-07,沪深300指数,11.03
2024-08-08,沪深300指数,11.03
2024-08-09,沪深300指数,11.01
2024-08-12,沪深300指数,11.0
2024-08-13,沪深300指数,11.04
2024-08-14,沪深300指数,11.0
2024-08-15,沪深300指数,11.11
2024-08-16,沪深300指数,11.16
2024-08-19,沪深300指数,11.24
2024-08-20,沪深300指数,11.16
2024-08-21,沪深300指数,11.13
2024-08-22,沪深300指数,11.14
2024-08-23,沪深300指数,11.15
2024-08-26,沪深300指数,11.11
2024-08-27,沪深300指数,11.14
2024-08-28,沪深300指数,11.07
2024-08-29,沪深300指数,10.89
2024-08-30,沪深300指数,10.86
2024-09-02,沪深300指数,10.76
2024-09-03,沪深300指数,10.69
2024-09-04,沪深300指数,10.6
2024-09-05,沪深300指数,10.58
2024-09-06,沪深300指数,10.52
2024-09-09,沪深300指数,10.39
2024-09-10,沪深300指数,10.44
2024-09-11,沪深300指数,10.33
2024-09-12,沪深300指数,10.31
2024-09-13,沪深300指数,10.29
2024-09-18,沪深300指数,10.38
2024-09-19,沪深300指数,10.42
2024-09-20,沪深300指数,10.46
2024-09-23,沪深300指数,10.52
2024-09-24,沪深300指数,10.97
2024-09-25,沪深300指数,11.11
2024-09-26,沪深300指数,11.48
2024-09-27,沪深300指数,11.77
2024-09-30,沪深300指数,12.65
2024-10-08,沪深300指数,13.23
2024-10-09,沪深300指数,12.38
2024-10-10,沪深300指数,12.6
2024-10-11,沪深300指数,12.34
2024-10-14,沪深300指数,12.59
2024-10-15,沪深300指数,12.23
2024-10-16,沪深300指数,12.21
2024-10-17,沪深300指数,12.07
2024-10-18,沪深300指数,12.4
2024-10-21,沪深300指数,12.36
2024-10-22,沪深300指数,12.32
2024-10-23,沪深300指数,12.35
2024-10-24,沪深300指数,12.24
2024-10-25,沪深300指数,12.26
2024-10-28,沪深300指数,12.26
2024-10-29,沪深300指数,12.18
2024-10-30,沪深300指数,12.03
2024-10-31,沪深300指数,11.65
2024-11-01,沪深300指数,11.72
2024-11-04,沪深300指数,11.83
2024-11-05,沪深300指数,12.08
2024-11-06,沪深300指数,12.0
2024-11-07,沪深300指数,12.34
2024-11-08,沪深300指数,12.22
2024-11-11,沪深300指数,12.21
2024-11-12,沪深300指数,12.06
2024-11-13,沪深300指数,12.16
2024-11-14,沪深300指数,12.02
2024-11-15,沪深300指数,11.88
2024-11-18,沪深300指数,11.89
2024-11-19,沪深300指数,11.92
2024-11-20,沪深300指数,11.93
2024-11-21,沪深300指数,11.93
2024-11-22,沪深300指数,11.61
2024-11-25,沪深300指数,11.57
2024-11-26,沪深300指数,11.59
2024-11-27,沪深300指数,11.75
2024-11-28,沪深300指数,11.67
2024-11-29,沪深300指数,11.75
2024-12-02,沪深300指数,11.83
2024-12-03,沪深300指数,11.89
2024-12-04,沪深300指数,11.9
2024-12-05,沪深300指数,11.85
2024-12-06,沪深300指数,11.99
2024-12-09,沪深300指数,12.0
2024-12-10,沪深300指数,12.07
2024-12-11,沪深300指数,12.03
2024-12-12,沪深300指数,12.15
2024-12-13,沪深300指数,11.91
2024-12-16,沪深300指数,11.97
2024-12-17,沪深300指数,11.99
2024-12-18,沪深300指数,12.06
2024-12-19,沪深300指数,12.03
2024-12-20,沪深300指数,11.97
2024-12-23,沪深300指数,12.07
2024-12-24,沪深300指数,12.23
2024-12-25,沪深300指数,12.3
2024-12-26,沪深300指数,12.27
2024-12-27,沪深300指数,12.25
2024-12-30,沪深300指数,12.33
2024-12-31,沪深300指数,12.19
2025-01-02,沪深300指数,11.84
2025-01-03,沪深300指数,11.73
2025-01-06,沪深300指数,11.7
2025-01-07,沪深300指数,11.75
2025-01-08,沪深300指数,11.77
2025-01-09,沪深300指数,11.69
2025-01-10,沪深300指数,11.55
2025-01-13,沪深300指数,11.51
2025-01-14,沪深300指数,11.74
2025-01-15,沪深300指数,11.68
2025-01-16,沪深300指数,11.72
2025-01-17,沪深300指数,11.73
2025-01-20,沪深300指数,11.72
2025-01-21,沪深300指数,11.7
2025-01-22,沪深300指数,11.59
2025-01-23,沪深300指数,11.68
2025-01-24,沪深300指数,11.72
2025-01-27,沪深300指数,11.74
2025-02-05,沪深300指数,11.62
2025-02-06,沪深300指数,11.73
2025-02-07,沪深300指数,11.83
2025-02-10,沪深300指数,11.85
2025-02-11,沪深300指数,11.86
2025-02-12,沪深300指数,11.96
2025-02-13,沪深300指数,11.93
2025-02-14,沪深300指数,12.02
2025-02-17,沪深300指数,12.04
2025-02-18,沪深300指数,11.99
2025-02-19,沪深300指数,12.02
2025-02-20,沪深300指数,11.99
2025-02-21,沪深300指数,12.09
2025-02-24,沪深300指数,12.03
2025-02-25,沪深300指数,11.89
2025-02-26,沪深300指数,11.96
2025-02-27,沪深300指数,12.0
2025-02-28,沪深300指数,11.82
2025-03-03,沪深300指数,11.81
2025-03-04,沪深300指数,11.75
2025-03-05,沪深300指数,11.84
2025-03-06,沪深300指数,11.94
2025-03-07,沪深300指数,11.92
2025-03-10,沪深300指数,11.85
2025-03-11,沪深300指数,11.89
2025-03-12,沪深300指数,11.86
2025-03-13,沪深300指数,11.85
2025-03-14,沪深300指数,12.12
2025-03-17,沪深300指数,12.11
2025-03-18,沪深300指数,12.12
2025-03-19,沪深300指数,12.15
2025-03-20,沪深300指数,12.04
2025-03-21,沪深300指数,11.89
2025-03-24,沪深300指数,11.92
2025-03-25,沪深300指数,11.91
2025-03-26,沪深300指数,11.87
2025-03-27,沪深300指数,11.9
2025-03-28,沪深300指数,11.81
2025-03-31,沪深300指数,11.78
2025-04-01,沪深300指数,11.78
2025-04-02,沪深300指数,11.79
2025-04-03,沪深300指数,11.78
2025-04-07,沪深300指数,11.07
2025-04-08,沪深300指数,11.29
2025-04-09,沪深300指数,11.35
2025-04-10,沪深300指数,11.44
2025-04-11,沪深300指数,11.46
2025-04-14,沪深300指数,11.53
2025-04-15,沪深300指数,11.57
2025-04-16,沪深300指数,11.64
2025-04-17,沪深300指数,11.64
2025-04-18,沪深300指数,11.65
2025-04-21,沪深300指数,11.66
2025-04-22,沪深300指数,11.71
2025-04-23,沪深300指数,11.68
2025-04-24,沪深300指数,11.7
2025-04-25,沪深300指数,11.64
2025-04-28,沪深300指数,11.65
2025-04-29,沪深300指数,11.63
2025-04-30,沪深300指数,11.49
2025-05-06,沪深300指数,11.56
2025-05-07,沪深300指数,11.67
2025-05-08,沪深300指数,11.71
2025-05-09,沪深300指数,11.71
2025-05-12,沪深300指数,11.8
2025-05-13,沪深300指数,11.83
2025-05-14,沪深300指数,11.97
2025-05-15,沪深300指数,11.9
2025-05-16,沪深300指数,11.83
2025-05-19,沪深300指数,11.79
2025-05-20,沪深300指数,11.85
2025-05-21,沪深300指数,11.91
2025-05-22,沪深300指数,11.91
2025-05-23,沪深300指数,11.81
2025-05-26,沪深300指数,11.75
2025-05-27,沪深300指数,11.72
2025-05-28,沪深300指数,11.72
2025-05-29,沪深300指数,11.76
2025-05-30,沪深300指数,11.73
2025-06-03,沪深300指数,11.77
2025-06-04,沪深300指数,11.8
2025-06-05,沪深300指数,11.83
2025-06-06,沪深300指数,11.83
2025-06-09,沪深300指数,11.83
2025-06-10,沪深300指数,11.79
2025-06-11,沪深300指数,12.06
2025-06-12,沪深300指数,12.04
2025-06-13,沪深300指数,11.99
2025-06-16,沪深300指数,12.07
2025-06-17,沪深300指数,12.07
2025-06-18,沪深300指数,12.11
2025-06-19,沪深300指数,12.09
2025-06-20,沪深300指数,12.12
2025-06-23,沪深300指数,12.2
2025-06-24,沪深300指数,12.31
2025-06-25,沪深300指数,12.45
2025-06-26,沪深300指数,12.44
2025-06-27,沪深300指数,12.3
2025-06-30,沪深300指数,12.34
2025-07-01,沪深300指数,12.39
2025-07-02,沪深300指数,12.4
2025-07-03,沪深300指数,12.43
2025-07-04,沪深300指数,12.5
2025-07-07,沪深300指数,12.46
2025-07-08,沪深300指数,12.53
2025-07-09,沪深300指数,12.54
2025-07-10,沪深300指数,12.6
2025-07-11,沪深300指数,12.57
2025-07-14,沪深300指数,12.59
2025-07-15,沪深300指数,12.58
2025-07-16,沪深300指数,12.55
2025-07-17,沪深300指数,12.57
2025-07-18,沪深300指数,12.64
2025-07-21,沪深300指数,12.7
2025-07-22,沪深300指数,12.77
2025-07-23,沪深300指数,12.79
2025-07-24,沪深300指数,12.82
2025-07-25,沪深300指数,12.74
2025-07-28,沪深300指数,12.75
2025-07-29,沪深300指数,12.59
2025-07-30,沪深300指数,12.63
2025-07-31,沪深300指数,12.44
2025-08-01,沪深300指数,12.37
2025-08-04,沪深300指数,12.42
2025-08-05,沪深300指数,12.54
2025-08-06,沪深300指数,12.57
2025-08-07,沪深300指数,12.58
2025-08-08,沪深300指数,12.56
2025-08-11,沪深300指数,12.54
2025-08-12,沪深300指数,12.62
2025-08-13,沪深300指数,12.63
2025-08-14,沪深300指数,12.63
2025-08-15,沪深300指数,12.65
2025-08-18,沪深300指数,12.73
2025-08-19,沪深300指数,12.71
2025-08-20,沪深300指数,12.83
2025-08-21,沪深300指数,12.89
2025-08-22,沪深300指数,13.08
2025-08-25,沪深300指数,13.27
2025-08-26,沪深300指数,13.21
2025-08-27,沪深300指数,12.97
2025-08-28,沪深300指数,13.16
2025-08-29,沪深300指数,13.23
2025-09-01,沪深300指数,13.23
2025-09-02,沪深300指数,13.23
2025-09-03,沪深300指数,13.11
2025-09-04,沪深300指数,12.98
2025-09-05,沪深300指数,13.1
2025-09-08,沪深300指数,13.11
2025-09-09,沪深300指数,13.03
2025-09-10,沪深300指数,13.08
2025-09-11,沪深300指数,13.29
2025-09-12,沪深300指数,13.24
2025-09-15,沪深300指数,13.24
2025-09-16,沪深300指数,13.2
2025-09-17,沪深300指数,13.26
2025-09-18,沪深300指数,13.08
2025-09-19,沪深300指数,13.08
2025-09-22,沪深300指数,13.09
2025-09-23,沪深300指数,13.14
2025-09-24,沪深300指数,13.21
2025-09-25,沪深300指数,13.24
2025-09-26,沪深300指数,13.16
2025-09-29,沪深300指数,13.3
2025-09-30,沪深300指数,13.32
2025-10-09,沪深300指数,13.5
2025-10-10,沪深300指数,13.36
2025-10-13,沪深300指数,13.3
2025-10-14,沪深300指数,13.26
2025-10-15,沪深300指数,13.4
2025-10-16,沪深300指数,13.5
2025-10-17,沪深300指数,13.27
2025-10-20,沪深300指数,13.33
2025-10-21,沪深300指数,13.47
2025-10-22,沪深300指数,13.47
2025-10-23,沪深300指数,13.53
2025-10-24,沪深300指数,13.62
2025-10-27,沪深300指数,13.75
2025-10-28,沪深300指数,13.7
2025-10-29,沪深300指数,13.7
2025-10-30,沪深300指数,13.57
2025-10-31,沪深300指数,13.19
2025-11-03,沪深300指数,13.28
2025-11-04,沪深300指数,13.25
2025-11-05,沪深300指数,13.26
2025-11-06,沪深300指数,13.39
2025-11-07,沪深300指数,13.35
2025-11-10,沪深300指数,13.41
2025-11-11,沪深300指数,13.33
2025-11-12,沪深300指数,13.38
2025-11-13,沪深300指数,13.46
2025-11-14,沪深300指数,13.31
2025-11-17,沪深300指数,13.2
2025-11-18,沪深300指数,13.13
2025-11-19,沪深300指数,13.23
2025-11-20,沪深300指数,13.22
2025-11-21,沪深300指数,12.98
2025-11-24,沪深300指数,12.92
2025-11-25,沪深300指数,13.02
2025-11-26,沪深300指数,13.02
2025-11-27,沪深300指数,13.05
2025-11-28,沪深300指数,13.04
2025-12-01,沪深300指数,13.14
2025-12-02,沪深300指数,13.12
2025-12-03,沪深300指数,13.04
2025-12-04,沪深300指数,13.06
2025-12-05,沪深300指数,13.12
2025-12-08,沪深300指数,13.18
2025-12-09,沪深300指数,13.13
2025-12-10,沪深300指数,13.07
2025-12-11,沪深300指数,12.99
2025-12-12,沪深300指数,13.02
2025-12-15,沪深300指数,13.08
2025-12-16,沪深300指数,12.97
2025-12-17,沪深300指数,13.14
2025-12-18,沪深300指数,13.14
2025-12-19,沪深300指数,13.15
2025-12-22,沪深300指数,13.23
2025-12-23,沪深300指数,13.27
2025-12-24,沪深300指数,13.29
2025-12-25,沪深300指数,13.31
2025-12-26,沪深300指数,13.32
2025-12-29,沪深300指数,13.32
2025-12-30,沪深300指数,13.35
2025-12-31,沪深300指数,13.34
2026-01-05,沪深300指数,13.49
2026-01-06,沪深300指数,13.66
2026-01-07,沪深300指数,13.58
2026-01-08,沪深300指数,13.49
2026-01-09,沪深300指数,13.54
2026-01-12,沪深300指数,13.6
2026-01-13,沪深300指数,13.59
2026-01-14,沪深300指数,13.48
2026-01-15,沪深300指数,13.46
2026-01-16,沪深300指数,13.38
2026-01-19,沪深300指数,13.37
2026-01-20,沪深300指数,13.4
2026-01-21,沪深300指数,13.35
2026-01-22,沪深300指数,13.34
2026-01-23,沪深300指数,13.25
2026-01-26,沪深300指数,13.32
2026-01-27,沪深300指数,13.31
2026-01-28,沪深300指数,13.38
2026-01-29,沪深300指数,13.5
2026-01-30,沪深300指数,13.37
2026-02-02,沪深300指数,13.12
2026-02-03,沪深300指数,13.18
2026-02-04,沪深300指数,13.33
2026-02-05,沪深300指数,13.29
2026-02-06,沪深300指数,13.25
2026-02-09,沪深300指数,13.39
2026-02-10,沪深300指数,13.43
2026-02-11,沪深300指数,13.43
2026-02-12,沪深300指数,13.4
2026-02-13,沪深300指数,13.22
2026-02-24,沪深300指数,13.36
2026-02-25,沪深300指数,13.4
2026-02-26,沪深300指数,13.35
2026-02-27,沪深300指数,13.33
2026-03-02,沪深300指数,13.48
2026-03-03,沪深300指数,13.5
2026-03-04,沪深300指数,13.34
2026-03-05,沪深300指数,13.4
2026-03-06,沪深300指数,13.41
2026-03-09,沪深300指数,13.38
2026-03-10,沪深300指数,13.37
2026-03-11,沪深300指数,13.48
2026-03-12,沪深300指数,13.48
2026-03-13,沪深300指数,13.52
2026-03-16,沪深300指数,13.52
2026-03-17,沪深300指数,13.48
2026-03-18,沪深300指数,13.5
2026-03-19,沪深300指数,13.42
2026-03-20,沪深300指数,13.36
2026-03-23,沪深300指数,12.97
2026-03-24,沪深300指数,13.08
2026-03-25,沪深300指数,13.2
2026-03-26,沪深300指数,13.13
2026-03-27,沪深300指数,13.23
2026-03-30,沪深300指数,13.29
2026-03-31,沪深300指数,13.3
2026-04-01,沪深300指数,13.42
2026-04-02,沪深300指数,13.36
2026-04-03,沪深300指数,13.24
2026-04-07,沪深300指数,13.23
2026-04-08,沪深300指数,13.49
2026-04-09,沪深300指数,13.42
2026-04-10,沪深300指数,13.52
2026-04-13,沪深300指数,13.56
2026-04-14,沪深300指数,13.67
2026-04-15,沪深300指数,13.65
2026-04-16,沪深300指数,13.72
2026-04-17,沪深300指数,13.69
2026-04-20,沪深300指数,13.8
2026-04-21,沪深300指数,13.85
2026-04-22,沪深300指数,13.87
2026-04-23,沪深300指数,13.87
2026-04-24,沪深300指数,13.81
2026-04-27,沪深300指数,13.81
2026-04-28,沪深300指数,13.81
2026-04-29,沪深300指数,13.9
2026-04-30,沪深300指数,13.85
2026-05-06,沪深300指数,13.99
2026-05-07,沪深300指数,13.97
2026-05-08,沪深300指数,13.91
2026-05-11,沪深300指数,14.05
2026-05-12,沪深300指数,14.02
2026-05-13,沪深300指数,14.09
2026-05-14,沪深300指数,13.93
2026-05-15,沪深300指数,13.82
2026-05-18,沪深300指数,13.78
2026-05-19,沪深300指数,13.85
2026-05-20,沪深300指数,13.79
2026-05-21,沪深300指数,13.63
2026-05-22,沪深300指数,13.72
2026-05-25,沪深300指数,13.86
2026-05-26,沪深300指数,13.93
2026-05-27,沪深300指数,13.81
2026-05-28,沪深300指数,13.8
2026-05-29,沪深300指数,13.8
2026-06-01,沪深300指数,13.76
2026-06-02,沪深300指数,13.91
2026-06-03,沪深300指数,13.93
2026-06-04,沪深300指数,13.8
2026-06-05,沪深300指数,13.65
2026-06-08,沪深300指数,13.51
2026-06-09,沪深300指数,13.63
2026-06-10,沪深300指数,13.56
2026-06-11,沪深300指数,13.52
2026-06-12,沪深300指数,13.68
2026-06-15,沪深300指数,14.06
2026-06-16,沪深300指数,13.96
2026-06-17,沪深300指数,14.0
2026-06-18,沪深300指数,13.91
2026-06-22,沪深300指数,14.19
2026-06-23,沪深300指数,13.93
2026-06-24,沪深300指数,13.9
2026-06-25,沪深300指数,13.98
2026-06-26,沪深300指数,13.62
2026-06-29,沪深300指数,13.76
2026-06-30,沪深300指数,13.77
2026-07-01,沪深300指数,13.77
2026-07-02,沪深300指数,13.51
2026-07-03,沪深300指数,13.6
