date,dividend_yield,growth_pe_ttm,growth_earnings_yield,spread
2021-06-01,4.4182,82.2903,1.21521005513408,3.2029899448659194
2021-06-02,4.4069,80.5254,1.241844188293383,3.165055811706617
2021-06-03,4.4241,79.2279,1.2621816304609865,3.1619183695390136
2021-06-04,4.8138,80.1882,1.2470662765843354,3.5667337234156644
2021-06-07,4.8054,79.8368,1.252555212633773,3.5528447873662268
2021-06-08,4.8047,79.5809,1.2565829237920154,3.548117076207985
2021-06-09,4.8072,79.9988,1.250018750281254,3.557181249718746
2021-06-10,4.8178,81.903,1.2209564973200004,3.5968435026799996
2021-06-11,4.6034,82.6335,1.2101629484410077,3.393237051558992
2021-06-15,4.5634,84.0428,1.1898699234199717,3.3735300765800282
2021-06-16,4.3518,80.819,1.2373328054046697,3.1144671945953304
2021-06-17,5.2025,83.2726,1.200875197844189,4.001624802155811
2021-06-18,5.3553,84.4098,1.1846965636691473,4.170603436330852
2021-06-21,5.2716,85.1842,1.1739266201948249,4.097673379805175
2021-06-22,5.2223,85.5271,1.1692200483823256,4.053079951617674
2021-06-23,5.1929,86.626,1.1543878281347402,4.03851217186526
2021-06-24,5.2485,85.5235,1.1692692651727303,4.07923073482727
2021-06-25,5.031,87.494,1.142935515578211,3.888064484421789
2021-06-28,5.0825,89.0925,1.1224289362179758,3.960071063782024
2021-06-29,5.2984,89.3922,1.118665834379286,4.179734165620714
2021-06-30,5.4499,91.4136,1.093929130895184,4.355970869104817
2021-07-01,4.6133,91.6049,1.0916446609297101,3.5216553390702896
2021-07-02,4.6831,87.7199,1.1399921796536476,3.5431078203463517
2021-07-05,4.602,88.5463,1.1293526663451776,3.4726473336548227
2021-07-06,5.3462,86.1676,1.1605290155464467,4.185670984453553
2021-07-07,5.4083,89.1878,1.1212295852123273,4.287070414787673
2021-07-08,5.5348,89.6969,1.1148657311456696,4.41993426885433
2021-07-09,5.5935,88.5447,1.1293730737130512,4.464126926286949
2021-07-12,4.9414,90.9257,1.099799066710512,3.841600933289488
2021-07-13,5.3365,90.1128,1.1097202617164266,4.2267797382835735
2021-07-14,5.2855,89.6321,1.1156717292130833,4.169828270786916
2021-07-15,5.1636,90.432,1.105803255484784,4.057796744515215
2021-07-16,4.6952,87.1861,1.1469718223432406,3.5482281776567595
2021-07-19,4.4843,87.2211,1.1465115665819394,3.3377884334180608
2021-07-20,4.5573,87.4192,1.143913465234182,3.4133865347658174
2021-07-21,4.6558,90.0355,1.1106730123118103,3.5451269876881897
2021-07-22,4.6077,89.6905,1.1149452840601848,3.4927547159398156
2021-07-23,4.6785,87.399,1.1441778510051603,3.534322148994839
2021-07-26,4.7659,84.8926,1.177958974044852,3.587941025955148
2021-07-27,4.8763,82.5148,1.2119038039236598,3.66439619607634
2021-07-28,4.8567,83.7881,1.193486903271467,3.663213096728533
2021-07-29,4.9781,87.9827,1.136587079050768,3.8415129209492322
2021-07-30,5.0933,87.7823,1.1391818168355123,3.954118183164488
2021-08-02,5.039,88.5384,1.1294534348937864,3.909546565106213
2021-08-03,5.0594,87.8824,1.1378842635157893,3.921515736484211
2021-08-04,5.0622,89.8159,1.113388609366493,3.948811390633507
2021-08-05,5.06,89.788,1.1137345747761394,3.94626542522386
2021-08-06,5.0491,88.4485,1.1306014234271922,3.9184985765728078
2021-08-09,4.9516,87.0793,1.1483785469106893,3.8032214530893107
2021-08-10,4.9452,87.1161,1.1478934433474408,3.797306556652559
2021-08-11,4.885,86.0777,1.1617410781189554,3.7232589218810443
2021-08-12,4.8955,85.2895,1.1724772685969551,3.723022731403045
2021-08-13,4.9016,83.4569,1.198223274528529,3.703376725471471
2021-08-16,4.8553,82.4668,1.212609195458051,3.6426908045419486
2021-08-17,4.9012,80.3256,1.2449331221926758,3.656266877807324
2021-08-18,4.8403,77.0345,1.298119673652714,3.542180326347286
2021-08-19,4.8931,77.5517,1.2894623844480522,3.603637615551947
2021-08-20,4.8995,75.2785,1.328400539330619,3.5710994606693807
2021-08-23,4.8649,77.9314,1.283179822253931,3.5817201777460683
2021-08-24,4.8527,78.001,1.2820348457071062,3.570665154292893
2021-08-25,4.9962,77.3074,1.2935372292949963,3.702662770705004
2021-08-26,5.0259,73.6304,1.3581346835002934,3.6677653164997066
2021-08-27,5.0058,73.1577,1.3669101133578556,3.6388898866421444
2021-08-30,5.0388,69.6573,1.4355997146027766,3.6032002853972234
2021-08-31,4.9547,68.0731,1.4690090505647606,3.4856909494352393
2021-09-01,4.872,67.6446,1.4783146030873122,3.3936853969126877
2021-09-02,4.8298,66.3443,1.5072884935103692,3.3225115064896302
2021-09-03,4.8251,66.1285,1.512207293375776,3.3128927066242237
2021-09-06,4.8066,68.8069,1.45334261534817,3.3532573846518305
2021-09-07,4.7355,68.6898,1.455820223672219,3.279679776327781
2021-09-08,4.7267,67.6292,1.478651233490859,3.2480487665091413
2021-09-09,4.6846,67.6197,1.478858971571894,3.205741028428106
2021-09-10,4.6776,68.0021,1.4705428214716898,3.20705717852831
2021-09-13,4.634,67.0308,1.4918515070683924,3.142148492931608
2021-09-14,4.7366,68.0378,1.4697712154126088,3.2668287845873913
2021-09-15,4.7694,66.9866,1.4928358806089577,3.2765641193910424
2021-09-16,4.8126,65.8315,1.5190296438634998,3.2935703561364997
2021-09-17,4.98,67.3777,1.4841705786929502,3.49582942130705
2021-09-22,4.9626,66.9186,1.4943528406153148,3.4682471593846853
2021-09-23,4.9545,67.1582,1.4890214448868495,3.465478555113151
2021-09-24,5.0387,67.6707,1.4777444300118072,3.5609555699881934
2021-09-27,5.0665,68.5313,1.4591872618788786,3.607312738121121
2021-09-28,4.9801,67.7745,1.4754811913035137,3.5046188086964865
2021-09-29,5.0158,67.3973,1.48373896283679,3.5320610371632095
2021-09-30,5.0272,68.6818,1.4559897964235067,3.571210203576493
2021-10-08,4.997,68.7376,1.4548078489793068,3.542192151020693
2021-10-11,4.9366,67.4129,1.4833956112257447,3.453204388774256
2021-10-12,4.9662,66.3221,1.5077930282665957,3.458406971733404
2021-10-13,5.0026,67.7183,1.4767057058431767,3.5258942941568234
2021-10-14,5.0333,67.5599,1.4801679694611745,3.5531320305388254
2021-10-15,5.0823,68.77,1.4541224371092047,3.6281775628907953
2021-10-18,5.0621,68.6157,1.4573924043622668,3.6047075956377332
2021-10-19,5.0407,69.139,1.446361677201001,3.594338322798999
2021-10-20,5.0831,68.3087,1.4639423675168755,3.6191576324831245
2021-10-21,5.0208,68.2616,1.464952476941648,3.555847523058352
2021-10-22,5.0578,68.2834,1.4644847796096856,3.5933152203903145
2021-10-25,4.9864,68.8529,1.4523716502863349,3.534028349713665
2021-10-26,5.0118,68.9026,1.4513240429243597,3.5604759570756404
2021-10-27,5.0555,67.7144,1.4767907564712972,3.578709243528703
2021-10-28,5.1007,66.1145,1.5125275090940715,3.5881724909059285
2021-10-29,5.1159,67.5448,1.4804988688988643,3.6354011311011356
2021-11-01,5.0875,67.4102,1.4834550260939738,3.6040449739060265
2021-11-02,5.1862,67.7181,1.4767100671755409,3.7094899328244595
2021-11-03,5.159,67.3079,1.485709701238636,3.673290298761364
2021-11-04,5.1583,67.9116,1.4725024885292055,3.685797511470794
2021-11-05,5.1867,67.7228,1.4766075826752585,3.7100924173247414
2021-11-08,5.187,68.0287,1.4699678224043675,3.717032177595633
2021-11-09,5.1999,68.8043,1.4533975347471015,3.746502465252899
2021-11-10,5.2188,68.4248,1.4614584185850743,3.7573415814149254
2021-11-11,5.1154,68.9868,1.4495526680466408,3.6658473319533593
2021-11-12,5.1485,67.9463,1.4717504853097227,3.6767495146902776
2021-11-15,5.1331,67.6885,1.4773558285380823,3.6557441714619174
2021-11-16,5.164,67.7056,1.476982701578599,3.6870172984214005
2021-11-17,5.1662,68.1393,1.4675818507087686,3.6986181492912316
2021-11-18,5.191,67.2615,1.4867346104383636,3.704265389561636
2021-11-19,5.1316,67.95,1.4716703458425313,3.6599296541574686
2021-11-22,5.1662,69.7596,1.4334944581104248,3.732705541889575
2021-11-23,5.1559,69.4903,1.4390497666580802,3.71685023334192
2021-11-24,5.1431,69.3472,1.4420192884500023,3.7010807115499973
2021-11-25,5.1607,69.4515,1.4398537108629763,3.720846289137024
2021-11-26,5.1886,69.0664,1.4478820381545874,3.7407179618454127
2021-11-29,5.2164,69.4665,1.439542801206337,3.776857198793663
2021-11-30,5.2299,69.3742,1.4414580636605538,3.7884419363394457
2021-12-01,5.1767,68.5536,1.4587125986089715,3.717987401391029
2021-12-02,5.1289,68.2972,1.4641888686505449,3.664711131349455
2021-12-03,5.0939,68.6418,1.456838253076114,3.6370617469238855
2021-12-06,5.0889,66.9879,1.4928069099046246,3.5960930900953754
2021-12-07,5.0416,66.1592,1.511505580478603,3.530094419521397
2021-12-08,5.0493,67.2281,1.4874732440750222,3.5618267559249777
2021-12-09,5.0061,68.2045,1.4661789178133409,3.539921082186659
2021-12-10,5.0251,68.4761,1.4603635429003696,3.5647364570996305
2021-12-13,5.5782,68.7827,1.4538539487400173,4.124346051259982
2021-12-14,5.6249,68.5532,1.4587211100284159,4.166178889971585
2021-12-15,5.6113,67.7132,1.4768169278663539,4.134483072133646
2021-12-16,5.5389,68.0843,1.468767395713843,4.070132604286157
2021-12-17,5.5708,67.0946,1.4904329111433707,4.0803670888566295
2021-12-20,5.5935,64.9128,1.54052821631481,4.05297178368519
2021-12-21,5.5301,65.45,1.5278838808250572,4.002216119174943
2021-12-22,5.5526,65.5376,1.5258416542564879,4.026758345743512
2021-12-23,5.5186,65.7177,1.5216600702702623,3.996939929729738
2021-12-24,5.5398,64.1205,1.55956363409518,3.98023636590482
2021-12-27,5.5224,64.033,1.5616947511439414,3.960705248856059
2021-12-28,5.5309,64.6487,1.5468215138123427,3.9840784861876575
2021-12-29,5.5611,63.7017,1.5698168180754988,3.991283181924501
2021-12-30,5.5629,64.3934,1.5529541847456416,4.009945815254358
2021-12-31,5.5301,64.6003,1.5479804273354767,3.9821195726645233
2022-01-04,5.4934,62.5618,1.5984194828153921,3.8949805171846084
2022-01-05,5.4644,61.0103,1.6390675017169232,3.8253324982830774
2022-01-06,5.4805,60.3494,1.6570173025746735,3.8234826974253266
2022-01-07,5.4154,59.8738,1.6701796111153793,3.7452203888846207
2022-01-10,5.3839,60.0729,1.6646441240559389,3.719255875944061
2022-01-11,5.3788,59.4753,1.6813702494985314,3.6974297505014686
2022-01-12,5.4075,61.0775,1.6372641316360361,3.7702358683639634
2022-01-13,5.406,60.3316,1.6575061824980606,3.748493817501939
2022-01-14,5.5076,61.1056,1.6365112199209237,3.8710887800790763
2022-01-17,5.5073,62.2808,1.6056312699901094,3.9016687300098907
2022-01-18,5.4041,62.013,1.612565107316208,3.7915348926837917
2022-01-19,5.3772,60.595,1.6503011799653438,3.7268988200346564
2022-01-20,5.3459,60.4275,1.6548756774647304,3.69102432253527
2022-01-21,5.3883,59.6669,1.6759710995543593,3.712328900445641
2022-01-24,5.3876,60.4129,1.6552756116657203,3.7323243883342796
2022-01-25,5.5044,59.0783,1.69266888180601,3.8117311181939906
2022-01-26,5.4845,59.5358,1.6796616489574339,3.804838351042566
2022-01-27,5.5133,57.6411,1.7348732067916817,3.778426793208318
2022-01-28,5.5702,57.5542,1.7374926590935154,3.8327073409064845
2022-02-07,5.4281,57.6191,1.735535612322997,3.6925643876770025
2022-02-08,5.3166,55.759,1.793432450366757,3.5231675496332433
2022-02-09,5.3286,55.707,1.7951065395731236,3.533493460426876
2022-02-10,5.2595,54.3887,1.8386172127666225,3.420882787233378
2022-02-11,5.2382,51.6484,1.9361684001827741,3.3020315998172256
2022-02-14,5.3384,51.9368,1.925417045332019,3.412982954667981
2022-02-15,5.3875,53.6793,1.8629155000158348,3.524584499984165
2022-02-16,5.3492,53.7545,1.8603093694481392,3.4888906305518605
2022-02-17,5.3549,54.1366,1.8471791726853921,3.507720827314608
2022-02-18,5.2851,53.7993,1.8587602440923952,3.4263397559076045
2022-02-21,5.2873,53.3061,1.8759579110083087,3.4113420889916917
2022-02-22,5.3147,52.864,1.8916464891041163,3.423053510895884
2022-02-23,5.3558,54.1898,1.8453657330346303,3.51043426696537
2022-02-24,5.4297,52.9743,1.8877078130338674,3.541992186966133
2022-02-25,5.4544,54.3784,1.8389654715843056,3.615434528415694
2022-02-28,5.4429,55.5767,1.7993151806422474,3.6435848193577525
2022-03-01,5.397,55.1803,1.8122409628073786,3.5847590371926215
2022-03-02,5.3744,54.2542,1.8431752749095924,3.531224725090407
2022-03-03,5.3142,53.6407,1.8642560592982567,3.449943940701743
2022-03-04,5.3377,52.7904,1.8942838091774263,3.4434161908225738
2022-03-07,5.3938,50.7646,1.969876646324407,3.4239233536755926
2022-03-08,5.5211,49.9079,2.003690798450746,3.5174092015492535
2022-03-09,5.5775,49.7225,2.0111619488159285,3.566338051184071
2022-03-10,5.5648,51.04,1.9592476489028214,3.6055523510971783
2022-03-11,5.5376,51.1032,1.9568246215501182,3.580775378449882
2022-03-14,5.6108,50.2092,1.9916668658333532,3.6191331341666473
2022-03-15,5.8847,49.0014,2.0407580191586363,3.8439419808413633
2022-03-16,5.7591,51.1985,1.953182222135414,3.805917777864586
2022-03-17,5.7304,52.5293,1.9036994591589838,3.8267005408410166
2022-03-18,5.6233,52.4559,1.906363249891814,3.7169367501081867
2022-03-21,5.6408,53.1464,1.8815949904414975,3.759205009558502
2022-03-22,5.5425,52.1807,1.916417372706767,3.6260826272932336
2022-03-23,5.5624,52.5602,1.902580279374888,3.659819720625112
2022-03-24,5.5638,52.3717,1.9094281835418747,3.654371816458125
2022-03-25,5.5623,50.9942,1.9610073302454005,3.6012926697545993
2022-03-28,5.4739,50.0623,1.9975111011679447,3.476388898832056
2022-03-29,5.454,49.8635,2.0054749466042296,3.44852505339577
2022-03-30,5.4081,51.6488,1.9361534053066092,3.471946594693391
2022-03-31,5.3541,50.9918,1.9610996277832908,3.393000372216709
2022-04-01,5.2994,50.9049,1.9644474304045387,3.334952569595462
2022-04-06,5.2381,50.019,1.9992402886902978,3.2388597113097024
2022-04-07,5.2804,49.0207,2.0399545498126304,3.24044545018737
2022-04-08,5.2202,48.9663,2.0422208743564454,3.177979125643555
2022-04-11,5.2802,46.9309,2.1307922924981195,3.1494077075018803
2022-04-12,5.2908,47.819,2.0912189715385097,3.1995810284614903
2022-04-13,5.2784,46.7874,2.1373275710982016,3.141072428901799
2022-04-14,5.2319,46.572,2.1472129176329124,3.084687082367088
2022-04-15,5.233,46.5497,2.148241556873621,3.0847584431263786
2022-04-18,5.3179,47.3723,2.11093824872341,3.20696175127659
2022-04-19,5.2794,46.573,2.1471668133897324,3.1322331866102675
2022-04-20,5.3648,45.0185,2.221309017403956,3.143490982596044
2022-04-21,5.3983,44.2364,2.260581783327757,3.137718216672243
2022-04-22,5.3289,40.0502,2.496866432627053,2.832033567372947
2022-04-25,5.5059,37.8974,2.6387034466744423,2.8671965533255572
2022-04-26,5.5158,37.4089,2.673160664975447,2.8426393350245527
2022-04-27,5.5198,39.4042,2.5378005390288343,2.9819994609711657
2022-04-28,5.4151,38.3895,2.604878938251345,2.810221061748655
2022-04-29,5.4435,39.8583,2.5088877348005307,2.9346122651994695
2022-05-05,5.4387,39.8494,2.509448071991046,2.929251928008954
2022-05-06,5.5408,39.1105,2.5568581327265054,2.9839418672734945
2022-05-09,5.5507,38.8851,2.5716791264520342,2.9790208735479657
2022-05-10,5.5659,39.8224,2.511149503796858,3.054750496203142
2022-05-11,5.61,41.4111,2.4148114877412095,3.195188512258791
2022-05-12,5.6455,41.547,2.406912653139818,3.2385873468601822
2022-05-13,5.5491,41.0008,2.438976800452674,3.110123199547326
2022-05-16,5.563,40.4372,2.4729704331655014,3.0900295668344984
2022-05-17,5.5745,41.2211,2.4259420539480994,3.1485579460519
2022-05-18,5.5929,41.309,2.4207799753080446,3.1721200246919556
2022-05-19,5.5786,41.8346,2.3903658693999703,3.1882341306000295
2022-05-20,5.5452,42.3631,2.3605449081866055,3.184655091813395
2022-05-23,5.4594,42.0809,2.376375030001735,3.083024969998265
2022-05-24,5.4917,40.3917,2.4757561578245038,3.015943842175496
2022-05-25,5.4616,40.4958,2.469391887553771,2.992208112446229
2022-05-26,5.4308,40.1339,2.4916591709253275,2.939140829074672
2022-05-27,5.4405,40.2287,2.4857875099120776,2.9547124900879225
2022-05-30,5.4858,40.6997,2.4570205677191725,3.0287794322808277
2022-05-31,5.498,41.7232,2.3967480921885187,3.1012519078114815
2022-06-01,5.4989,42.2214,2.3684671754134157,3.1304328245865842
2022-06-02,5.4968,43.2208,2.313700810720764,3.183099189279236
2022-06-06,4.9593,45.1271,2.2159633568299317,2.743336643170068
2022-06-07,4.9881,45.0741,2.2185689786373994,2.7695310213626008
2022-06-08,4.9706,45.2984,2.207583490807622,2.763016509192378
2022-06-09,4.9491,43.8163,2.282255690234,2.6668443097659997
2022-06-10,5.2749,44.91,2.2266755733689605,3.048224426631039
2022-06-13,5.3045,44.9761,2.2234030963111517,3.0810969036888483
2022-06-14,5.2245,44.5313,2.245611513699353,2.978888486300647
2022-06-15,5.2296,44.7507,2.234601916841524,2.9949980831584755
2022-06-16,5.5702,45.0391,2.220293034274664,3.349906965725336
2022-06-17,5.6062,46.16,2.1663778162911616,3.4398221837088387
2022-06-20,4.6125,47.0789,2.124093808478958,2.488406191521042
2022-06-21,4.7012,46.7534,2.1388818781093994,2.5623181218906006
2022-06-22,4.7426,46.3804,2.1560831730644843,2.586516826935516
2022-06-23,4.6932,47.6381,2.0991601260335737,2.5940398739664263
2022-06-24,4.7962,48.8588,2.0467142050152685,2.7494857949847313
2022-06-27,4.6674,48.6186,2.056825988407729,2.610574011592271
2022-06-28,4.6506,48.9641,2.0423126331332546,2.6082873668667452
2022-06-29,4.7931,47.7785,2.0929916175685714,2.7001083824314285
2022-06-30,4.7827,48.2558,2.072289755842821,2.7104102441571793
2022-07-01,4.5673,47.6396,2.099094031016213,2.468205968983787
2022-07-04,4.559,48.6804,2.054214838004618,2.504785161995382
2022-07-05,4.5393,48.5519,2.0596516305232133,2.4796483694767866
2022-07-06,4.6801,48.3404,2.068663064434717,2.6114369355652833
2022-07-07,3.944,49.2767,2.0293566736408892,1.9146433263591107
2022-07-08,4.1264,48.8611,2.046617861652726,2.0797821383472743
2022-07-11,4.4657,47.9017,2.087608581741358,2.378091418258642
2022-07-12,5.5329,46.6703,2.1426903191108693,3.3902096808891304
2022-07-13,5.2529,47.6185,2.1000241502777284,3.152875849722272
2022-07-14,5.2612,48.8716,2.046178148454317,3.2150218515456825
2022-07-15,6.9918,47.8804,2.088537272036157,4.903262727963843
2022-07-18,6.4809,48.336,2.068851373717312,4.412048626282688
2022-07-19,6.47,47.1181,2.122326664275512,4.347673335724488
2022-07-20,6.4546,47.4234,2.1086636554949667,4.345936344505033
2022-07-21,6.7973,47.4709,2.1065536992136233,4.690746300786376
2022-07-22,6.6831,47.5921,2.1011890628906897,4.58191093710931
2022-07-25,6.5914,46.9245,2.1310829097806048,4.460317090219395
2022-07-26,6.5493,47.2008,2.1186081591837427,4.430691840816257
2022-07-27,6.5689,47.3102,2.11370909444475,4.45519090555525
2022-07-28,6.7174,47.3795,2.110617461138256,4.606782538861744
2022-07-29,6.7747,46.6834,2.142089050926025,4.632610949073975
2022-08-01,6.562,47.7339,2.0949471968559035,4.467052803144097
2022-08-02,6.6618,47.0227,2.1266324562392205,4.53516754376078
2022-08-03,6.717,46.3483,2.157576437539241,4.559423562460759
2022-08-04,6.663,45.1461,2.215030755702043,4.447969244297957
2022-08-05,6.6562,46.224,2.163378331602631,4.492821668397369
2022-08-08,6.6318,45.9092,2.1782126458313367,4.453587354168663
2022-08-09,6.6303,46.5437,2.1485184890758577,4.481781510924142
2022-08-10,6.6587,45.8665,2.180240480525002,4.478459519474997
2022-08-11,6.5675,46.6722,2.1426030913477403,4.42489690865226
2022-08-12,6.5368,46.0047,2.1736909489682574,4.363109051031743
2022-08-15,6.5307,46.4678,2.152027855848566,4.378672144151434
2022-08-16,6.5329,46.6516,2.1435492030284062,4.389350796971593
2022-08-17,6.4026,47.3677,2.111143247402766,4.291456752597234
2022-08-18,6.4549,47.6688,2.097808209982211,4.3570917900177895
2022-08-19,6.3814,46.661,2.1431173785388227,4.2382826214611775
2022-08-22,6.3611,47.055,2.1251726702794604,4.23592732972054
2022-08-23,6.3647,46.9861,2.1282890046205156,4.236410995379485
2022-08-24,6.4043,43.5944,2.2938726074908704,4.11042739250913
2022-08-25,6.4157,43.1437,2.3178355124850207,4.097864487514979
2022-08-26,6.3094,43.0891,2.320772538762703,3.988627461237297
2022-08-29,6.3167,43.6084,2.293136184771741,4.023563815228259
2022-08-30,6.3383,44.2245,2.2611900643308576,4.077109935669142
2022-08-31,6.3089,43.5944,2.2938726074908704,4.01502739250913
2022-09-01,6.2916,43.1405,2.3180074408038847,3.973592559196115
2022-09-02,6.3113,43.0899,2.3207294516812524,3.9905705483187477
2022-09-05,6.2336,43.1981,2.314916628277633,3.9186833717223672
2022-09-06,6.1805,43.233,2.313047903222076,3.8674520967779245
2022-09-07,6.2007,43.9773,2.2739003986147397,3.9267996013852606
2022-09-08,6.2092,43.0847,2.321009546312264,3.888190453687736
2022-09-09,6.1405,43.2577,2.311727160713584,3.828772839286416
2022-09-13,6.1534,43.3341,2.307651480012277,3.8457485199877235
2022-09-14,6.1936,42.6145,2.3466191085194006,3.8469808914805994
2022-09-15,6.1847,41.2428,2.4246656386084355,3.7600343613915648
2022-09-16,6.3282,40.8373,2.4487417140702252,3.8794582859297746
2022-09-19,6.3048,40.5794,2.464304548613336,3.8404954513866643
2022-09-20,6.3429,40.9414,2.442515400059597,3.900384599940403
2022-09-21,6.3172,40.3487,2.478394595117067,3.8388054048829328
2022-09-22,6.3004,40.276,2.482868209355447,3.8175317906445527
2022-09-23,6.3068,40.0026,2.4998375105618136,3.8069624894381864
2022-09-26,6.4121,40.3086,2.4808601638360055,3.931239836163994
2022-09-27,6.4023,40.971,2.4407507749383712,3.961549225061629
2022-09-28,6.4234,39.9572,2.502677865315888,3.920722134684112
2022-09-29,6.4458,40.3565,2.4779155774162778,3.9678844225837224
2022-09-30,6.3921,39.4581,2.534333888352455,3.8577661116475452
2022-10-10,6.3714,38.3185,2.609705494734919,3.761694505265081
2022-10-11,6.3927,38.7428,2.5811247509214614,3.811575249078538
2022-10-12,6.3453,40.381,2.4764121740422476,3.8688878259577524
2022-10-13,6.4626,40.3555,2.4779769795938598,3.9846230204061404
2022-10-14,6.4296,41.9243,2.385251512845772,4.0443484871542275
2022-10-17,6.3589,41.7974,2.39249331298119,3.9664066870188104
2022-10-18,6.3741,41.8728,2.3881851703253663,3.985914829674634
2022-10-19,6.4123,41.6939,2.3984323845934297,4.01386761540657
2022-10-20,6.4431,41.3555,2.4180580575739623,4.0250419424260375
2022-10-21,6.4154,41.4353,2.413401133815853,4.001998866184147
2022-10-24,6.5272,38.775,2.5789813023855577,3.948218697614442
2022-10-25,6.5389,38.5838,2.5917613091504728,3.947138690849527
2022-10-26,6.6039,39.8172,2.5114774519554364,4.0924225480445635
2022-10-27,6.6241,39.094,2.5579372793779096,4.06616272062209
2022-10-28,6.6871,37.1131,2.6944663744068804,3.9926336255931196
2022-10-31,6.8404,37.3633,2.676423121084058,4.163976878915942
2022-11-01,6.8005,38.2358,2.6153500122921454,4.185149987707855
2022-11-02,6.7718,38.7452,2.5809648679062183,4.190835132093781
2022-11-03,6.8073,38.8255,2.5756268431829596,4.23167315681704
2022-11-04,6.6934,39.9431,2.50356131597197,4.18983868402803
2022-11-07,6.6654,39.9735,2.5016573479930453,4.163742652006954
2022-11-08,6.6774,39.6123,2.524468410064551,4.152931589935449
2022-11-09,6.6768,38.9976,2.5642603647403943,4.112539635259606
2022-11-10,6.6712,38.092,2.6252231439672373,4.0459768560327625
2022-11-11,6.5323,38.4682,2.5995497579819173,3.932750242018083
2022-11-14,6.5262,38.1206,2.62325356893648,3.90294643106352
2022-11-15,6.4866,39.0056,2.5637344381319607,3.9228655618680395
2022-11-16,6.5124,38.4944,2.5977804563780706,3.9146195436219298
2022-11-17,6.5351,38.2776,2.61249399126382,3.92260600873618
2022-11-18,6.5719,38.2498,2.6143927549947974,3.957507245005203
2022-11-21,6.5714,38.3263,2.609174378951268,3.9622256210487317
2022-11-22,6.4917,37.6689,2.654709853486563,3.8369901465134366
2022-11-23,6.4393,37.6964,2.652773209112807,3.7865267908871933
2022-11-24,6.4351,37.5634,2.6621658316339842,3.772934168366016
2022-11-25,6.3013,37.0931,2.6959191871264467,3.6053808128735536
2022-11-28,6.3577,36.9165,2.708815841155039,3.6488841588449614
2022-11-29,6.2175,37.2674,2.683310346308033,3.5341896536919672
2022-11-30,6.2323,37.3617,2.6765377378438346,3.5557622621561658
2022-12-01,6.2832,37.8914,2.6391212781792177,3.644078721820782
2022-12-02,6.3177,37.7947,2.6458736277837898,3.6718263722162106
2022-12-05,6.1956,37.6666,2.654871955525585,3.540728044474415
2022-12-06,6.2003,37.9537,2.6347892300355436,3.565510769964457
2022-12-07,6.2633,38.2128,2.616924172005192,3.646375827994808
2022-12-08,6.2421,38.2469,2.6145909864590333,3.6275090135409664
2022-12-09,6.2138,38.2747,2.612691934881266,3.601108065118734
2022-12-12,6.4634,38.8489,2.5740754564479302,3.88932454355207
2022-12-13,6.4263,38.2644,2.613395218532108,3.8129047814678922
2022-12-14,6.4322,38.0657,2.627036938766396,3.805163061233604
2022-12-15,6.4924,38.698,2.5841128740503385,3.9082871259496614
2022-12-16,6.423,38.3382,2.6083645032891476,3.8146354967108524
2022-12-19,6.5278,37.8731,2.6403964819357273,3.8874035180642728
2022-12-20,6.5946,37.4831,2.6678689862898213,3.9267310137101785
2022-12-21,6.5854,37.1616,2.690949797640575,3.8944502023594247
2022-12-22,6.5897,36.8211,2.7158341277148157,3.873865872285184
2022-12-23,6.5974,36.6126,2.7313001534990686,3.8660998465009317
2022-12-26,6.6241,37.587,2.6604943198446267,3.9636056801553736
2022-12-27,6.5477,37.9305,2.636400785647434,3.911299214352566
2022-12-28,6.5232,37.6311,2.657376478497838,3.865823521502162
2022-12-29,6.5804,37.8207,2.6440547107800754,3.9363452892199247
2022-12-30,6.5344,37.7413,2.6496172627863905,3.8847827372136092
2023-01-03,6.5223,38.0382,2.6289361746875506,3.89336382531245
2023-01-04,6.4604,37.6402,2.6567340237299484,3.8036659762700515
2023-01-05,6.4518,38.5904,2.5913180480119404,3.86048195198806
2023-01-06,6.4512,39.11,2.5568908207619536,3.8943091792380464
2023-01-09,6.4626,39.1787,2.5524073029477754,3.9101926970522247
2023-01-10,6.5067,39.7008,2.5188409301575785,3.987859069842422
2023-01-11,6.4527,39.1411,2.554859214482986,3.897840785517014
2023-01-12,6.4639,39.3322,2.5424461382785606,3.921453861721439
2023-01-13,6.4086,39.6799,2.5201676415515157,3.888432358448484
2023-01-16,6.4078,40.34,2.4789291026276645,3.9288708973723354
2023-01-17,6.419,40.5552,2.4657750424113307,3.953224957588669
2023-01-18,6.4214,40.6177,2.4619808605607902,3.95941913943921
2023-01-19,6.4178,41.002,2.4389054192478414,3.9788945807521583
2023-01-20,6.3759,41.345,2.4186721489902046,3.957227851009795
2023-01-30,6.4087,41.9981,2.3810600955757524,4.027639904424247
2023-01-31,6.4135,41.3202,2.4201238135343006,3.9933761864656994
2023-02-01,6.4057,41.7875,2.3930601256356567,4.012639874364344
2023-02-02,6.4065,41.602,2.403730589875487,4.002769410124513
2023-02-03,6.4545,41.3325,2.4194036170084074,4.035096382991593
2023-02-06,6.4823,40.7346,2.454915477260118,4.027384522739883
2023-02-07,6.4559,40.5331,2.4671194653258697,3.98878053467413
2023-02-08,6.4651,40.351,2.4782533270550915,3.986846672944908
2023-02-09,6.4237,41.1079,2.4326224399689598,3.9910775600310404
2023-02-10,6.4265,40.5976,2.463199795061777,3.9633002049382227
2023-02-13,6.4336,41.0306,2.4372054027969368,3.9963945972030634
2023-02-14,6.4162,40.8561,2.4476149216396084,3.9685850783603915
2023-02-15,6.4504,40.704,2.456761006289308,3.993638993710692
2023-02-16,6.4762,40.1784,2.488899508193457,3.9873004918065433
2023-02-17,6.4851,39.0875,2.5583626479053407,3.9267373520946594
2023-02-20,6.3597,39.4985,2.531741711710571,3.827958288289429
2023-02-21,6.3164,39.2762,2.5460711575967125,3.7703288424032873
2023-02-22,6.342,39.0002,2.564089414926077,3.7779105850739225
2023-02-23,6.3343,39.195,2.5513458349279245,3.7829541650720753
2023-02-24,6.3674,38.6389,2.588065395236407,3.779334604763593
2023-02-27,6.4399,38.7465,2.58087827287626,3.8590217271237397
2023-02-28,6.4129,37.0729,2.697388119084291,3.7155118809157086
2023-03-01,6.3695,37.3255,2.679133568204043,3.6903664317959572
2023-03-02,6.3441,36.902,2.7098802232941304,3.6342197767058697
2023-03-03,6.2816,37.1121,2.6945389778535844,3.5870610221464156
2023-03-06,6.3188,37.4271,2.671860763991867,3.6469392360081336
2023-03-07,6.2933,36.8261,2.7154653900358716,3.5778346099641287
2023-03-08,6.3034,36.769,2.7196823411025592,3.5837176588974406
2023-03-09,6.3264,36.7964,2.717657162113685,3.6087428378863144
2023-03-10,6.4211,35.5667,2.811618733253296,3.609481266746704
2023-03-13,6.3312,35.6436,2.8055527500028057,3.5256472499971943
2023-03-14,6.3565,35.8121,2.792352305505681,3.5641476944943187
2023-03-15,6.296,35.6216,2.807285467244593,3.488714532755407
2023-03-16,6.2983,35.0852,2.850204644693489,3.4480953553065112
2023-03-17,6.2566,35.184,2.8422010004547524,3.4143989995452473
2023-03-20,6.2561,35.3045,2.8325001062187543,3.4235998937812457
2023-03-21,6.3068,35.8972,2.785732591957033,3.521067408042967
2023-03-22,6.2578,36.0552,2.773525039384056,3.4842749606159438
2023-03-23,6.2307,36.3381,2.7519325446294665,3.4787674553705332
2023-03-24,6.3041,36.1626,2.765287894122657,3.538812105877343
2023-03-27,6.3737,36.2236,2.7606311907154453,3.613068809284555
2023-03-28,6.3471,35.8137,2.7922275553768534,3.5548724446231468
2023-03-29,6.352,36.5385,2.736839224379764,3.6151607756202364
2023-03-30,6.2852,36.6161,2.7310390784381733,3.5541609215618264
2023-03-31,6.2955,36.8662,2.7125117316132394,3.58298826838676
2023-04-03,6.2957,37.5406,2.663782677954002,3.631917322045998
2023-04-04,6.2209,37.4165,2.6726176954017613,3.548282304598239
2023-04-06,6.2352,37.7034,2.652280696170637,3.582919303829363
2023-04-07,6.2305,38.0033,2.6313504353569295,3.5991495646430707
2023-04-10,6.1529,37.7491,2.6490697791470526,3.5038302208529473
2023-04-11,6.1184,37.5957,2.6598786563356978,3.4585213436643025
2023-04-12,6.0593,37.5649,2.662059528975187,3.3972404710248134
2023-04-13,6.0525,36.9863,2.703703803840882,3.3487961961591184
2023-04-14,6.0467,37.6757,2.654230711041865,3.3924692889581354
2023-04-17,5.931,37.8779,2.640061883050539,3.290938116949461
2023-04-18,5.8908,37.6849,2.653582734729295,3.2372172652707047
2023-04-19,5.9078,37.6941,2.6529350747199163,3.2548649252800836
2023-04-20,5.8975,37.6495,2.656077769957104,3.241422230042896
2023-04-21,5.9625,34.8272,2.8713189690816376,3.0911810309183627
2023-04-24,5.9612,34.5719,2.892522539981893,3.068677460018107
2023-04-25,5.9071,33.2456,3.007916837115287,2.8991831628847127
2023-04-26,5.9317,33.2387,3.008541248604789,2.9231587513952113
2023-04-27,5.9158,33.1475,3.016818764612716,2.898981235387284
2023-04-28,5.8966,34.2263,2.9217297808994838,2.9748702191005165
2023-05-04,5.6841,33.4158,2.992596316712454,2.691503683287546
2023-05-05,5.6516,33.1727,3.01452700564018,2.63707299435982
2023-05-08,5.4218,33.3085,3.0022366663164055,2.4195633336835947
2023-05-09,5.4437,32.6316,3.0645141519263537,2.379185848073646
2023-05-10,5.6378,32.6432,3.0634251543966275,2.574374845603373
2023-05-11,5.6602,32.9345,3.0363296846771624,2.6238703153228373
2023-05-12,5.6826,32.8227,3.046671967875891,2.635928032124109
2023-05-15,5.6529,33.4358,2.990806261551989,2.662093738448011
2023-05-16,5.6695,33.3891,2.9949893827626384,2.674510617237362
2023-05-17,5.6851,33.4281,2.9914951792055184,2.693604820794482
2023-05-18,5.608,33.2183,3.0103888519280035,2.597611148071996
2023-05-19,5.6839,33.2345,3.008921452105493,2.6749785478945074
2023-05-22,5.6638,33.168,3.014954172696575,2.648845827303425
2023-05-23,5.7705,32.7227,3.055982544227707,2.714517455772293
2023-05-24,5.911,32.5908,3.0683505774635784,2.842649422536421
2023-05-25,5.9163,32.7777,3.0508546969433485,2.865445303056651
2023-05-26,5.8856,32.7573,3.05275465316128,2.8328453468387202
2023-05-29,5.77,32.4393,3.082680575721424,2.6873194242785754
2023-05-30,5.8244,32.8494,3.0441956321881065,2.7802043678118933
2023-05-31,5.8589,32.8154,3.047349719948561,2.8115502800514394
2023-06-01,5.8563,32.8505,3.044093697204,2.812206302796
2023-06-02,5.828,33.0261,3.0279082301573603,2.80009176984264
2023-06-05,5.7425,32.6503,3.062758994557477,2.679741005442523
2023-06-06,5.7663,32.0442,3.1206895475624297,2.6456104524375705
2023-06-07,5.7339,31.5121,3.1733841921039856,2.5605158078960146
2023-06-08,5.6424,31.2596,3.1990172618971453,2.443382738102855
2023-06-09,5.6363,31.8836,3.1364086865974983,2.499891313402502
2023-06-12,5.3863,31.4285,3.181825413239576,2.2044745867604245
2023-06-13,5.3858,31.6808,3.1564859473245623,2.2293140526754374
2023-06-14,5.4591,31.5602,3.1685477278344245,2.2905522721655758
2023-06-15,5.4572,32.3645,3.0898051877829102,2.36739481221709
2023-06-16,5.4757,32.8386,3.0451968110698995,2.4305031889301003
2023-06-19,5.531,32.7232,3.055935849794641,2.4750641502053585
2023-06-20,5.6371,32.627,3.064946210194011,2.572153789805989
2023-06-21,5.9659,31.8206,3.1426183038660493,2.823281696133951
2023-06-26,5.9252,31.6699,3.1575723320881974,2.767627667911803
2023-06-27,5.8374,31.7353,3.1510652175968086,2.686334782403191
2023-06-28,5.8861,31.6808,3.1564859473245623,2.7296140526754376
2023-06-29,6.0306,31.523,3.172286901627383,2.8583130983726166
2023-06-30,6.0158,31.9432,3.1305567382103234,2.885243261789676
2023-07-03,5.7691,32.0802,3.1171875487060556,2.6519124512939443
2023-07-04,5.8131,32.2136,3.1042789380882607,2.7088210619117397
2023-07-05,6.2667,32.0105,3.1239749457209354,3.142725054279065
2023-07-06,6.4211,31.6791,3.1566553342740167,3.2644446657259834
2023-07-07,6.3449,31.2825,3.196675457524175,3.148224542475825
2023-07-10,5.975,31.7268,3.1519094267307133,2.8230905732692864
2023-07-11,5.947,31.9739,3.1275509087099165,2.8194490912900836
2023-07-12,5.8471,31.6619,3.1583701546653864,2.688729845334614
2023-07-13,4.9176,32.068,3.118373456405139,1.7992265435948611
2023-07-14,4.9911,31.9121,3.1336076284544108,1.8574923715455895
2023-07-17,5.1484,31.653,3.159258206173191,1.9891417938268088
2023-07-18,5.9329,31.5735,3.167213010911049,2.7656869890889513
2023-07-19,6.0489,31.2355,3.20148548926702,2.8474145107329796
2023-07-20,6.2074,30.9807,3.2278160273977026,2.9795839726022972
2023-07-21,6.5578,30.8446,3.2420585775143786,3.3157414224856216
2023-07-24,6.2113,30.6268,3.265114213695195,2.9461857863048047
2023-07-25,6.0861,31.185,3.20666987333654,2.87943012666346
2023-07-26,6.1089,30.4053,3.2889002904098956,2.8199997095901046
2023-07-27,6.071,30.2657,3.3040702841830853,2.7669297158169144
2023-07-28,5.9535,30.568,3.27139492279508,2.68210507720492
2023-07-31,5.8123,30.9008,3.236162170558691,2.5761378294413086
2023-08-01,5.8018,30.7617,3.2507956322309886,2.5510043677690115
2023-08-02,5.9039,30.7758,3.2493062731106908,2.6545937268893094
2023-08-03,5.8589,31.0572,3.2198652808366495,2.6390347191633508
2023-08-04,5.8774,31.998,3.125195324707794,2.7522046752922056
2023-08-07,5.7819,31.675,3.1570639305445933,2.624836069455407
2023-08-08,5.7983,31.6189,3.162665367865422,2.635634632134578
2023-08-09,5.8526,31.5419,3.170386057910272,2.682213942089728
2023-08-10,5.8631,31.5604,3.1685276485722613,2.694572351427739
2023-08-11,5.9698,30.8489,3.241606669929884,2.728193330070116
2023-08-14,6.0085,30.5341,3.2750269370965577,2.733473062903442
2023-08-15,5.9379,29.8429,3.3508807790127633,2.5870192209872367
2023-08-16,5.9454,29.6139,3.3767926548006173,2.568607345199383
2023-08-17,5.9581,29.8011,3.355580834264507,2.602519165735493
2023-08-18,5.9653,29.5987,3.3785267596211996,2.5867732403788004
2023-08-21,6.0445,29.0961,3.436886730524022,2.607613269475978
2023-08-22,5.9719,29.0009,3.448168849932243,2.5237311500677566
2023-08-23,5.9713,28.3451,3.5279466292233934,2.443353370776607
2023-08-24,6.0154,28.6539,3.489926327655223,2.5254736723447766
2023-08-25,6.0445,27.85,3.5906642728904847,2.4538357271095155
2023-08-28,5.8643,28.3709,3.5247383762940196,2.3395616237059804
2023-08-29,5.9245,29.1007,3.436343455655706,2.488156544344294
2023-08-30,5.9563,29.1395,3.43176787522092,2.5245321247790797
2023-08-31,5.9794,29.315,3.411222923418045,2.568177076581955
2023-09-01,5.9454,29.1755,3.427533375606245,2.517866624393755
2023-09-04,5.8654,29.498,3.3900603430741065,2.4753396569258936
2023-09-05,5.8937,29.3047,3.4124218981938053,2.4812781018061947
2023-09-06,5.8865,29.2171,3.422653172286093,2.463846827713907
2023-09-07,5.8981,28.2848,3.5354678131010293,2.362632186898971
2023-09-08,5.9318,28.1433,3.5532435784005427,2.3785564215994572
2023-09-11,5.9421,28.9673,3.4521684796304797,2.4899315203695203
2023-09-12,5.9464,28.7521,3.4780068238493884,2.4683931761506113
2023-09-13,5.9278,28.4281,3.517646272526127,2.4101537274738734
2023-09-14,5.8568,28.2132,3.544440191116215,2.3123598088837847
2023-09-15,6.0475,28.1457,3.552940591280373,2.4945594087196272
2023-09-18,6.0271,28.2098,3.5448673865110703,2.4822326134889297
2023-09-19,5.9711,28.0353,3.5669316896912107,2.404168310308789
2023-09-20,5.7947,27.8155,3.595117829986878,2.1995821700131217
2023-09-21,5.8269,27.6042,3.622637134928743,2.2042628650712572
2023-09-22,5.7833,28.251,3.5396977098155817,2.243602290184418
2023-09-25,5.789,28.1031,3.5583263056388796,2.23067369436112
2023-09-26,5.8148,27.9014,3.5840495459009225,2.2307504540990775
2023-09-27,5.855,28.0916,3.5597829956285865,2.295217004371414
2023-09-28,5.844,28.1125,3.5571365051133834,2.286863494886617
2023-10-09,5.831,28.0772,3.5616087074209677,2.2693912925790327
2023-10-10,5.8716,27.9005,3.584165158330496,2.287434841669504
2023-10-11,5.8718,28.2909,3.534705506010767,2.3370944939892335
2023-10-12,5.7939,28.4741,3.5119635036752697,2.28193649632473
2023-10-13,5.7695,28.1297,3.5549614819923425,2.2145385180076573
2023-10-16,5.7459,27.5037,3.6358744459836316,2.110025554016368
2023-10-17,5.7296,27.6628,3.614963055077577,2.1146369449224225
2023-10-18,5.7387,27.2083,3.6753490662775694,2.0633509337224303
2023-10-19,5.8559,27.0401,3.6982111752545297,2.1576888247454704
2023-10-20,5.8925,26.684,3.747564083345825,2.144935916654175
2023-10-23,5.921,26.2057,3.8159637025532613,2.105036297446739
2023-10-24,5.9446,26.1927,3.817857647359761,2.1267423526402394
2023-10-25,5.9508,26.0661,3.836400535561515,2.114399464438485
2023-10-26,5.8942,26.2052,3.816036511837345,2.0781634881626547
2023-10-27,5.8924,26.7853,3.7333910764486493,2.159008923551351
2023-10-30,5.9817,28.3167,3.531484954108353,2.450215045891647
2023-10-31,5.946,27.8526,3.59032908956435,2.35567091043565
2023-11-01,5.9338,27.7671,3.6013843721526557,2.332415627847344
2023-11-02,5.9011,27.5695,3.627196721014164,2.2739032789858356
2023-11-03,5.9368,27.964,3.576026319553712,2.3607736804462878
2023-11-06,5.9776,28.7606,3.4769789225537715,2.5006210774462283
2023-11-07,5.9681,28.6655,3.488514067432977,2.479585932567023
2023-11-08,5.9912,28.7894,3.4735006634386267,2.5176993365613733
2023-11-09,5.9312,28.6281,3.493071492694241,2.4381285073057586
2023-11-10,5.9447,28.778,3.4748766418792134,2.4698233581207867
2023-11-13,5.9533,28.8299,3.4686211190465457,2.484678880953454
2023-11-14,5.9561,28.8585,3.46518356809952,2.49091643190048
2023-11-15,5.9315,28.9227,3.457491866250385,2.474008133749615
2023-11-16,5.9298,28.422,3.518401238477236,2.411398761522764
2023-11-17,5.9561,28.5299,3.50509465508116,2.45100534491884
2023-11-20,5.9293,28.6007,3.496417919841123,2.4328820801588766
2023-11-21,5.9095,28.4588,3.513851603019101,2.3956483969808993
2023-11-22,5.9239,27.9854,3.5732917878608133,2.3506082121391865
2023-11-23,5.902,28.1675,3.550190822756723,2.351809177243277
2023-11-24,5.8959,27.8331,3.5928444909118995,2.3030555090881006
2023-11-27,5.9138,27.7758,3.6002563382512833,2.313543661748717
2023-11-28,5.9179,27.944,3.5785857429144006,2.3393142570856
2023-11-29,5.9525,27.616,3.6210892236384704,2.3314107763615293
2023-11-30,5.9147,27.7309,3.606085630109373,2.308614369890627
2023-12-01,5.9103,27.774,3.600489666594657,2.3098103334053435
2023-12-04,5.9196,27.4872,3.638056986524637,2.281543013475363
2023-12-05,5.9901,27.0077,3.7026477634156185,2.2874522365843815
2023-12-06,6.0347,27.1725,3.6801913699512374,2.3545086300487625
2023-12-07,6.0206,27.1141,3.6881179902707446,2.3324820097292553
2023-12-08,6.0178,27.5848,3.625184884429106,2.3926151155708943
2023-12-11,6.2842,27.453,3.642589152369504,2.641610847630496
2023-12-12,6.2134,27.2597,3.668418948117551,2.544981051882449
2023-12-13,6.263,26.8617,3.722772572100798,2.540227427899202
2023-12-14,6.2763,26.665,3.750234389649353,2.526065610350647
2023-12-15,6.3227,26.4356,3.782777769371605,2.5399222306283953
2023-12-18,6.2858,26.0711,3.8356647782410405,2.4501352217589596
2023-12-19,6.2858,26.2433,3.8104963933651637,2.4753036066348364
2023-12-20,6.2954,26.019,3.8433452477036014,2.4520547522963985
2023-12-21,6.3006,26.4734,3.777376536447906,2.5232234635520943
2023-12-22,6.2691,26.4287,3.783765376276548,2.485334623723452
2023-12-25,6.2368,26.3645,3.7929791955091128,2.443820804490887
2023-12-26,6.24,26.0331,3.8412636220811196,2.3987363779188806
2023-12-27,6.1979,26.0738,3.8352675866195187,2.362632413380481
2023-12-28,6.2301,27.009,3.7024695471879743,2.527630452812026
2023-12-29,6.1999,27.0991,3.6901594517899117,2.5097405482100887
2024-01-02,6.1692,26.6263,3.7556851684237014,2.4135148315762986
2024-01-03,6.0985,26.3003,3.8022379972852023,2.2962620027147973
2024-01-04,6.0465,25.9282,3.856804560285712,2.189695439714288
2024-01-05,6.0409,25.54,3.915426781519186,2.125473218480814
2024-01-08,6.0701,25.0496,3.9920797138477258,2.0780202861522743
2024-01-09,6.0548,25.1066,3.983016417993675,2.0717835820063253
2024-01-10,6.0968,24.9319,4.010925761775075,2.0858742382249247
2024-01-11,6.1726,25.3209,3.9493066992089534,2.2232933007910467
2024-01-12,6.1348,25.0216,3.996546983406337,2.138253016593663
2024-01-15,6.0937,24.8325,4.0269807711668175,2.0667192288331826
2024-01-16,6.0604,25.0551,3.9912033877334356,2.069196612266564
2024-01-17,6.1322,24.4017,4.098075134109508,2.034124865890492
2024-01-18,6.143,24.9004,4.015999742976017,2.127000257023983
2024-01-19,6.1615,24.8453,4.024906119064773,2.1365938809352274
2024-01-22,6.229,24.3599,4.105107163822511,2.1238928361774887
2024-01-23,6.2106,24.5675,4.070418235473695,2.1401817645263055
2024-01-24,6.0611,24.6536,4.056202745238018,2.004897254761982
2024-01-25,5.8853,25.0551,3.9912033877334356,1.8940966122665643
2024-01-26,5.771,24.4874,4.083732858531326,1.6872671414686735
2024-01-29,5.7351,23.6465,4.228955659399912,1.5061443406000885
2024-01-30,5.7738,22.9241,4.362221417634716,1.4115785823652836
2024-01-31,5.7487,22.9789,4.3518184073215,1.3968815926785005
2024-02-01,5.8123,23.1328,4.322866233227279,1.4894337667727209
2024-02-02,5.7799,22.6109,4.422645715119699,1.3572542848803009
2024-02-05,5.6856,23.0024,4.347372448092373,1.338227551907627
2024-02-06,5.6573,24.2226,4.128375979457201,1.5289240205427994
2024-02-07,5.651,24.7811,4.0353333790671115,1.6156666209328883
2024-02-08,5.6923,25.0823,3.9868752068191515,1.7054247931808488
2024-02-19,5.5277,25.4836,3.9240923574377247,1.6036076425622756
2024-02-20,5.4794,25.3593,3.9433265113784683,1.5360734886215317
2024-02-21,5.445,25.4652,3.9269277288220787,1.5180722711779215
2024-02-22,5.3604,25.3706,3.9415701638904874,1.4188298361095129
2024-02-23,5.3591,25.4415,3.930585853821512,1.4285141461784878
2024-02-26,5.492,25.5267,3.917466809262458,1.574533190737542
2024-02-27,5.4832,26.2103,3.815293987478205,1.667906012521795
2024-02-28,5.4449,25.5227,3.9180807673169373,1.5268192326830623
2024-02-29,5.4275,27.0743,3.693539629833458,1.733960370166542
2024-03-01,5.4274,27.3756,3.6528879732316373,1.7745120267683623
2024-03-04,5.3885,27.5188,3.633879384275477,1.7546206157245225
2024-03-05,5.3207,27.5782,3.6260524617270162,1.6946475382729842
2024-03-06,5.3627,27.5,3.6363636363636362,1.726336363636364
2024-03-07,5.3292,26.9372,3.71233832766583,1.6168616723341702
2024-03-08,5.324,27.1764,3.6796632372205296,1.6443367627794703
2024-03-11,5.3736,28.2468,3.5402240253763257,1.833375974623674
2024-03-12,5.5114,28.342,3.5283325100557477,1.9830674899442524
2024-03-13,5.5391,28.2225,3.543272211887678,1.9958277881123223
2024-03-14,5.516,27.9497,3.5778559340529594,1.9381440659470406
2024-03-15,5.5133,27.9143,3.5823932536370244,1.9309067463629757
2024-03-18,5.5317,28.6309,3.4927298827490576,2.0389701172509422
2024-03-19,5.5519,28.2379,3.541339830511476,2.010560169488524
2024-03-20,5.4933,28.3274,3.5301510198606296,1.96314898013937
2024-03-21,5.4797,28.0909,3.5598717022238517,1.9198282977761485
2024-03-22,5.4845,27.7399,3.6049156629980645,1.8795843370019352
2024-03-25,5.4458,27.3391,3.657764886188646,1.7880351138113544
2024-03-26,5.4427,27.3502,3.6562803928307654,1.7864196071692349
2024-03-27,5.4244,26.7016,3.745093926955688,1.6793060730443123
2024-03-28,5.472,26.9314,3.7131378242497606,1.7588621757502398
2024-03-29,5.3864,27.0894,3.691480800608356,1.6949191993916441
2024-04-01,5.3832,27.7836,3.5992455981226334,1.783954401877367
2024-04-02,5.3314,27.5842,3.625263737936935,1.7061362620630653
2024-04-03,5.3054,27.2123,3.67480881807124,1.6305911819287595
2024-04-08,5.269,26.6845,3.7474938634787986,1.5215061365212015
2024-04-09,5.3211,26.9429,3.7115529508701735,1.609547049129827
2024-04-10,5.2944,26.5146,3.7715070187745616,1.5228929812254388
2024-04-11,5.2909,26.4576,3.7796323173681667,1.511267682631833
2024-04-12,5.304,26.2795,3.80524743621454,1.4987525637854602
2024-04-15,5.1725,26.8455,3.72501909072284,1.4474809092771603
2024-04-16,5.1382,26.3387,3.796694597683257,1.3415054023167432
2024-04-17,5.0887,26.7411,3.7395619477134447,1.3491380522865555
2024-04-18,5.0884,26.5182,3.7709950147445905,1.3174049852554095
2024-04-19,5.0562,26.0479,3.839081077553277,1.2171189224467227
2024-04-22,5.1444,25.9085,3.8597371518999557,1.2846628481000444
2024-04-23,5.1951,25.7644,3.8813246184657904,1.3137753815342097
2024-04-24,5.1936,25.8927,3.862092404422868,1.3315075955771318
2024-04-25,5.159,25.8927,3.862092404422868,1.2969075955771316
2024-04-26,5.1926,26.9102,3.716063054157903,1.4765369458420965
2024-04-29,5.2314,27.8291,3.593360906389355,1.638039093610645
2024-04-30,5.2208,27.8896,3.5855659457288738,1.635234054271126
2024-05-06,5.2195,28.3712,3.5247011053462662,1.6947988946537338
2024-05-07,5.2009,28.2448,3.540474706848694,1.660425293151306
2024-05-08,5.1772,27.8426,3.5916185988377523,1.5855814011622478
2024-05-09,5.1718,28.3969,3.5215111508650594,1.6502888491349408
2024-05-10,5.1589,28.1548,3.5517922343614585,1.6071077656385415
2024-05-13,5.1413,27.9609,3.5764227903965895,1.5648772096034107
2024-05-14,5.1781,27.8917,3.585295984109968,1.5928040158900316
2024-05-15,5.1925,27.5995,3.6232540444573273,1.5692459555426725
2024-05-16,5.1769,27.6542,3.616087248953143,1.560812751046857
2024-05-17,5.1249,27.8293,3.59333508208974,1.5315649179102602
2024-05-20,5.0693,27.9048,3.5836128551360336,1.4856871448639666
2024-05-21,5.0645,27.6995,3.6101734688351774,1.4543265311648224
2024-05-22,5.0575,28.0641,3.5632712255158725,1.4942287744841276
2024-05-23,5.0888,27.7619,3.602058936888325,1.4867410631116749
2024-05-24,5.1378,27.2247,3.6731350575029293,1.464664942497071
2024-05-27,5.0664,27.4863,3.638176109552759,1.4282238904472409
2024-05-28,5.0556,27.2143,3.6745387535229637,1.3810612464770364
2024-05-29,5.0697,27.2772,3.666065431935829,1.403634568064171
2024-05-30,5.1318,27.4965,3.6368265051915696,1.4949734948084306
2024-05-31,5.1245,27.3754,3.652914660607699,1.471585339392301
2024-06-03,5.0949,27.7075,3.609131101687269,1.485768898312731
2024-06-04,5.1035,27.9811,3.573840914045552,1.5296590859544485
2024-06-05,5.1317,27.9391,3.579213360487632,1.5524866395123684
2024-06-06,5.1567,27.8099,3.5958417685788158,1.560858231421184
2024-06-07,5.7276,27.252,3.669455452810803,2.0581445471891966
2024-06-11,5.6614,27.5009,3.6362446319938617,2.0251553680061387
2024-06-12,5.641,27.3108,3.6615551356972333,1.9794448643027667
2024-06-13,5.7196,27.4021,3.6493553413789455,2.0702446586210543
2024-06-14,5.8444,27.3847,3.6516741099957275,2.1927258900042728
2024-06-17,5.7999,27.4328,3.6452713539995916,2.1546286460004085
2024-06-18,5.7821,27.4782,3.6392485679556885,2.1428514320443113
2024-06-19,5.7918,27.2487,3.669899848433136,2.121900151566864
2024-06-20,5.5724,27.1593,3.6819800215764027,1.8904199784235973
2024-06-21,5.5961,27.0834,3.692298603572668,1.903801396427332
2024-06-24,5.3288,26.6863,3.7472410937447305,1.5815589062552697
2024-06-25,5.3371,26.0726,3.835444106073042,1.5016558939269582
2024-06-26,5.6819,26.3927,3.7889264834594414,1.8929735165405583
2024-06-27,5.7512,26.0283,3.841972007391954,1.909227992608046
2024-06-28,5.7979,25.8381,3.870253617719569,1.927646382280431
2024-07-01,5.1794,25.6939,3.8919743596729184,1.2874256403270818
2024-07-02,5.1174,25.4099,3.9354739688074334,1.1819260311925666
2024-07-03,5.1604,25.4621,3.927405830626696,1.232994169373304
2024-07-04,5.1483,25.2732,3.9567605210262253,1.1915394789737745
2024-07-05,5.2273,25.4295,3.9324406693014016,1.294859330698598
2024-07-08,5.1261,25.1242,3.980226236059258,1.1458737639407421
2024-07-09,5.2643,25.5871,3.9082193761700235,1.356080623829977
2024-07-10,5.593,25.5559,3.9129907379509232,1.6800092620490767
2024-07-11,5.6626,25.9079,3.8598265393953195,1.8027734606046808
2024-07-12,5.8592,25.8863,3.863047248930902,1.9961527510690984
2024-07-15,5.3747,25.7797,3.879021090237668,1.495678909762332
2024-07-16,6.2394,26.256,3.8086532602071905,2.4307467397928093
2024-07-17,6.6817,26.2364,3.811498528761568,2.870201471238432
2024-07-18,5.5869,26.6711,3.749376666129256,1.837523333870744
2024-07-19,5.2336,27.0528,3.6964750414005203,1.5371249585994797
2024-07-22,4.8819,27.0631,3.6950681924834923,1.1868318075165076
2024-07-23,4.8648,26.1744,3.8205269270737823,1.0442730729262175
2024-07-24,4.9051,25.9445,3.854381468133901,1.050718531866099
2024-07-25,4.9577,25.9365,3.8555703352418407,1.1021296647581593
2024-07-26,5.0489,26.1492,3.8242087712052375,1.2246912287947622
2024-07-29,4.9883,25.3652,3.942409285162348,1.0458907148376517
2024-07-30,5.0783,25.3211,3.9492755054085324,1.1290244945914671
2024-07-31,5.086,26.1579,3.82293685655194,1.2630631434480604
2024-08-01,5.058,25.8612,3.8667965910321254,1.1912034089678745
2024-08-02,5.0765,25.4933,3.9225992711810553,1.153900728818945
2024-08-05,5.1453,25.0016,3.9997440163829516,1.1455559836170481
2024-08-06,5.1841,25.231,3.963378383734295,1.2207216162657049
2024-08-07,5.1607,25.1094,3.982572263773726,1.178127736226274
2024-08-08,5.1532,25.0305,3.9951259463454587,1.1580740536545413
2024-08-09,5.1278,24.8827,4.018856474578723,1.1089435254212763
2024-08-12,5.0632,24.8724,4.020520737845966,1.0426792621540342
2024-08-13,5.043,25.0491,3.992159398940481,1.050840601059519
2024-08-14,5.047,24.7103,4.046895424175344,1.0001045758246558
2024-08-15,4.9986,24.8919,4.0173711126912774,0.9812288873087223
2024-08-16,4.9557,24.9248,4.012068301450764,0.9436316985492361
2024-08-19,4.8908,24.9745,4.004084165849166,0.8867158341508334
2024-08-20,4.907,24.698,4.048910842983237,0.8580891570167628
2024-08-21,4.9317,24.6159,4.062414943187127,0.8692850568128732
2024-08-22,4.8948,24.5683,4.070285693352816,0.8245143066471838
2024-08-23,4.8767,24.6483,4.057074930116885,0.8196250698831147
2024-08-26,4.8201,24.414,4.096010485786843,0.7240895142131567
2024-08-27,4.765,24.5126,4.079534606692069,0.6854653933079309
2024-08-28,4.9093,24.4264,4.093931156453673,0.8153688435463273
2024-08-29,5.0606,24.7891,4.034031086243551,1.0265689137564493
2024-08-30,5.1206,25.6373,3.9005667523491163,1.2200332476508833
2024-09-02,5.0721,25.5872,3.9082041020510254,1.1638958979489744
2024-09-03,5.1948,25.7977,3.8763145551735234,1.3184854448264764
2024-09-04,5.2412,25.7485,3.883721381828068,1.3574786181719323
2024-09-05,5.2784,25.7469,3.8839627294936476,1.3944372705063528
2024-09-06,5.295,25.3898,3.9385895123238464,1.3564104876761536
2024-09-09,5.3705,25.269,3.957418180379121,1.4130818196208788
2024-09-10,5.3229,25.3248,3.948698508971443,1.3742014910285567
2024-09-11,5.4608,25.582,3.9089985145805644,1.5518014854194355
2024-09-12,5.4329,25.469,3.926341827319486,1.506558172680514
2024-09-13,5.5682,25.2683,3.9575278115266954,1.6106721884733046
2024-09-18,5.3689,25.0336,3.9946312156461716,1.3742687843538284
2024-09-19,5.685,25.1473,3.9765700492697027,1.708429950730297
2024-09-20,5.6595,25.0383,3.9938813737354373,1.6656186262645631
2024-09-23,5.3043,24.9123,4.014081397542579,1.2902186024574203
2024-09-24,5.0933,25.9863,3.8481815418124166,1.2451184581875836
2024-09-25,5.0619,26.3008,3.8021657135904614,1.2597342864095382
2024-09-26,4.9383,27.0391,3.698347947971641,1.2399520520283591
2024-09-27,4.9825,29.2418,3.4197621213468388,1.5627378786531612
2024-09-30,4.7552,33.8269,2.9562271446688877,1.7989728553311126
2024-10-08,4.7258,39.7788,2.5139018773819224,2.211898122618077
2024-10-09,5.0039,36.9509,2.7062940280209684,2.2976059719790314
2024-10-10,4.8218,36.1163,2.768832909240426,2.052967090759574
2024-10-11,4.8614,34.0232,2.939170918667262,1.9222290813327376
2024-10-14,4.7474,35.0039,2.8568245252671844,1.8905754747328154
2024-10-15,4.8665,33.8747,2.9520556639616,1.9144443360384003
2024-10-16,4.8108,32.8123,3.047637623695992,1.7631623763040083
2024-10-17,4.8578,32.7433,3.0540599145474037,1.8037400854525965
2024-10-18,4.8254,35.9818,2.7791828090868163,2.046217190913184
2024-10-21,4.8884,35.9648,2.7804964854524425,2.1079035145475573
2024-10-22,4.8768,35.7404,2.7979541359358038,2.0788458640641965
2024-10-23,4.8821,35.2474,2.8370886930667227,2.0450113069332776
2024-10-24,4.9125,35.0373,2.854101200720375,2.0583987992796247
2024-10-25,4.9434,35.9143,2.7844062114533767,2.158993788546623
2024-10-28,4.9514,36.1389,2.7671013782931966,2.184298621706803
2024-10-29,4.9852,35.783,2.794623145068887,2.1905768549311126
2024-10-30,5.0379,35.4857,2.818036561206345,2.2198634387936544
2024-10-31,5.0523,37.2691,2.6831879492662822,2.3691120507337176
2024-11-01,5.0136,36.5697,2.7345042480523496,2.2790957519476507
2024-11-04,5.013,37.2722,2.682964783404253,2.3300352165957467
2024-11-05,4.9743,38.9238,2.5691222336976347,2.4051777663023657
2024-11-06,5.0111,38.7434,2.581084778310628,2.430015221689372
2024-11-07,4.9309,39.8249,2.510991866897343,2.4199081331026573
2024-11-08,4.9896,39.4176,2.536937814580289,2.4526621854197113
2024-11-11,5.0646,40.8602,2.4473693227150135,2.617230677284987
2024-11-12,5.1076,40.4667,2.4711676514269754,2.6364323485730243
2024-11-13,5.1131,41.0499,2.4360595275506154,2.677040472449385
2024-11-14,5.1222,39.762,2.514964036014285,2.6072359639857154
2024-11-15,5.1316,38.3952,2.6044922281951908,2.527107771804809
2024-11-18,5.0307,37.6019,2.659440081485244,2.3712599185147565
2024-11-19,5.0536,38.6448,2.5876702687036808,2.4659297312963195
2024-11-20,5.0534,38.7602,2.579966047646813,2.473433952353187
2024-11-21,5.0554,38.833,2.575129400252363,2.480270599747637
2024-11-22,5.1594,37.3301,2.6788034320829572,2.4805965679170425
2024-11-25,5.15,37.1299,2.6932472212421796,2.4567527787578207
2024-11-26,5.1175,36.7628,2.720141012110068,2.3973589878899317
2024-11-27,5.0706,37.8012,2.645418663957758,2.425181336042242
2024-11-28,5.1115,37.3652,2.6762870264310106,2.43521297356899
2024-11-29,5.116,38.1704,2.619831073292394,2.4961689267076057
2024-12-02,5.1115,38.6509,2.5872618748851903,2.52423812511481
2024-12-03,5.0433,38.3457,2.6078543356882258,2.4354456643117746
2024-12-04,4.9907,38.0276,2.6296689772691413,2.361031022730859
2024-12-05,5.015,37.9266,2.6366718872770036,2.378328112722996
2024-12-06,4.9762,38.6664,2.5862247325843626,2.389975267415638
2024-12-09,4.952,38.3873,2.605028225480823,2.346971774519177
2024-12-10,4.9321,38.594,2.591076333108773,2.341023666891227
2024-12-11,5.0125,38.4004,2.604139540213123,2.408360459786877
2024-12-12,4.9734,38.8524,2.573843572083063,2.399556427916937
2024-12-13,5.0364,37.9225,2.636956951677764,2.3994430483222366
2024-12-16,5.2547,37.4464,2.67048367800376,2.5842163219962395
2024-12-17,5.261,37.5581,2.662541502365668,2.5984584976343323
2024-12-18,5.2268,37.7418,2.6495821608932273,2.5772178391067726
2024-12-19,5.2797,38.1013,2.624582363331435,2.655117636668565
2024-12-20,5.3087,38.4706,2.5993875842851426,2.7093124157148574
2024-12-23,5.167,38.3804,2.6054965555335534,2.5615034444664464
2024-12-24,5.1063,38.931,2.5686470935758137,2.5376529064241864
2024-12-25,5.037,39.0638,2.559914806035255,2.477085193964745
2024-12-26,5.0634,39.0723,2.5593579082879687,2.504042091712031
2024-12-27,5.0662,38.8466,2.574227860353287,2.4919721396467134
2024-12-30,5.0099,39.0152,2.563103610900367,2.446796389099633
2024-12-31,5.0408,38.0342,2.629212655978041,2.411587344021959
2025-01-02,5.1508,36.726,2.722866633992267,2.4279333660077334
2025-01-03,5.178,36.1904,2.763163711923604,2.414836288076396
2025-01-06,5.1565,36.1114,2.7692086155618445,2.387291384438156
2025-01-07,5.4386,36.6455,2.728848016809704,2.709751983190296
2025-01-08,5.7721,36.3949,2.747637718471544,3.024462281528456
2025-01-09,5.8529,36.4281,2.7451335644735795,3.1077664355264205
2025-01-10,5.9626,36.072,2.7722333111554667,3.1903666888445334
2025-01-13,6.0175,36.1634,2.7652267209388497,3.2522732790611504
2025-01-14,5.9584,37.4474,2.670412365077415,3.287987634922585
2025-01-15,5.9463,37.0156,2.7015636650493304,3.2447363349506695
2025-01-16,5.9005,36.6558,2.728081231346745,3.1724187686532552
2025-01-17,5.9532,37.1293,2.693290743429044,3.259909256570956
2025-01-20,6.0253,37.6792,2.6539841610225268,3.371315838977473
2025-01-21,6.0533,37.7101,2.6518094621865234,3.4014905378134768
2025-01-22,6.2008,37.4618,2.669385881084198,3.531414118915802
2025-01-23,6.2922,37.1458,2.6920943955978873,3.600105604402113
2025-01-24,6.3398,37.5847,2.6606571290977445,3.679142870902256
2025-01-27,6.2375,36.6826,2.7260881180723286,3.511411881927671
2025-02-05,6.3693,37.1029,2.6952071131906132,3.6740928868093867
2025-02-06,6.3631,37.9383,2.6358587496013266,3.7272412503986736
2025-02-07,6.3496,38.531,2.5953128649658717,3.754287135034128
2025-02-10,6.3535,38.7869,2.57819005901477,3.77530994098523
2025-02-11,6.2971,38.2488,2.614461107276568,3.6826388927234324
2025-02-12,6.2749,38.8716,2.5725722635548833,3.7023277364451164
2025-02-13,6.2671,38.2738,2.612753371758226,3.654346628241774
2025-02-14,6.2518,38.6657,2.5862715533405574,3.665528446659443
2025-02-17,6.2651,39.1248,2.5559236085551875,3.709176391444813
2025-02-18,6.2301,38.4761,2.599016012537653,3.6310839874623473
2025-02-19,6.2679,39.1854,2.5519708871161195,3.7159291128838805
2025-02-20,6.2696,39.0372,2.5616591353888087,3.707940864611191
2025-02-21,6.3397,40.6888,2.4576787715538426,3.882021228446157
2025-02-24,6.3652,40.6977,2.457141312654032,3.9080586873459677
2025-02-25,6.4165,40.3384,2.479027427959463,3.9374725720405372
2025-02-26,6.3851,40.9578,2.441537387262011,3.9435626127379892
2025-02-27,6.3293,40.7637,2.4531629856956068,3.876137014304393
2025-02-28,6.3704,41.0958,2.4333386866784443,3.9370613133215557
2025-03-03,6.3802,40.8873,2.4457472124596142,3.934452787540386
2025-03-04,6.4229,40.7824,2.4520381340970614,3.970861865902939
2025-03-05,6.3532,40.84,2.4485798237022527,3.9046201762977475
2025-03-06,6.3756,41.8577,2.3890466986958194,3.986553301304181
2025-03-07,6.3734,41.2452,2.424524550735601,3.948875449264399
2025-03-10,6.401,41.1259,2.4315577288278187,3.969442271172181
2025-03-11,6.3653,40.9946,2.4393456699175013,3.925954330082499
2025-03-12,6.4055,40.721,2.4557353699565336,3.9497646300434663
2025-03-13,6.3529,39.9647,2.502208198735384,3.850691801264616
2025-03-14,6.3047,40.8418,2.4484719086817917,3.8562280913182088
2025-03-17,6.2687,39.9425,2.5035989234524627,3.7651010765475372
2025-03-18,6.28,40.1815,2.4887074897651904,3.79129251023481
2025-03-19,6.2425,40.0489,2.496947481703617,3.7455525182963827
2025-03-20,6.262,39.6213,2.523894975682272,3.7381050243177274
2025-03-21,6.3084,38.822,2.575859048992839,3.7325409510071608
2025-03-24,6.263,38.883,2.571818018157035,3.691181981842965
2025-03-25,6.2221,38.6018,2.5905527721505215,3.6315472278494787
2025-03-26,6.2384,38.4555,2.6004082640974633,3.637991735902537
2025-03-27,6.2169,38.6944,2.5843532914323517,3.632546708567648
2025-03-28,6.2563,38.468,2.5995632733700735,3.656736726629927
2025-03-31,6.2274,38.1024,2.624506592760561,3.6028934072394394
2025-04-01,6.2431,38.0061,2.63115657749677,3.6119434225032303
2025-04-02,6.2121,37.9546,2.6347267524884996,3.5773732475115008
2025-04-03,6.1885,37.4844,2.6677764616747233,3.520723538325277
2025-04-07,6.5168,33.7507,2.9629015101908998,3.5538984898091
2025-04-08,6.3656,34.1757,2.9260556477263084,3.4395443522736913
2025-04-09,6.3956,34.8741,2.867457511448324,3.528142488551676
2025-04-10,6.3879,35.4768,2.8187435168899113,3.569156483110089
2025-04-11,6.3862,36.2101,2.761660420711349,3.624539579288651
2025-04-14,6.3272,36.3378,2.751955264215225,3.5752447357847754
2025-04-15,6.2513,35.376,2.8267752148349166,3.424524785165083
2025-04-16,6.171,35.4234,2.82299271103282,3.3480072889671804
2025-04-17,6.1728,35.5406,2.8136835056245535,3.359116494375446
2025-04-18,6.203,35.2925,2.833463200396685,3.369536799603315
2025-04-21,6.2565,35.7798,2.7948730848132186,3.4616269151867813
2025-04-22,6.1988,36.3846,2.7484155384420883,3.450384461557912
2025-04-23,6.2244,36.0345,2.7751182894170863,3.449281710582914
2025-04-24,6.1556,35.763,2.7961860022928726,3.359413997707127
2025-04-25,6.3791,35.8204,2.791705285256446,3.5873947147435543
2025-04-28,6.3182,35.2073,2.8403200472629258,3.4778799527370743
2025-04-29,6.3463,36.0888,2.7709427855733635,3.575357214426637
2025-04-30,6.5342,39.1859,2.5519383247545675,3.9822616752454327
2025-05-06,6.5334,39.7199,2.517629701988172,4.015770298011828
2025-05-07,6.4434,40.0599,2.4962618478827956,3.947138152117204
2025-05-08,6.4491,40.3826,2.476314056053845,3.9727859439461546
2025-05-09,6.4124,39.6314,2.5232517650146096,3.8891482349853903
2025-05-12,6.3871,40.2602,2.483842603861879,3.9032573961381214
2025-05-13,6.3165,40.3172,2.480330975365353,3.8361690246346467
2025-05-14,6.2672,40.5458,2.4663466992882124,3.8008533007117875
2025-05-15,6.3139,39.8894,2.5069316660566465,3.8069683339433538
2025-05-16,6.3735,39.8088,2.512007395349772,3.861492604650228
2025-05-19,6.3842,39.7694,2.514496069842643,3.869703930157357
2025-05-20,6.3717,40.1947,2.4878901944783767,3.883809805521623
2025-05-21,6.3366,40.4844,2.47008724348144,3.86651275651856
2025-05-22,6.2997,40.1691,2.489475741303639,3.8102242586963606
2025-05-23,6.3692,39.8259,2.510928817678948,3.8582711823210523
2025-05-26,6.3742,39.5151,2.5306781458227365,3.8435218541772636
2025-05-27,6.3665,39.1197,2.556256822010394,3.8102431779896064
2025-05-28,6.3535,39.058,2.560294945977777,3.7932050540222235
2025-05-29,6.3639,39.5268,2.5299290607891356,3.8339709392108645
2025-05-30,6.3499,39.145,2.554604674926555,3.795295325073445
2025-06-03,6.2904,39.2709,2.5464147753170923,3.7439852246829077
2025-06-04,6.2939,39.5607,2.5277611366836283,3.7661388633163715
2025-06-05,6.3162,39.9605,2.5024711903004215,3.8137288096995787
2025-06-06,6.3203,39.7687,2.5145403294550737,3.805759670544926
2025-06-09,5.743,40.0508,2.496829027135538,3.2461709728644625
2025-06-10,5.7341,39.5649,2.5274928029642436,3.206607197035756
2025-06-11,5.7381,39.7379,2.5164892961127787,3.2216107038872215
2025-06-12,5.7567,39.7867,2.5134027200044233,3.243297279995577
2025-06-13,5.8072,39.5376,2.529237991178018,3.277962008821982
2025-06-16,5.5871,41.3204,2.420112099592453,3.1669879004075474
2025-06-17,5.5752,40.9559,2.4416506535077973,3.1335493464922024
2025-06-18,5.6315,41.2065,2.4268015968354506,3.2046984031645493
2025-06-19,5.5632,40.802,2.4508602519484337,3.1123397480515664
2025-06-20,5.6667,40.5298,2.467320342069292,3.1993796579307077
2025-06-23,5.5269,40.7275,2.4553434411638326,3.0715565588361677
2025-06-24,5.5019,41.3889,2.416106733931078,3.085793266068922
2025-06-25,5.8494,42.2703,2.3657272363810997,3.4836727636189004
2025-06-26,5.8401,42.0782,2.3765275130590187,3.463572486940981
2025-06-27,5.7132,42.1302,2.373594238812063,3.3396057611879364
2025-06-30,5.5787,42.8123,2.335777335018207,3.2429226649817933
2025-07-01,5.5198,42.4837,2.353843944854144,3.165956055145856
2025-07-02,5.4932,41.9941,2.3812868950638304,3.1119131049361695
2025-07-03,5.5141,42.6504,2.344643895485154,3.169456104514846
2025-07-04,5.4431,42.6261,2.345980514285848,3.097119485714152
2025-07-07,5.6578,42.1127,2.374580589703344,3.283219410296656
2025-07-08,5.6557,42.8912,2.3314805834297014,3.324219416570299
2025-07-09,5.3559,42.927,2.3295361893447013,3.026363810655299
2025-07-10,5.2669,42.962,2.327638378101578,2.9392616218984218
2025-07-11,5.1432,43.3293,2.307907120585839,2.8352928794141614
2025-07-14,5.0988,43.1459,2.317717326559418,2.7810826734405816
2025-07-15,5.1405,43.6024,2.293451736601655,2.8470482633983454
2025-07-16,5.2346,43.538,2.2968441361569205,2.93775586384308
2025-07-17,4.9123,44.1447,2.2652775984433013,2.6470224015566988
2025-07-18,4.5854,44.4602,2.24920265765786,2.33619734234214
2025-07-21,4.4961,44.807,2.2317941393085903,2.26430586069141
2025-07-22,4.4921,45.1811,2.2133148595319723,2.2787851404680275
2025-07-23,4.4799,45.2409,2.210389271654631,2.269510728345369
2025-07-24,4.5424,45.7869,2.184030803570453,2.3583691964295466
2025-07-25,4.5548,46.0946,2.169451519266899,2.3853484807331014
2025-07-28,4.4631,46.2314,2.1630320518089436,2.300067948191056
2025-07-29,4.4802,47.1977,2.118747311839348,2.361452688160652
2025-07-30,4.4546,46.2757,2.1609613684936155,2.2936386315063846
2025-07-31,4.473,44.1337,2.265842202217353,2.2071577977826466
2025-08-01,4.4975,43.7468,2.2858814816169413,2.2116185183830583
2025-08-04,4.4747,44.0961,2.267774247609199,2.2069257523908012
2025-08-05,4.4251,44.1991,2.262489507704908,2.1626104922950917
2025-08-06,4.4099,44.4037,2.252064580203902,2.1578354197960983
2025-08-07,4.3806,44.1514,2.264933841282496,2.115666158717504
2025-08-08,4.3791,43.7695,2.2846959640845794,2.094404035915421
2025-08-11,4.4149,44.2863,2.2580346517997665,2.156865348200234
2025-08-12,4.3785,45.0385,2.220322612875651,2.158177387124349
2025-08-13,4.412,46.1481,2.1669364502547235,2.2450635497452764
2025-08-14,4.4081,46.452,2.1527598381124604,2.2553401618875397
2025-08-15,4.4482,46.9847,2.1283524211072966,2.3198475788927033
2025-08-18,4.44,47.9795,2.0842234704405005,2.3557765295595
2025-08-19,4.4314,48.0319,2.0819497042590447,2.3494502957409553
2025-08-20,4.3976,48.9512,2.042850839203125,2.354749160796875
2025-08-21,4.3576,49.0257,2.039746500304942,2.3178534996950577
2025-08-22,4.3676,52.8515,1.8920938856986083,2.475506114301392
2025-08-25,4.3501,55.5956,1.7987034945211493,2.551396505478851
2025-08-26,4.362,53.6261,1.8647636132405676,2.4972363867594325
2025-08-27,4.4528,52.59,1.9015021867275146,2.5512978132724853
2025-08-28,4.4581,56.9173,1.7569350619231763,2.7011649380768237
2025-08-29,4.4594,57.1291,1.7504214139554097,2.70897858604459
2025-09-01,4.4759,58.301,1.7152364453439906,2.7606635546560097
2025-09-02,4.4007,57.149,1.7498118952212638,2.650888104778736
2025-09-03,4.4409,57.4026,1.7420813691365897,2.6988186308634106
2025-09-04,4.3908,54.4254,1.8373774009929187,2.5534225990070807
2025-09-05,4.4414,57.3239,1.7444730731858789,2.696926926814121
2025-09-08,4.4469,57.1112,1.75097003740072,2.6959299625992803
2025-09-09,4.4328,55.3616,1.8063061761220773,2.626493823877923
2025-09-10,4.4391,55.8709,1.7898405073123935,2.649259492687606
2025-09-11,4.4293,58.9552,1.6962032187152278,2.7330967812847717
2025-09-12,4.5081,58.663,1.7046519952951606,2.803448004704839
2025-09-15,4.432,60.0563,1.6651042438511863,2.766895756148814
2025-09-16,4.5082,60.6745,1.6481388392158154,2.860061160784185
2025-09-17,4.754,62.0352,1.6119880326008458,3.142011967399154
2025-09-18,4.8585,61.8871,1.6158456285720288,3.2426543714279714
2025-09-19,4.8716,61.6053,1.623236961754914,3.2483630382450857
2025-09-22,4.6762,62.7942,1.5925037662714072,3.0836962337285927
2025-09-23,4.6145,62.8523,1.5910316726675078,3.023468327332492
2025-09-24,4.6384,64.5441,1.5493282887204252,3.0890717112795745
2025-09-25,4.653,65.7173,1.5216693321241135,3.1313306678758863
2025-09-26,4.6339,64.1852,1.5579915619177007,3.075908438082299
2025-09-29,4.6615,65.59,1.5246226558926665,3.136877344107334
2025-09-30,4.688,66.2102,1.5103413069285396,3.17765869307146
2025-10-09,4.6555,67.0312,1.4918426046378404,3.1636573953621596
2025-10-10,4.6242,63.219,1.5818029389898607,3.0423970610101394
2025-10-13,4.5751,63.3901,1.5775334003259185,2.9975665996740815
2025-10-14,4.4807,60.4454,1.6543856108157113,2.8263143891842883
2025-10-15,4.4591,61.9053,1.6153705740865485,2.843729425913452
2025-10-16,4.4153,61.9331,1.6146454803651036,2.8006545196348966
2025-10-17,4.4194,59.7463,1.6737438134244298,2.7456561865755704
2025-10-20,4.32,60.367,1.6565341991485414,2.663465800851459
2025-10-21,4.3013,60.1795,1.6616954278450304,2.63960457215497
2025-10-22,4.249,60.0418,1.6655063638998164,2.583493636100183
2025-10-23,4.2185,60.0616,1.664957310494559,2.5535426895054405
2025-10-24,4.3443,62.5884,1.5977401563228968,2.746559843677103
2025-10-27,4.2903,63.4325,1.5764789343002406,2.7138210656997597
2025-10-28,4.2893,62.5027,1.5999308829858552,2.6893691170141447
2025-10-29,4.3375,62.6191,1.596956839047511,2.7405431609524893
2025-10-30,4.3375,59.2867,1.6867189437091286,2.650781056290872
2025-10-31,4.365,57.1586,1.7495180077888541,2.615481992211146
2025-11-03,4.2787,57.0064,1.7541890033399758,2.524510996660024
2025-11-04,4.226,56.1317,1.7815245217942801,2.44447547820572
2025-11-05,4.2246,56.7432,1.7623257059876778,2.462274294012322
2025-11-06,4.2253,58.4921,1.7096325828616172,2.5156674171383826
2025-11-07,4.2299,57.9876,1.7245066186564024,2.5053933813435973
2025-11-10,4.2993,57.1866,1.7486613996985307,2.550638600301469
2025-11-11,4.2919,56.3572,1.774396172982334,2.517503827017666
2025-11-12,4.2399,56.3412,1.774900073125883,2.4649999268741167
2025-11-13,4.2427,57.657,1.734394782940493,2.5083052170595073
2025-11-14,4.2228,55.7418,1.793985841863736,2.428814158136264
2025-11-17,4.2582,55.2988,1.8083575050453173,2.449842494954683
2025-11-18,4.2835,54.9489,1.8198726453122809,2.463627354687719
2025-11-19,4.2265,54.9715,1.8191244553996162,2.4073755446003835
2025-11-20,4.2357,54.376,1.8390466382227455,2.396653361777254
2025-11-21,4.3242,52.4091,1.9080655840302543,2.416134415969746
2025-11-24,4.3692,52.5011,1.9047219963010298,2.4644780036989706
2025-11-25,4.3341,53.0445,1.8852095881759654,2.448890411824035
2025-11-26,4.3794,54.1368,1.8471723485688107,2.5322276514311897
2025-11-27,4.3496,53.9833,1.8524247313521034,2.4971752686478963
2025-11-28,4.3824,54.3781,1.8389756170222937,2.543424382977706
2025-12-01,4.3396,55.055,1.8163654527290891,2.523234547270911
2025-12-02,4.3326,54.6907,1.8284644372809271,2.504135562719073
2025-12-03,4.3617,54.1665,1.8461595266446973,2.5155404733553026
2025-12-04,4.3767,55.0442,1.8167218344530396,2.5599781655469602
2025-12-05,4.3894,55.3804,1.8056929888552629,2.583707011144737
2025-12-08,4.3927,56.8499,1.7590180457661315,2.633681954233868
2025-12-09,4.3924,57.1356,1.7502222782293353,2.642177721770665
2025-12-10,4.4458,56.9465,1.7560341724249955,2.6897658275750045
2025-12-11,4.6241,56.1442,1.7811278814196303,2.84297211858037
2025-12-12,4.6122,56.7038,1.7635502382556372,2.8486497617443627
2025-12-15,5.1385,54.6667,1.8292671772761115,3.309232822723888
2025-12-16,5.1639,53.4832,1.869746013701499,3.294153986298501
2025-12-17,5.1469,55.2447,1.8101283924068734,3.336771607593126
2025-12-18,5.0633,54.0453,1.8502996560292941,3.2130003439707058
2025-12-19,5.0874,54.1766,1.8458153520154457,3.241584647984554
2025-12-22,5.0879,55.4872,1.8022174483484479,3.2856825516515524
2025-12-23,5.0576,55.8062,1.7919155936078788,3.265684406392121
2025-12-24,5.0749,56.1447,1.781112019478241,3.2937879805217594
2025-12-25,5.1336,56.0337,1.7846403146677803,3.34895968533222
2025-12-26,5.1439,55.9514,1.7872653767376687,3.3566346232623316
2025-12-29,5.0981,55.7822,1.7926865559264424,3.305413444073557
2025-12-30,5.0921,56.3023,1.7761263749438299,3.3159736250561704
2025-12-31,5.0693,55.354,1.806554178559815,3.262745821440185
2026-01-05,5.0953,57.2861,1.7456241566453294,3.3496758433546705
2026-01-06,5.0631,57.5591,1.7373447465300882,3.325755253469912
2026-01-07,5.1113,57.7436,1.7317936533226193,3.3795063466773807
2026-01-08,4.9157,57.6664,1.7341120652581052,3.181587934741895
2026-01-09,4.6254,58.0491,1.7226795936543373,2.9027204063456624
2026-01-12,4.6518,58.5223,1.70875033961413,2.94304966038587
2026-01-13,4.6205,57.0323,1.753392375899271,2.8671076241007287
2026-01-14,4.7233,57.6613,1.7342654432002054,2.989034556799795
2026-01-15,4.7444,57.8778,1.72777818092602,3.01662181907398
2026-01-16,4.9346,58.2051,1.7180625065501132,3.2165374934498865
2026-01-19,4.9428,57.8403,1.7288983632519195,3.213901636748081
2026-01-20,4.896,56.6278,1.7659170937242838,3.130082906275716
2026-01-21,4.9468,57.8076,1.7298763484386135,3.216923651561386
2026-01-22,4.954,58.1535,1.7195869552133578,3.234413044786642
2026-01-23,5.0214,57.9711,1.724997455628753,3.296402544371247
2026-01-26,4.73,57.2112,1.7479095002377159,2.9820904997622844
2026-01-27,4.7369,57.665,1.7341541663053845,3.0027458336946156
2026-01-28,4.7223,57.6534,1.7345030822119771,2.987796917788023
2026-01-29,4.6731,56.5479,1.7684122664148447,2.9046877335851553
2026-01-30,4.6888,57.3372,1.7440684232923824,2.944731576707617
2026-02-02,4.7352,55.7628,1.7933102354975001,2.9418897645024997
2026-02-03,4.778,56.0995,1.7825470815247908,2.995452918475209
2026-02-04,4.6999,55.9153,1.7884192698599488,2.9114807301400516
2026-02-05,4.7161,54.905,1.8213277479282397,2.8947722520717605
2026-02-06,4.7962,54.7494,1.8265040347474126,2.969695965252587
2026-02-09,4.7722,56.1531,1.7808455810988173,2.9913544189011825
2026-02-10,4.7603,56.3829,1.7735873819899295,2.9867126180100705
2026-02-11,4.7433,55.63,1.7975912277548085,2.945708772245191
2026-02-12,4.7832,56.4699,1.7708549156276174,3.0123450843723827
2026-02-13,4.8641,55.8577,1.7902634730753324,3.0738365269246675
2026-02-24,4.8186,56.1648,1.7804746033102583,3.0381253966897415
2026-02-25,4.8241,56.584,1.7672840378905696,3.0568159621094297
2026-02-26,4.8573,57.1304,1.7503815831851344,3.106918416814866
2026-02-27,4.8541,55.9745,1.7865277939061537,3.067572206093846
2026-03-02,4.7405,55.7303,1.7943560325352637,2.946143967464736
2026-03-03,4.6022,54.0298,1.8508304676308258,2.751369532369174
2026-03-04,4.6465,53.2772,1.8769755167313598,2.76952448326864
2026-03-05,4.6607,54.3128,1.8411866079450883,2.819513392054912
2026-03-06,4.6802,54.4177,1.837637386365098,2.842562613634902
2026-03-09,4.6555,53.7807,1.8594030944186297,2.7960969055813703
2026-03-10,4.7322,52.9009,1.8903270076690566,2.841872992330943
2026-03-11,4.6801,53.2788,1.876919149830702,2.8031808501692983
2026-03-12,4.6493,52.7273,1.8965507431634088,2.7527492568365917
2026-03-13,4.6601,52.382,1.9090527280363485,2.7510472719636514
2026-03-16,4.6641,53.7693,1.8597973192881438,2.8043026807118565
2026-03-17,4.6328,52.5103,1.9043882819180236,2.728411718081976
2026-03-18,4.641,53.3639,1.8739260061577208,2.7670739938422795
2026-03-19,4.5933,52.6596,1.8989889782679703,2.69431102173203
2026-03-20,4.6246,53.0489,1.885053224477793,2.739546775522207
2026-03-23,4.7354,51.1482,1.9551030143778274,2.780296985622173
2026-03-24,4.7078,51.6813,1.934935847201986,2.7728641527980136
2026-03-25,4.7084,52.5659,1.9023739724802582,2.806026027519742
2026-03-26,4.6905,51.9014,1.926730300146046,2.7637696998539543
2026-03-27,4.694,52.2854,1.9125798023922547,2.781420197607745
2026-03-30,4.6435,51.6289,1.9368996821547622,2.706600317845238
2026-03-31,4.6327,50.1201,1.9952075115572394,2.6374924884427604
2026-04-01,4.6378,52.0101,1.9227034749019902,2.7150965250980104
2026-04-02,4.5857,50.7465,1.9705792517710583,2.615120748228942
2026-04-03,4.6384,50.4138,1.983583859974848,2.6548161400251518
2026-04-07,4.6501,50.9107,1.9642236307888126,2.6858763692111873
2026-04-08,4.6751,53.5717,1.866657208936808,2.8084427910631913
2026-04-09,4.6884,53.255,1.8777579569993428,2.810642043000657
2026-04-10,4.7024,55.0119,1.8177885148486055,2.884611485151394
2026-04-13,4.6919,55.5261,1.8009548662700965,2.890945133729904
2026-04-14,4.6698,56.5759,1.7675370608333232,2.902262939166677
2026-04-15,4.6438,56.3171,1.7756596131547966,2.8681403868452033
2026-04-16,4.6521,55.6756,1.7961189461810918,2.8559810538189083
2026-04-17,4.6872,54.9935,1.8183967196123179,2.8688032803876817
2026-04-20,4.6027,55.3002,1.8083117240082316,2.7943882759917678
2026-04-21,4.5831,55.1502,1.8132300517495858,2.769869948250414
2026-04-22,4.6144,56.0169,1.7851755452372409,2.829224454762759
2026-04-23,4.5855,55.5695,1.7995483133733434,2.7859516866266563
2026-04-24,4.5824,54.1811,1.8456620482050015,2.736737951794998
2026-04-27,4.4596,54.4437,1.8367598087565686,2.6228401912434314
2026-04-28,4.4185,56.2179,1.7787928755787747,2.639707124421225
2026-04-29,4.4304,56.7193,1.7630683030291276,2.667331696970872
2026-04-30,4.454,57.9574,1.7254052114139005,2.7285947885860993
2026-05-06,4.4207,60.6502,1.6487991795575283,2.7719008204424718
2026-05-07,4.4782,61.3617,1.6296810551207024,2.848518944879298
2026-05-08,4.4846,60.3279,1.6576078398220393,2.8269921601779613
2026-05-11,4.4849,62.6851,1.5952754322797602,2.8896245677202392
2026-05-12,4.4849,63.013,1.5869741164521607,2.897925883547839
2026-05-13,5.0689,64.6836,1.545986927134544,3.522913072865456
2026-05-14,5.0685,63.225,1.5816528272044286,3.4868471727955717
2026-05-15,5.0771,62.6471,1.596243082281542,3.480856917718458
2026-05-18,5.0581,62.487,1.6003328692368013,3.457767130763198
2026-05-19,5.0431,63.2658,1.5806328221566788,3.462467177843321
2026-05-20,5.0845,64.4604,1.551340047533059,3.5331599524669413
2026-05-21,5.113,62.6088,1.5972195601896217,3.5157804398103787
2026-05-22,5.1226,64.2065,1.557474710504388,3.5651252894956125
2026-05-25,5.1174,67.1125,1.490035388340473,3.6273646116595266
2026-05-26,5.1022,67.0917,1.4904973342455177,3.611702665754482
2026-05-27,5.148,66.6337,1.500742116976845,3.647257883023155
2026-05-28,5.1867,68.2662,1.464853763648775,3.721846236351225
2026-05-29,5.1258,66.2211,1.5100927045911348,3.615707295408865
2026-06-01,5.033,63.7946,1.5675307941424508,3.4654692058575494
2026-06-02,5.0337,65.5286,1.526051220383161,3.5076487796168383
2026-06-03,5.0438,66.9477,1.4937032937651331,3.550096706234867
2026-06-04,5.0874,66.6042,1.5014068181886426,3.5859931818113573
2026-06-05,5.05,63.903,1.5648717587593697,3.48512824124063
2026-06-08,4.9827,61.3225,1.6307228178890294,3.351977182110971
2026-06-09,5.0192,63.8952,1.5650627903191476,3.454137209680852
2026-06-10,5.1656,62.7161,1.594486902087343,3.5711130979126575
2026-06-11,5.1738,62.5541,1.5986162377845736,3.5751837622154263
2026-06-12,5.169,62.6607,1.5958966305834439,3.5731033694165557
2026-06-15,5.2442,71.3171,1.4021882549907385,3.8420117450092617
2026-06-16,5.3352,71.8765,1.3912753125152173,3.943924687484783
2026-06-17,5.481,73.6664,1.357470977270506,4.123529022729494
2026-06-18,5.645,76.0509,1.3149088307962167,4.330091169203783
2026-06-22,5.3038,77.2164,1.2950616708367653,4.008738329163235
2026-06-23,5.2849,74.8336,1.3362981334587671,3.9486018665412335
2026-06-24,5.3757,76.4496,1.308051317469287,4.067648682530713
2026-06-25,5.4627,79.4204,1.2591223413631762,4.203577658636823
2026-06-26,5.4771,76.4631,1.3078203734873424,4.169279626512658
2026-06-29,5.3531,78.2188,1.2784650237538802,4.07463497624612
2026-06-30,5.4776,80.8799,1.2364011330379983,4.2411988669620015
2026-07-01,5.3212,78.4557,1.2746046495028405,4.04659535049716
2026-07-02,5.3241,73.6301,1.3581402171122952,3.9659597828877047
2026-07-03,5.3119,73.455,1.3613777142468177,3.950522285753182
2026-07-06,5.2137,73.2105,1.3659242868167818,3.8477757131832186
2026-07-07,5.2011,73.3788,1.362791432947936,3.8383085670520645
2026-07-08,4.9157,72.8331,1.3730021103042436,3.5426978896957566
2026-07-09,4.9565,77.8585,1.2843812814272044,3.6721187185727957
2026-07-10,5.4262,73.6231,1.3582693475281535,4.067930652471846
2026-07-13,5.1325,72.368,1.38182622153438,3.7506737784656203
2026-07-14,5.0868,73.6608,1.3575741778530779,3.7292258221469226
2026-07-15,4.7529,71.403,1.4005013794938588,3.3523986205061416
2026-07-16,4.8739,69.3387,1.4421960607856794,3.4317039392143203
2026-07-17,4.8259,64.4499,1.5515927875760862,3.2743072124239134
2026-07-20,4.3247,65.3699,1.5297560498027378,2.794943950197262
2026-07-21,4.419,70.7723,1.4129821978372894,3.0060178021627104
2026-07-22,4.3689,68.6017,1.4576898240131078,2.9112101759868922
2026-07-23,4.3432,67.6168,1.478922397983933,2.8642776020160676
2026-07-24,4.3705,66.7001,1.4992481270642772,2.871251872935723
2026-07-27,4.3128,65.8343,1.5189650379817208,2.7938349620182796
2026-07-28,4.2612,61.0533,1.637913102158278,2.6232868978417216
2026-07-29,4.2481,60.9279,1.6412842064144668,2.6068157935855334
2026-07-30,4.2061,58.2313,1.717289498946443,2.4888105010535573
2026-07-31,4.2635,59.893,1.6696441988212312,2.5938558011787682
2026-08-03,4.2756,58.2874,1.715636655606529,2.559963344393471
2026-08-04,4.3916,61.0445,1.6381492190123599,2.7534507809876407
2026-08-05,4.4444,62.6079,1.597242520512587,2.8471574794874126
2026-08-06,4.4007,62.306,1.6049818637049402,2.7957181362950596
2026-08-07,4.4088,63.263,1.5807027804561908,2.8280972195438094
2026-08-10,4.392,62.1828,1.608161742475411,2.7838382575245895
2026-08-11,4.3824,59.8129,1.6718801462560753,2.710519853743924
2026-08-12,4.4255,60.6785,1.648030191913116,2.7774698080868845
2026-08-13,4.4149,60.6602,1.6485273704999324,2.7663726295000677
2026-08-14,4.424,60.9805,1.6398684825476997,2.784131517452301
2026-08-17,4.42,62.8047,1.5922375236248243,2.8277624763751756
2026-08-18,4.3643,62.2896,1.6054044334848836,2.7588955665151165
2026-08-19,4.2968,58.3602,1.7134965267425404,2.58330347325746
2026-08-20,4.3005,57.2147,1.7478025752123143,2.552697424787686
2026-08-21,4.3002,57.7189,1.7325347503157544,2.5676652496842456
2026-08-24,4.2321,54.2161,1.8444705539498416,2.387629446050158
2026-08-25,4.2375,52.1648,1.9170015029291783,2.3204984970708216
2026-08-26,4.2231,52.6741,1.898466229133483,2.324633770866517
2026-08-27,4.3117,53.9168,1.854709478307318,2.456990521692682
2026-08-28,4.2989,52.6908,1.8978645228389015,2.4010354771610984
2026-08-31,4.1563,52.907,1.8901090592927212,2.2661909407072787
