price,amount,code,name,market_cap,float_cap,market_cap_100mn
4.701,4844479626.0,510300,沪深300ETF华泰柏瑞,112950398984,112950398984,1129.50398984
100.654,18614215432.0,511880,银华日利ETF,93127527095,93127527095,931.27527095
8.385,3099445119.0,518880,黄金ETF华安,90394835681,90394835681,903.94835681
1.885,8981897884.0,588000,科创50ETF华夏,86984584361,86984584361,869.84584361
100.006,10556860154.0,511990,华宝添益ETF,83028842232,83028842232,830.28842232
1.099,2457657971.0,512880,证券ETF国泰,62233393240,62233393240,622.3339324
3.508,6442931154.74,159915,创业板ETF易方达,58301048056,58301048056,583.01048056
1.258,5213813207.0,588200,科创芯片ETF嘉实,54275383875,54275383875,542.75383875
4.562,966571930.0,510310,沪深300ETF易方达,51025715112,51025715112,510.25715112
7.545,2593796767.0,510500,中证500ETF南方,43261284872,43261284872,432.61284872
0.646,2954379079.0,515880,通信ETF国泰,43102266056,43102266056,431.02266056
1.826,1899286693.0,588080,科创50ETF易方达,41701509020,41701509020,417.0150902
4.898,575388714.0,510330,沪深300ETF华夏,41477976811,41477976811,414.77976811
0.585,2712786868.0,513180,恒生科技ETF华夏,40849239675,40849239675,408.49239675
0.574,2061379861.517,159792,港股通互联网ETF富国,40143179948,40143179948,401.43179948
0.742,5145202782.428,159516,半导体设备ETF国泰,40085333120,40085333120,400.8533312
0.526,1163002453.0,512000,券商ETF华宝,39730586747,39730586747,397.30586747
8.365,415065486.3,159937,黄金ETF博时,39458725932,39458725932,394.58725932
1.063,2077579555.0,513050,中概互联网ETF易方达,36267894032,36267894032,362.67894032
1.569,828229359.416,159941,纳指ETF广发,35311773217,35311773217,353.11773217
1.283,4621588130.0,563360,A500ETF华泰柏瑞,35178560988,35178560988,351.78560988
1.162,703514965.0,512890,红利低波ETF华泰柏瑞,34742766880,34742766880,347.4276688
0.575,2388281852.0,513130,恒生科技ETF华泰柏瑞,34300099603,34300099603,343.00099603
8.76,445375667.304,159934,黄金ETF易方达,33456270770,33456270770,334.5627077
1.013,8342220433.0,588170,科创半导体ETF华夏,33189371852,33189371852,331.89371852
8.786,417193933.0,518800,黄金ETF国泰,31527499651,31527499651,315.27499651
1.267,3672712517.858,159352,A500ETF南方,31422996011,31422996011,314.22996011
4.901,1094611768.8,159919,沪深300ETF嘉实,30348053439,30348053439,303.48053439
1.27,915726751.681,159995,芯片ETF华夏,28963780122,28963780122,289.63780122
1.169,7970563357.0,513120,港股创新药ETF广发,26981847236,26981847236,269.81847236
0.602,875306897.0,513010,恒生科技ETF易方达,26843364857,26843364857,268.43364857
0.373,2184610983.0,513330,恒生互联网ETF华夏,26454458446,26454458446,264.54458446
1.241,1446951395.015,159361,A500ETF易方达,26100824147,26100824147,261.00824147
1.216,3554266384.666,159338,中证A500ETF国泰,25571369452,25571369452,255.71369452
2.506,259097932.0,513500,标普500ETF博时,25242032632,25242032632,252.42032632
0.315,650941901.0,512170,医疗ETF华宝,25169703875,25169703875,251.69703875
3.223,656989958.0,510880,红利ETF华泰柏瑞,24582387217,24582387217,245.82387217
2.832,3575677638.0,512100,中证1000ETF南方,24426616062,24426616062,244.26616062
1.418,2442603091.193,159570,港股通创新药ETF汇添富,24289768807,24289768807,242.89768807
3.05,2916298761.0,510050,上证50ETF华夏,23880789082,23880789082,238.80789082
1.668,2241796468.069,159949,创业板50ETF华安,22460929527,22460929527,224.60929527
1.735,1166844957.0,512400,有色金属ETF南方,21695375401,21695375401,216.95375401
1.894,540120349.925,159819,人工智能ETF易方达,21457560802,21457560802,214.57560802
1.113,1806687069.0,512480,半导体ETF国联安,20908826120,20908826120,209.0882612
2.104,301019967.0,513100,纳指ETF国泰,19914592551,19914592551,199.14592551
1.416,149144784.0,515450,红利低波50ETF南方,19711902462,19711902462,197.11902462
1.211,1618197025.0,512050,A500ETF华夏,19319073622,19319073622,193.19073622
1.027,1170719171.0,515050,通信ETF华夏,19035655921,19035655921,190.35655921
1.164,2460074549.231,159558,半导体设备ETF易方达,18933116384,18933116384,189.33116384
1.387,425388229.0,515180,红利ETF易方达,18873792508,18873792508,188.73792508
1.853,4215700782.0,513090,香港证券ETF易方达,18858885501,18858885501,188.58885501
1.599,1231568630.684,159326,电网设备ETF华夏,18566413592,18566413592,185.66413592
3.955,89790047.0,510180,上证180ETF华安,17542630435,17542630435,175.42630435
0.839,1158197146.501,159992,创新药ETF银华,17215257413,17215257413,172.15257413
2.565,708173053.56,159509,纳指科技ETF景顺,16984312070,16984312070,169.8431207
0.365,550274549.0,512010,医药ETF易方达,16875298666,16875298666,168.75298666
1.146,516208438.3,159201,自由现金流ETF华夏,16683784113,16683784113,166.83784113
0.924,551924441.0,562500,机器人ETF华夏,16573499121,16573499121,165.73499121
0.968,1561496895.0,510210,上证指数ETF富国,16543306476,16543306476,165.43306476
1.162,455532367.886,159781,科创创业ETF易方达,16543231803,16543231803,165.43231803
1.251,736290893.856,159530,机器人ETF易方达,16330069933,16330069933,163.30069933
0.805,597878396.0,512070,证券保险ETF易方达,15948241245,15948241245,159.48241245
0.575,1079899826.1,159740,恒生科技ETF大成,15641794221,15641794221,156.41794221
1.184,1692653538.0,515220,煤炭ETF国泰,15586977407,15586977407,155.86977407
1.535,475802468.0,513750,港股通非银ETF广发,15321354002,15321354002,153.21354002
0.656,313089252.592,159928,消费ETF汇添富,15219612619,15219612619,152.19612619
8.468,280649592.0,518850,黄金ETF华夏,14773092465,14773092465,147.73092465
0.416,653081587.0,512690,酒ETF鹏华,14089150513,14089150513,140.89150513
1.254,504258862.574,159206,卫星ETF永赢,13978279654,13978279654,139.78279654
0.766,485096380.375,159870,化工ETF鹏华,13971921968,13971921968,139.71921968
2.568,244221382.0,513300,纳斯达克ETF华夏,13435572861,13435572861,134.35572861
1.155,290198798.0,563020,红利低波ETF易方达,13165740995,13165740995,131.65740995
1.98,89761605.6,159501,纳指ETF嘉实,13038273516,13038273516,130.38273516
0.685,162808799.0,520920,恒生科技ETF天弘,12904043064,12904043064,129.04043064
0.512,470063739.81,159636,港股通科技30ETF工银,12458240639,12458240639,124.58240639
1.581,276124939.0,513630,XD港股低波红利ETF摩根,12420903440,12420903440,124.2090344
0.627,827353639.0,515120,创新药ETF广发,12229630947,12229630947,122.29630947
1.531,364153241.0,515080,中证红利ETF招商,12217608107,12217608107,122.17608107
0.804,1169400138.0,512800,银行ETF华宝,12034175469,12034175469,120.34175469
0.593,699075509.0,513980,港股科技ETF景顺,11987616029,11987616029,119.87616029
1.095,1042680497.0,560780,半导体设备ETF广发,11913039360,11913039360,119.1303936
5.07,21951963406.0,513310,中韩半导体ETF华泰柏瑞,11896384931,11896384931,118.96384931
0.997,271172120.3,159841,证券ETF天弘,11789762812,11789762812,117.89762812
1.21,652149632.0,512760,芯片ETF国泰,11537889060,11537889060,115.3788906
2.33,243158947.785,159632,纳斯达克ETF华安,11367419389,11367419389,113.67419389
1.785,1110291201.0,517520,黄金股ETF永赢,11135551311,11135551311,111.35551311
1.054,1020846838.618,159611,电力ETF广发,11129357676,11129357676,111.29357676
1.827,663760725.0,588050,科创50ETF工银,10507517702,10507517702,105.07517702
1.046,288609158.603,159842,券商ETF银华,10230142153,10230142153,102.30142153
2.125,1206047269.985,159952,创业板ETF广发,10059718176,10059718176,100.59718176
2.223,190471106.04,159659,纳斯达克100ETF招商,10020714912,10020714912,100.20714912
1.214,531001856.0,563800,A500ETF广发,9792097428,9792097428,97.92097428
0.53,184702872.0,513380,恒生科技ETF广发,9758246029,9758246029,97.58246029
1.468,415068760.152,159920,恒生ETF华夏,9494376859,9494376859,94.94376859
2.902,1831721063.392,159845,中证1000ETF华夏,9490775091,9490775091,94.90775091
1.198,149572153.0,515070,人工智能ETF华夏,8839970618,8839970618,88.39970618
1.691,211710092.0,516650,有色金属ETF华夏,8817659923,8817659923,88.17659923
1.35,18790306.0,515330,沪深300ETF天弘,8759758003,8759758003,87.59758003
3.139,2138971942.0,588710,科创半导体设备ETF华泰柏瑞,8639454030,8639454030,86.3945403
3.056,954199606.684,159922,中证500ETF嘉实,8629156203,8629156203,86.29156203
