indicator_key,indicator,date,value,stock,source
enterprise_long_loan,企业中长期贷款,2024-01-01,,1024877.25,中国人民银行 中国:金融机构资金运用:各项贷款:境内贷款:企(事)业单位贷款:中长期贷款:人民币余额 via Wind API
enterprise_long_loan,企业中长期贷款,2024-02-01,,1037805.33,中国人民银行 中国:金融机构资金运用:各项贷款:境内贷款:企(事)业单位贷款:中长期贷款:人民币余额 via Wind API
enterprise_long_loan,企业中长期贷款,2024-03-01,,1053780.77,中国人民银行 中国:金融机构资金运用:各项贷款:境内贷款:企(事)业单位贷款:中长期贷款:人民币余额 via Wind API
enterprise_long_loan,企业中长期贷款,2024-04-01,,1057862.42,中国人民银行 中国:金融机构资金运用:各项贷款:境内贷款:企(事)业单位贷款:中长期贷款:人民币余额 via Wind API
enterprise_long_loan,企业中长期贷款,2024-05-01,,1062874.68,中国人民银行 中国:金融机构资金运用:各项贷款:境内贷款:企(事)业单位贷款:中长期贷款:人民币余额 via Wind API
enterprise_long_loan,企业中长期贷款,2024-06-01,,1072532.33,中国人民银行 中国:金融机构资金运用:各项贷款:境内贷款:企(事)业单位贷款:中长期贷款:人民币余额 via Wind API
enterprise_long_loan,企业中长期贷款,2024-07-01,,1073882.81,中国人民银行 中国:金融机构资金运用:各项贷款:境内贷款:企(事)业单位贷款:中长期贷款:人民币余额 via Wind API
enterprise_long_loan,企业中长期贷款,2024-08-01,,1078750.45,中国人民银行 中国:金融机构资金运用:各项贷款:境内贷款:企(事)业单位贷款:中长期贷款:人民币余额 via Wind API
enterprise_long_loan,企业中长期贷款,2024-09-01,,1088384.69,中国人民银行 中国:金融机构资金运用:各项贷款:境内贷款:企(事)业单位贷款:中长期贷款:人民币余额 via Wind API
enterprise_long_loan,企业中长期贷款,2024-10-01,,1090088.95,中国人民银行 中国:金融机构资金运用:各项贷款:境内贷款:企(事)业单位贷款:中长期贷款:人民币余额 via Wind API
enterprise_long_loan,企业中长期贷款,2024-11-01,,1092200.31,中国人民银行 中国:金融机构资金运用:各项贷款:境内贷款:企(事)业单位贷款:中长期贷款:人民币余额 via Wind API
enterprise_long_loan,企业中长期贷款,2024-12-01,,1092606.13,中国人民银行 中国:金融机构资金运用:各项贷款:境内贷款:企(事)业单位贷款:中长期贷款:人民币余额 via Wind API
enterprise_long_loan,企业中长期贷款,2025-01-01,,1127053.37,中国人民银行 中国:金融机构资金运用:各项贷款:境内贷款:企(事)业单位贷款:中长期贷款:人民币余额 via Wind API
enterprise_long_loan,企业中长期贷款,2025-02-01,,1132495.14,中国人民银行 中国:金融机构资金运用:各项贷款:境内贷款:企(事)业单位贷款:中长期贷款:人民币余额 via Wind API
enterprise_long_loan,企业中长期贷款,2025-03-01,,1148258.18,中国人民银行 中国:金融机构资金运用:各项贷款:境内贷款:企(事)业单位贷款:中长期贷款:人民币余额 via Wind API
enterprise_long_loan,企业中长期贷款,2025-04-01,,1150769.36,中国人民银行 中国:金融机构资金运用:各项贷款:境内贷款:企(事)业单位贷款:中长期贷款:人民币余额 via Wind API
enterprise_long_loan,企业中长期贷款,2025-05-01,,1154094.62,中国人民银行 中国:金融机构资金运用:各项贷款:境内贷款:企(事)业单位贷款:中长期贷款:人民币余额 via Wind API
enterprise_long_loan,企业中长期贷款,2025-06-01,,1164151.11,中国人民银行 中国:金融机构资金运用:各项贷款:境内贷款:企(事)业单位贷款:中长期贷款:人民币余额 via Wind API
enterprise_long_loan,企业中长期贷款,2025-07-01,,1161587.78,中国人民银行 中国:金融机构资金运用:各项贷款:境内贷款:企(事)业单位贷款:中长期贷款:人民币余额 via Wind API
enterprise_long_loan,企业中长期贷款,2025-08-01,,1166313.35,中国人民银行 中国:金融机构资金运用:各项贷款:境内贷款:企(事)业单位贷款:中长期贷款:人民币余额 via Wind API
enterprise_long_loan,企业中长期贷款,2025-09-01,,1175345.98,中国人民银行 中国:金融机构资金运用:各项贷款:境内贷款:企(事)业单位贷款:中长期贷款:人民币余额 via Wind API
enterprise_long_loan,企业中长期贷款,2025-10-01,,1175695.34,中国人民银行 中国:金融机构资金运用:各项贷款:境内贷款:企(事)业单位贷款:中长期贷款:人民币余额 via Wind API
enterprise_long_loan,企业中长期贷款,2025-11-01,,1177336.75,中国人民银行 中国:金融机构资金运用:各项贷款:境内贷款:企(事)业单位贷款:中长期贷款:人民币余额 via Wind API
enterprise_long_loan,企业中长期贷款,2025-12-01,,1180722.19,中国人民银行 中国:金融机构资金运用:各项贷款:境内贷款:企(事)业单位贷款:中长期贷款:人民币余额 via Wind API
enterprise_long_loan,企业中长期贷款,2026-01-01,,1212479.51,中国人民银行 中国:金融机构资金运用:各项贷款:境内贷款:企(事)业单位贷款:中长期贷款:人民币余额 via Wind API
enterprise_long_loan,企业中长期贷款,2026-02-01,,1221437.1,中国人民银行 中国:金融机构资金运用:各项贷款:境内贷款:企(事)业单位贷款:中长期贷款:人民币余额 via Wind API
enterprise_long_loan,企业中长期贷款,2026-03-01,,1234939.81,中国人民银行 中国:金融机构资金运用:各项贷款:境内贷款:企(事)业单位贷款:中长期贷款:人民币余额 via Wind API
enterprise_long_loan,企业中长期贷款,2026-04-01,,1230851.93,中国人民银行 中国:金融机构资金运用:各项贷款:境内贷款:企(事)业单位贷款:中长期贷款:人民币余额 via Wind API
enterprise_long_loan,企业中长期贷款,2026-05-01,,1230657.81,中国人民银行 中国:金融机构资金运用:各项贷款:境内贷款:企(事)业单位贷款:中长期贷款:人民币余额 via Wind API
enterprise_long_loan,企业中长期贷款,2026-06-01,,1236180.78,中国人民银行 中国:金融机构资金运用:各项贷款:境内贷款:企(事)业单位贷款:中长期贷款:人民币余额 via Wind API
social_financing,社融,2024-01-01,9.5,,中国人民银行 中国:社会融资规模存量:同比 via Wind API
social_financing,社融,2024-02-01,9.0,,中国人民银行 中国:社会融资规模存量:同比 via Wind API
social_financing,社融,2024-03-01,8.7,,中国人民银行 中国:社会融资规模存量:同比 via Wind API
social_financing,社融,2024-04-01,8.3,,中国人民银行 中国:社会融资规模存量:同比 via Wind API
social_financing,社融,2024-05-01,8.4,,中国人民银行 中国:社会融资规模存量:同比 via Wind API
social_financing,社融,2024-06-01,8.1,,中国人民银行 中国:社会融资规模存量:同比 via Wind API
social_financing,社融,2024-07-01,8.2,,中国人民银行 中国:社会融资规模存量:同比 via Wind API
social_financing,社融,2024-08-01,8.1,,中国人民银行 中国:社会融资规模存量:同比 via Wind API
social_financing,社融,2024-09-01,8.0,,中国人民银行 中国:社会融资规模存量:同比 via Wind API
social_financing,社融,2024-10-01,7.8,,中国人民银行 中国:社会融资规模存量:同比 via Wind API
social_financing,社融,2024-11-01,7.8,,中国人民银行 中国:社会融资规模存量:同比 via Wind API
social_financing,社融,2024-12-01,8.0,,中国人民银行 中国:社会融资规模存量:同比 via Wind API
social_financing,社融,2025-01-01,8.0,,中国人民银行 中国:社会融资规模存量:同比 via Wind API
social_financing,社融,2025-02-01,8.2,,中国人民银行 中国:社会融资规模存量:同比 via Wind API
social_financing,社融,2025-03-01,8.4,,中国人民银行 中国:社会融资规模存量:同比 via Wind API
social_financing,社融,2025-04-01,8.7,,中国人民银行 中国:社会融资规模存量:同比 via Wind API
social_financing,社融,2025-05-01,8.7,,中国人民银行 中国:社会融资规模存量:同比 via Wind API
social_financing,社融,2025-06-01,8.9,,中国人民银行 中国:社会融资规模存量:同比 via Wind API
social_financing,社融,2025-07-01,9.0,,中国人民银行 中国:社会融资规模存量:同比 via Wind API
social_financing,社融,2025-08-01,8.8,,中国人民银行 中国:社会融资规模存量:同比 via Wind API
social_financing,社融,2025-09-01,8.7,,中国人民银行 中国:社会融资规模存量:同比 via Wind API
social_financing,社融,2025-10-01,8.5,,中国人民银行 中国:社会融资规模存量:同比 via Wind API
social_financing,社融,2025-11-01,8.5,,中国人民银行 中国:社会融资规模存量:同比 via Wind API
social_financing,社融,2025-12-01,8.3,,中国人民银行 中国:社会融资规模存量:同比 via Wind API
social_financing,社融,2026-01-01,8.2,,中国人民银行 中国:社会融资规模存量:同比 via Wind API
social_financing,社融,2026-02-01,8.2,,中国人民银行 中国:社会融资规模存量:同比 via Wind API
social_financing,社融,2026-03-01,7.9,,中国人民银行 中国:社会融资规模存量:同比 via Wind API
social_financing,社融,2026-04-01,7.8,,中国人民银行 中国:社会融资规模存量:同比 via Wind API
social_financing,社融,2026-05-01,7.7,,中国人民银行 中国:社会融资规模存量:同比 via Wind API
social_financing,社融,2026-06-01,7.4,,中国人民银行 中国:社会融资规模存量:同比 via Wind API
